VIAVI Solutions,JD785B,PLM21190,3.110.023

<Mode>
Spectrum / OTA Route Map
 
Latitude:,37'33"5.06N
Longitude:,126'59"24.90E
Time:,2025-10-21 15:41:32 
 
<Setup>
Center Frequency:,765.000000,MHz
Span:,20.000000,MHz
Start Frequency:,755.000000,MHz
Stop Frequency:,775.000000,MHz
Channel :,5350 FWD
Channel Standard :,Band Global
Preamp:,Off
Attenuation:,15,dB
External Offset:,On,0.000000,dB
Freq Reference:,GPS
Trigger Source:,Internal
Trigger:,Free Run
Mode:,Sweep
Detector:,RMS
RBW [A]:,100 kHz
VBW [A]:,100 kHz
Sweep Time:,10.73 ms
Average:,1
 
Number,RSSI,,Lower,,Upper,,ACP,Latitude,,,,Longitude,,,,Time
0,-61.04,dBm,-24.79,dBm,-43.85,dB,40.54,dB,N,37,33,8.029380,E,126,59,14.564376,2025-10-21-15:32:41
Number,RSSI,,Lower,,Upper,,ACP,Latitude,,,,Longitude,,,,Time
1,-54.36,dBm,-19.39,dBm,-38.45,dB,42.02,dB,N,37,33,7.539331,E,126,59,14.332664,2025-10-21-15:33:20
Number,RSSI,,Lower,,Upper,,ACP,Latitude,,,,Longitude,,,,Time
2,-58.17,dBm,-24.56,dBm,-43.62,dB,35.06,dB,N,37,33,7.049284,E,126,59,14.409901,2025-10-21-15:33:47
Number,RSSI,,Lower,,Upper,,ACP,Latitude,,,,Longitude,,,,Time
3,-51.09,dBm,-10.98,dBm,-30.04,dB,42.57,dB,N,37,33,7.110539,E,126,59,15.027799,2025-10-21-15:34:12
Number,RSSI,,Lower,,Upper,,ACP,Latitude,,,,Longitude,,,,Time
4,-63.52,dBm,-20.48,dBm,-39.54,dB,35.55,dB,N,37,33,6.620492,E,126,59,15.568460,2025-10-21-15:34:40
Number,RSSI,,Lower,,Upper,,ACP,Latitude,,,,Longitude,,,,Time
5,-61.53,dBm,-21.79,dBm,-40.86,dB,33.58,dB,N,37,33,6.130444,E,126,59,15.877408,2025-10-21-15:34:58
Number,RSSI,,Lower,,Upper,,ACP,Latitude,,,,Longitude,,,,Time
6,-73.92,dBm,-23.28,dBm,-42.34,dB,35.20,dB,N,37,33,6.497980,E,126,59,16.495306,2025-10-21-15:35:47
Number,RSSI,,Lower,,Upper,,ACP,Latitude,,,,Longitude,,,,Time
7,-68.89,dBm,-20.61,dBm,-39.67,dB,37.56,dB,N,37,33,6.007931,E,126,59,16.495306,2025-10-21-15:36:14
Number,RSSI,,Lower,,Upper,,ACP,Latitude,,,,Longitude,,,,Time
8,-67.23,dBm,-22.84,dBm,-41.90,dB,35.27,dB,N,37,33,5.824163,E,126,59,17.113203,2025-10-21-15:36:42
Number,RSSI,,Lower,,Upper,,ACP,Latitude,,,,Longitude,,,,Time
9,-47.43,dBm,-13.63,dBm,-32.69,dB,41.60,dB,N,37,33,6.191700,E,126,59,17.731102,2025-10-21-15:37:3
Number,RSSI,,Lower,,Upper,,ACP,Latitude,,,,Longitude,,,,Time
10,-65.98,dBm,-27.63,dBm,-46.69,dB,37.00,dB,N,37,33,6.069187,E,126,59,18.348999,2025-10-21-15:37:39
Number,RSSI,,Lower,,Upper,,ACP,Latitude,,,,Longitude,,,,Time
11,-61.23,dBm,-27.81,dBm,-46.87,dB,33.12,dB,N,37,33,6.375467,E,126,59,18.966896,2025-10-21-15:38:1
Number,RSSI,,Lower,,Upper,,ACP,Latitude,,,,Longitude,,,,Time
12,-56.18,dBm,-21.85,dBm,-40.91,dB,44.74,dB,N,37,33,6.191700,E,126,59,19.584795,2025-10-21-15:38:18
Number,RSSI,,Lower,,Upper,,ACP,Latitude,,,,Longitude,,,,Time
13,-55.10,dBm,-21.38,dBm,-40.44,dB,38.43,dB,N,37,33,5.946675,E,126,59,20.202692,2025-10-21-15:38:35
Number,RSSI,,Lower,,Upper,,ACP,Latitude,,,,Longitude,,,,Time
14,-53.01,dBm,-20.57,dBm,-39.63,dB,41.54,dB,N,37,33,5.762908,E,126,59,20.820589,2025-10-21-15:38:55
Number,RSSI,,Lower,,Upper,,ACP,Latitude,,,,Longitude,,,,Time
15,-71.17,dBm,-34.65,dBm,-53.71,dB,22.67,dB,N,37,33,5.579139,E,126,59,21.438488,2025-10-21-15:39:14
Number,RSSI,,Lower,,Upper,,ACP,Latitude,,,,Longitude,,,,Time
16,-59.44,dBm,-23.59,dBm,-42.65,dB,34.69,dB,N,37,33,5.456627,E,126,59,22.056385,2025-10-21-15:39:33
Number,RSSI,,Lower,,Upper,,ACP,Latitude,,,,Longitude,,,,Time
17,-75.72,dBm,-31.70,dBm,-50.76,dB,22.92,dB,N,37,33,5.334116,E,126,59,22.674284,2025-10-21-15:39:54
Number,RSSI,,Lower,,Upper,,ACP,Latitude,,,,Longitude,,,,Time
18,-69.82,dBm,-33.89,dBm,-52.95,dB,28.75,dB,N,37,33,5.272859,E,126,59,23.292181,2025-10-21-15:40:17
Number,RSSI,,Lower,,Upper,,ACP,Latitude,,,,Longitude,,,,Time
19,-64.71,dBm,-33.01,dBm,-52.07,dB,25.58,dB,N,37,33,5.211603,E,126,59,23.910078,2025-10-21-15:40:32
Number,RSSI,,Lower,,Upper,,ACP,Latitude,,,,Longitude,,,,Time
20,-71.51,dBm,-34.83,dBm,-53.89,dB,29.56,dB,N,37,33,5.211603,E,126,59,24.527977,2025-10-21-15:40:48
Number,RSSI,,Lower,,Upper,,ACP,Latitude,,,,Longitude,,,,Time
21,-80.07,dBm,-36.05,dBm,-55.11,dB,27.62,dB,N,37,33,5.089091,E,126,59,25.145874,2025-10-21-15:41:3
