VIAVI Solutions,JD785B,PLM21190,3.110.023

<Mode>
Spectrum / OTA Route Map
 
Latitude:,37'32"49.69N
Longitude:,126'58"55.07E
Time:,2025-10-22 14:38:04 
 
<Setup>
Center Frequency:,765.000000,MHz
Span:,20.000000,MHz
Start Frequency:,755.000000,MHz
Stop Frequency:,775.000000,MHz
Channel :,5350 FWD
Channel Standard :,Band Global
Preamp:,Off
Attenuation:,15,dB
External Offset:,On,0.000000,dB
Freq Reference:,GPS
Trigger Source:,Internal
Trigger:,Free Run
Mode:,Sweep
Detector:,RMS
RBW [A]:,100 kHz
VBW [A]:,100 kHz
Sweep Time:,10.73 ms
Average:,1
 
Number,RSSI,,Lower,,Upper,,ACP,Latitude,,,,Longitude,,,,Time
0,-79.63,dBm,-41.45,dBm,28.67,dB,17.55,dB,N,37,32,29.009302,E,126,56,0.467252,2025-10-22-14:19:29
Number,RSSI,,Lower,,Upper,,ACP,Latitude,,,,Longitude,,,,Time
1,-86.12,dBm,-42.29,dBm,32.20,dB,24.61,dB,N,37,32,28.886791,E,126,56,1.239624,2025-10-22-14:19:30
Number,RSSI,,Lower,,Upper,,ACP,Latitude,,,,Longitude,,,,Time
2,-85.14,dBm,-46.88,dBm,22.89,dB,17.04,dB,N,37,32,28.764278,E,126,56,2.089233,2025-10-22-14:19:31
Number,RSSI,,Lower,,Upper,,ACP,Latitude,,,,Longitude,,,,Time
3,-78.49,dBm,-51.06,dBm,23.12,dB,23.42,dB,N,37,32,28.703024,E,126,56,3.016080,2025-10-22-14:19:32
Number,RSSI,,Lower,,Upper,,ACP,Latitude,,,,Longitude,,,,Time
4,-84.86,dBm,-51.19,dBm,22.05,dB,24.19,dB,N,37,32,28.641768,E,126,56,3.942927,2025-10-22-14:19:33
Number,RSSI,,Lower,,Upper,,ACP,Latitude,,,,Longitude,,,,Time
5,-84.62,dBm,-49.40,dBm,23.80,dB,23.33,dB,N,37,32,28.641768,E,126,56,4.869773,2025-10-22-14:19:34
Number,RSSI,,Lower,,Upper,,ACP,Latitude,,,,Longitude,,,,Time
6,-84.35,dBm,-50.18,dBm,25.00,dB,20.74,dB,N,37,32,28.641768,E,126,56,5.796620,2025-10-22-14:19:35
Number,RSSI,,Lower,,Upper,,ACP,Latitude,,,,Longitude,,,,Time
7,-79.12,dBm,-47.08,dBm,37.63,dB,31.95,dB,N,37,32,28.641768,E,126,56,6.646229,2025-10-22-14:19:36
Number,RSSI,,Lower,,Upper,,ACP,Latitude,,,,Longitude,,,,Time
8,-78.60,dBm,-49.60,dBm,25.15,dB,23.29,dB,N,37,32,28.641768,E,126,56,7.495839,2025-10-22-14:19:37
Number,RSSI,,Lower,,Upper,,ACP,Latitude,,,,Longitude,,,,Time
9,-81.69,dBm,-48.52,dBm,24.91,dB,25.29,dB,N,37,32,28.580511,E,126,56,8.422685,2025-10-22-14:19:38
Number,RSSI,,Lower,,Upper,,ACP,Latitude,,,,Longitude,,,,Time
10,-94.36,dBm,-49.51,dBm,28.13,dB,24.42,dB,N,37,32,28.519255,E,126,56,9.195057,2025-10-22-14:19:39
Number,RSSI,,Lower,,Upper,,ACP,Latitude,,,,Longitude,,,,Time
11,-80.56,dBm,-50.17,dBm,24.08,dB,24.51,dB,N,37,32,28.457998,E,126,56,10.044666,2025-10-22-14:19:40
Number,RSSI,,Lower,,Upper,,ACP,Latitude,,,,Longitude,,,,Time
12,-83.88,dBm,-48.26,dBm,22.43,dB,25.16,dB,N,37,32,28.335487,E,126,56,10.894276,2025-10-22-14:19:41
Number,RSSI,,Lower,,Upper,,ACP,Latitude,,,,Longitude,,,,Time
13,-78.88,dBm,-48.41,dBm,31.52,dB,29.43,dB,N,37,32,28.212975,E,126,56,11.666648,2025-10-22-14:19:42
Number,RSSI,,Lower,,Upper,,ACP,Latitude,,,,Longitude,,,,Time
14,-76.47,dBm,-47.36,dBm,24.86,dB,28.13,dB,N,37,32,28.029207,E,126,56,12.439020,2025-10-22-14:19:43
Number,RSSI,,Lower,,Upper,,ACP,Latitude,,,,Longitude,,,,Time
15,-90.91,dBm,-46.55,dBm,26.27,dB,27.19,dB,N,37,32,27.784184,E,126,56,13.211392,2025-10-22-14:19:44
Number,RSSI,,Lower,,Upper,,ACP,Latitude,,,,Longitude,,,,Time
16,-82.94,dBm,-50.63,dBm,28.20,dB,30.56,dB,N,37,32,27.539160,E,126,56,13.983765,2025-10-22-14:19:45
Number,RSSI,,Lower,,Upper,,ACP,Latitude,,,,Longitude,,,,Time
17,-82.36,dBm,-48.04,dBm,23.61,dB,33.74,dB,N,37,32,27.294134,E,126,56,14.678900,2025-10-22-14:19:46
Number,RSSI,,Lower,,Upper,,ACP,Latitude,,,,Longitude,,,,Time
18,-85.31,dBm,-48.31,dBm,23.51,dB,29.81,dB,N,37,32,26.987854,E,126,56,15.451272,2025-10-22-14:19:47
Number,RSSI,,Lower,,Upper,,ACP,Latitude,,,,Longitude,,,,Time
19,-78.38,dBm,-49.80,dBm,30.11,dB,25.75,dB,N,37,32,26.681574,E,126,56,16.146406,2025-10-22-14:19:48
Number,RSSI,,Lower,,Upper,,ACP,Latitude,,,,Longitude,,,,Time
20,-83.22,dBm,-48.75,dBm,26.79,dB,29.19,dB,N,37,32,26.314039,E,126,56,16.764305,2025-10-22-14:19:49
Number,RSSI,,Lower,,Upper,,ACP,Latitude,,,,Longitude,,,,Time
21,-80.77,dBm,-50.11,dBm,18.45,dB,27.87,dB,N,37,32,25.946503,E,126,56,17.459440,2025-10-22-14:19:50
Number,RSSI,,Lower,,Upper,,ACP,Latitude,,,,Longitude,,,,Time
22,-87.64,dBm,-50.37,dBm,28.33,dB,20.64,dB,N,37,32,25.578966,E,126,56,18.077337,2025-10-22-14:19:51
Number,RSSI,,Lower,,Upper,,ACP,Latitude,,,,Longitude,,,,Time
23,-85.92,dBm,-51.83,dBm,22.22,dB,23.59,dB,N,37,32,24.721382,E,126,56,19.235895,2025-10-22-14:19:53
Number,RSSI,,Lower,,Upper,,ACP,Latitude,,,,Longitude,,,,Time
24,-82.60,dBm,-46.67,dBm,23.48,dB,21.83,dB,N,37,32,23.863798,E,126,56,20.239979,2025-10-22-14:19:55
Number,RSSI,,Lower,,Upper,,ACP,Latitude,,,,Longitude,,,,Time
25,-82.71,dBm,-49.65,dBm,27.31,dB,18.27,dB,N,37,32,23.373751,E,126,56,20.703402,2025-10-22-14:19:56
Number,RSSI,,Lower,,Upper,,ACP,Latitude,,,,Longitude,,,,Time
26,-85.42,dBm,-46.92,dBm,19.75,dB,24.16,dB,N,37,32,22.516167,E,126,56,21.475775,2025-10-22-14:19:58
Number,RSSI,,Lower,,Upper,,ACP,Latitude,,,,Longitude,,,,Time
27,-82.88,dBm,-47.23,dBm,22.27,dB,31.37,dB,N,37,32,21.658583,E,126,56,22.093672,2025-10-22-14:20:0
Number,RSSI,,Lower,,Upper,,ACP,Latitude,,,,Longitude,,,,Time
28,-79.89,dBm,-51.45,dBm,21.95,dB,27.20,dB,N,37,32,20.862253,E,126,56,22.711571,2025-10-22-14:20:2
Number,RSSI,,Lower,,Upper,,ACP,Latitude,,,,Longitude,,,,Time
29,-82.74,dBm,-51.79,dBm,25.29,dB,27.52,dB,N,37,32,20.004669,E,126,56,23.329468,2025-10-22-14:20:4
Number,RSSI,,Lower,,Upper,,ACP,Latitude,,,,Longitude,,,,Time
30,-82.56,dBm,-52.63,dBm,22.26,dB,28.33,dB,N,37,32,19.208342,E,126,56,23.947365,2025-10-22-14:20:6
Number,RSSI,,Lower,,Upper,,ACP,Latitude,,,,Longitude,,,,Time
31,-78.70,dBm,-48.58,dBm,21.86,dB,26.32,dB,N,37,32,18.718294,E,126,56,24.256315,2025-10-22-14:20:7
Number,RSSI,,Lower,,Upper,,ACP,Latitude,,,,Longitude,,,,Time
32,-84.77,dBm,-49.40,dBm,28.98,dB,23.03,dB,N,37,32,18.228247,E,126,56,24.642500,2025-10-22-14:20:8
Number,RSSI,,Lower,,Upper,,ACP,Latitude,,,,Longitude,,,,Time
33,-86.76,dBm,-49.31,dBm,25.22,dB,26.63,dB,N,37,32,17.676941,E,126,56,24.951448,2025-10-22-14:20:9
Number,RSSI,,Lower,,Upper,,ACP,Latitude,,,,Longitude,,,,Time
34,-97.99,dBm,-52.17,dBm,26.01,dB,28.10,dB,N,37,32,17.125637,E,126,56,25.337635,2025-10-22-14:20:10
Number,RSSI,,Lower,,Upper,,ACP,Latitude,,,,Longitude,,,,Time
35,-85.15,dBm,-51.56,dBm,38.70,dB,18.81,dB,N,37,32,16.635590,E,126,56,25.723822,2025-10-22-14:20:11
Number,RSSI,,Lower,,Upper,,ACP,Latitude,,,,Longitude,,,,Time
36,-81.35,dBm,-52.50,dBm,27.61,dB,21.53,dB,N,37,32,16.084286,E,126,56,26.110008,2025-10-22-14:20:12
Number,RSSI,,Lower,,Upper,,ACP,Latitude,,,,Longitude,,,,Time
37,-81.08,dBm,-50.69,dBm,25.35,dB,23.24,dB,N,37,32,15.594237,E,126,56,26.418957,2025-10-22-14:20:13
Number,RSSI,,Lower,,Upper,,ACP,Latitude,,,,Longitude,,,,Time
38,-84.45,dBm,-53.23,dBm,27.07,dB,30.73,dB,N,37,32,15.104190,E,126,56,26.805143,2025-10-22-14:20:14
Number,RSSI,,Lower,,Upper,,ACP,Latitude,,,,Longitude,,,,Time
39,-86.57,dBm,-52.99,dBm,31.13,dB,33.12,dB,N,37,32,14.614141,E,126,56,27.191328,2025-10-22-14:20:15
Number,RSSI,,Lower,,Upper,,ACP,Latitude,,,,Longitude,,,,Time
40,-81.80,dBm,-53.42,dBm,24.54,dB,24.87,dB,N,37,32,14.062838,E,126,56,27.500277,2025-10-22-14:20:16
Number,RSSI,,Lower,,Upper,,ACP,Latitude,,,,Longitude,,,,Time
41,-82.71,dBm,-49.70,dBm,23.56,dB,25.76,dB,N,37,32,13.572789,E,126,56,27.886463,2025-10-22-14:20:17
Number,RSSI,,Lower,,Upper,,ACP,Latitude,,,,Longitude,,,,Time
42,-76.06,dBm,-47.98,dBm,21.27,dB,23.78,dB,N,37,32,13.082741,E,126,56,28.272650,2025-10-22-14:20:18
Number,RSSI,,Lower,,Upper,,ACP,Latitude,,,,Longitude,,,,Time
43,-76.06,dBm,-49.61,dBm,31.71,dB,25.25,dB,N,37,32,12.531437,E,126,56,28.581598,2025-10-22-14:20:19
Number,RSSI,,Lower,,Upper,,ACP,Latitude,,,,Longitude,,,,Time
44,-74.51,dBm,-50.13,dBm,21.26,dB,26.64,dB,N,37,32,11.551341,E,126,56,29.353971,2025-10-22-14:20:21
Number,RSSI,,Lower,,Upper,,ACP,Latitude,,,,Longitude,,,,Time
45,-83.17,dBm,-51.54,dBm,27.03,dB,22.94,dB,N,37,32,11.061293,E,126,56,29.740156,2025-10-22-14:20:22
Number,RSSI,,Lower,,Upper,,ACP,Latitude,,,,Longitude,,,,Time
46,-79.69,dBm,-47.84,dBm,33.03,dB,20.98,dB,N,37,32,10.571245,E,126,56,30.049105,2025-10-22-14:20:23
Number,RSSI,,Lower,,Upper,,ACP,Latitude,,,,Longitude,,,,Time
47,-85.36,dBm,-52.61,dBm,34.87,dB,25.69,dB,N,37,32,10.081197,E,126,56,30.435291,2025-10-22-14:20:24
Number,RSSI,,Lower,,Upper,,ACP,Latitude,,,,Longitude,,,,Time
48,-75.93,dBm,-49.98,dBm,23.38,dB,33.38,dB,N,37,32,9.591148,E,126,56,30.744240,2025-10-22-14:20:25
Number,RSSI,,Lower,,Upper,,ACP,Latitude,,,,Longitude,,,,Time
49,-79.04,dBm,-51.41,dBm,25.98,dB,24.86,dB,N,37,32,9.101101,E,126,56,31.130426,2025-10-22-14:20:26
Number,RSSI,,Lower,,Upper,,ACP,Latitude,,,,Longitude,,,,Time
50,-83.62,dBm,-53.93,dBm,32.57,dB,21.30,dB,N,37,32,8.243517,E,126,56,31.748323,2025-10-22-14:20:28
Number,RSSI,,Lower,,Upper,,ACP,Latitude,,,,Longitude,,,,Time
51,-81.47,dBm,-49.73,dBm,25.27,dB,28.17,dB,N,37,32,7.753469,E,126,56,32.134510,2025-10-22-14:20:29
Number,RSSI,,Lower,,Upper,,ACP,Latitude,,,,Longitude,,,,Time
52,-72.71,dBm,-44.19,dBm,25.59,dB,24.73,dB,N,37,32,6.895885,E,126,56,32.829647,2025-10-22-14:20:31
Number,RSSI,,Lower,,Upper,,ACP,Latitude,,,,Longitude,,,,Time
53,-80.20,dBm,-46.49,dBm,18.64,dB,31.82,dB,N,37,32,6.099556,E,126,56,33.602016,2025-10-22-14:20:33
Number,RSSI,,Lower,,Upper,,ACP,Latitude,,,,Longitude,,,,Time
54,-79.58,dBm,-47.99,dBm,22.48,dB,32.85,dB,N,37,32,5.364484,E,126,56,34.528866,2025-10-22-14:20:35
Number,RSSI,,Lower,,Upper,,ACP,Latitude,,,,Longitude,,,,Time
55,-85.02,dBm,-51.84,dBm,27.19,dB,22.39,dB,N,37,32,4.629412,E,126,56,35.455711,2025-10-22-14:20:37
Number,RSSI,,Lower,,Upper,,ACP,Latitude,,,,Longitude,,,,Time
56,-79.14,dBm,-49.06,dBm,40.86,dB,27.01,dB,N,37,32,3.955596,E,126,56,36.459793,2025-10-22-14:20:39
Number,RSSI,,Lower,,Upper,,ACP,Latitude,,,,Longitude,,,,Time
57,-87.34,dBm,-52.52,dBm,26.73,dB,24.71,dB,N,37,32,3.404292,E,126,56,37.618351,2025-10-22-14:20:41
Number,RSSI,,Lower,,Upper,,ACP,Latitude,,,,Longitude,,,,Time
58,-83.13,dBm,-53.09,dBm,14.36,dB,22.84,dB,N,37,32,2.852988,E,126,56,38.776913,2025-10-22-14:20:43
Number,RSSI,,Lower,,Upper,,ACP,Latitude,,,,Longitude,,,,Time
59,-77.77,dBm,-51.63,dBm,26.14,dB,31.86,dB,N,37,32,2.607964,E,126,56,39.472046,2025-10-22-14:20:44
Number,RSSI,,Lower,,Upper,,ACP,Latitude,,,,Longitude,,,,Time
60,-85.17,dBm,-49.28,dBm,30.96,dB,24.22,dB,N,37,32,2.362940,E,126,56,40.089943,2025-10-22-14:20:45
Number,RSSI,,Lower,,Upper,,ACP,Latitude,,,,Longitude,,,,Time
61,-79.66,dBm,-51.59,dBm,34.41,dB,24.12,dB,N,37,32,2.179172,E,126,56,40.785080,2025-10-22-14:20:46
Number,RSSI,,Lower,,Upper,,ACP,Latitude,,,,Longitude,,,,Time
62,-82.10,dBm,-50.89,dBm,25.24,dB,19.52,dB,N,37,32,1.995404,E,126,56,41.480213,2025-10-22-14:20:47
Number,RSSI,,Lower,,Upper,,ACP,Latitude,,,,Longitude,,,,Time
63,-82.47,dBm,-50.46,dBm,28.02,dB,23.93,dB,N,37,32,1.872892,E,126,56,42.098110,2025-10-22-14:20:48
Number,RSSI,,Lower,,Upper,,ACP,Latitude,,,,Longitude,,,,Time
64,-80.56,dBm,-51.26,dBm,28.64,dB,30.58,dB,N,37,32,1.750380,E,126,56,42.793247,2025-10-22-14:20:49
Number,RSSI,,Lower,,Upper,,ACP,Latitude,,,,Longitude,,,,Time
65,-82.63,dBm,-51.09,dBm,31.03,dB,19.06,dB,N,37,32,1.566612,E,126,56,43.488380,2025-10-22-14:20:50
Number,RSSI,,Lower,,Upper,,ACP,Latitude,,,,Longitude,,,,Time
66,-78.42,dBm,-49.69,dBm,28.73,dB,30.44,dB,N,37,32,1.505356,E,126,56,44.106277,2025-10-22-14:20:51
Number,RSSI,,Lower,,Upper,,ACP,Latitude,,,,Longitude,,,,Time
67,-88.76,dBm,-50.49,dBm,23.01,dB,31.88,dB,N,37,32,1.382844,E,126,56,44.801414,2025-10-22-14:20:52
Number,RSSI,,Lower,,Upper,,ACP,Latitude,,,,Longitude,,,,Time
68,-75.85,dBm,-49.10,dBm,23.00,dB,27.85,dB,N,37,32,1.260332,E,126,56,45.419312,2025-10-22-14:20:53
Number,RSSI,,Lower,,Upper,,ACP,Latitude,,,,Longitude,,,,Time
69,-83.96,dBm,-49.15,dBm,24.15,dB,31.19,dB,N,37,32,1.076564,E,126,56,46.037209,2025-10-22-14:20:54
Number,RSSI,,Lower,,Upper,,ACP,Latitude,,,,Longitude,,,,Time
70,-78.40,dBm,-45.52,dBm,29.03,dB,34.92,dB,N,37,32,0.831540,E,126,56,47.195766,2025-10-22-14:20:56
Number,RSSI,,Lower,,Upper,,ACP,Latitude,,,,Longitude,,,,Time
71,-78.24,dBm,-49.56,dBm,29.01,dB,27.44,dB,N,37,32,0.464004,E,126,56,48.277088,2025-10-22-14:20:58
Number,RSSI,,Lower,,Upper,,ACP,Latitude,,,,Longitude,,,,Time
72,-82.49,dBm,-51.90,dBm,29.67,dB,26.07,dB,N,37,32,0.096468,E,126,56,49.358410,2025-10-22-14:21:0
Number,RSSI,,Lower,,Upper,,ACP,Latitude,,,,Longitude,,,,Time
73,-79.07,dBm,-46.54,dBm,29.41,dB,25.03,dB,N,37,31,59.606419,E,126,56,50.439732,2025-10-22-14:21:2
Number,RSSI,,Lower,,Upper,,ACP,Latitude,,,,Longitude,,,,Time
74,-74.01,dBm,-51.00,dBm,27.77,dB,26.34,dB,N,37,31,59.116371,E,126,56,51.366577,2025-10-22-14:21:4
Number,RSSI,,Lower,,Upper,,ACP,Latitude,,,,Longitude,,,,Time
75,-81.41,dBm,-46.86,dBm,23.72,dB,29.53,dB,N,37,31,58.565067,E,126,56,52.293423,2025-10-22-14:21:6
Number,RSSI,,Lower,,Upper,,ACP,Latitude,,,,Longitude,,,,Time
76,-82.08,dBm,-50.72,dBm,30.56,dB,27.06,dB,N,37,31,58.013763,E,126,56,53.143032,2025-10-22-14:21:8
Number,RSSI,,Lower,,Upper,,ACP,Latitude,,,,Longitude,,,,Time
77,-86.28,dBm,-52.68,dBm,30.82,dB,27.98,dB,N,37,31,57.401203,E,126,56,53.915405,2025-10-22-14:21:10
Number,RSSI,,Lower,,Upper,,ACP,Latitude,,,,Longitude,,,,Time
78,-78.03,dBm,-51.19,dBm,28.59,dB,27.14,dB,N,37,31,56.727386,E,126,56,54.765015,2025-10-22-14:21:12
Number,RSSI,,Lower,,Upper,,ACP,Latitude,,,,Longitude,,,,Time
79,-87.81,dBm,-51.60,dBm,27.07,dB,21.20,dB,N,37,31,55.992313,E,126,56,55.537388,2025-10-22-14:21:14
Number,RSSI,,Lower,,Upper,,ACP,Latitude,,,,Longitude,,,,Time
80,-83.39,dBm,-50.33,dBm,23.62,dB,24.04,dB,N,37,31,55.195988,E,126,56,56.464233,2025-10-22-14:21:16
Number,RSSI,,Lower,,Upper,,ACP,Latitude,,,,Longitude,,,,Time
81,-85.97,dBm,-49.37,dBm,27.51,dB,25.39,dB,N,37,31,54.338402,E,126,56,57.391079,2025-10-22-14:21:18
Number,RSSI,,Lower,,Upper,,ACP,Latitude,,,,Longitude,,,,Time
82,-82.44,dBm,-50.07,dBm,23.29,dB,27.98,dB,N,37,31,53.542076,E,126,56,58.317928,2025-10-22-14:21:20
Number,RSSI,,Lower,,Upper,,ACP,Latitude,,,,Longitude,,,,Time
83,-79.19,dBm,-50.29,dBm,26.78,dB,27.28,dB,N,37,31,52.684490,E,126,56,59.322010,2025-10-22-14:21:22
Number,RSSI,,Lower,,Upper,,ACP,Latitude,,,,Longitude,,,,Time
84,-86.67,dBm,-52.67,dBm,24.69,dB,32.60,dB,N,37,31,51.765652,E,126,57,0.326094,2025-10-22-14:21:24
Number,RSSI,,Lower,,Upper,,ACP,Latitude,,,,Longitude,,,,Time
85,-85.21,dBm,-49.23,dBm,26.14,dB,23.13,dB,N,37,31,50.908066,E,126,57,1.252941,2025-10-22-14:21:26
Number,RSSI,,Lower,,Upper,,ACP,Latitude,,,,Longitude,,,,Time
86,-79.71,dBm,-44.64,dBm,32.82,dB,17.62,dB,N,37,31,49.989227,E,126,57,2.257025,2025-10-22-14:21:28
Number,RSSI,,Lower,,Upper,,ACP,Latitude,,,,Longitude,,,,Time
87,-80.46,dBm,-44.45,dBm,31.46,dB,25.24,dB,N,37,31,49.131641,E,126,57,3.183871,2025-10-22-14:21:30
Number,RSSI,,Lower,,Upper,,ACP,Latitude,,,,Longitude,,,,Time
88,-84.78,dBm,-49.08,dBm,24.78,dB,26.07,dB,N,37,31,48.212803,E,126,57,4.110718,2025-10-22-14:21:32
Number,RSSI,,Lower,,Upper,,ACP,Latitude,,,,Longitude,,,,Time
89,-74.28,dBm,-48.33,dBm,33.07,dB,20.54,dB,N,37,31,47.293961,E,126,57,5.114801,2025-10-22-14:21:34
Number,RSSI,,Lower,,Upper,,ACP,Latitude,,,,Longitude,,,,Time
90,-81.27,dBm,-50.39,dBm,20.99,dB,24.94,dB,N,37,31,46.803913,E,126,57,5.655462,2025-10-22-14:21:35
Number,RSSI,,Lower,,Upper,,ACP,Latitude,,,,Longitude,,,,Time
91,-74.79,dBm,-43.64,dBm,25.62,dB,31.32,dB,N,37,31,46.252609,E,126,57,6.196123,2025-10-22-14:21:36
Number,RSSI,,Lower,,Upper,,ACP,Latitude,,,,Longitude,,,,Time
92,-81.44,dBm,-48.97,dBm,31.35,dB,29.66,dB,N,37,31,45.762562,E,126,57,6.736783,2025-10-22-14:21:37
Number,RSSI,,Lower,,Upper,,ACP,Latitude,,,,Longitude,,,,Time
93,-82.88,dBm,-48.84,dBm,26.17,dB,37.83,dB,N,37,31,45.272514,E,126,57,7.277443,2025-10-22-14:21:38
Number,RSSI,,Lower,,Upper,,ACP,Latitude,,,,Longitude,,,,Time
94,-76.79,dBm,-49.35,dBm,34.13,dB,20.53,dB,N,37,31,44.782467,E,126,57,7.740867,2025-10-22-14:21:39
Number,RSSI,,Lower,,Upper,,ACP,Latitude,,,,Longitude,,,,Time
95,-81.46,dBm,-46.35,dBm,25.34,dB,23.92,dB,N,37,31,44.292419,E,126,57,8.281528,2025-10-22-14:21:40
Number,RSSI,,Lower,,Upper,,ACP,Latitude,,,,Longitude,,,,Time
96,-80.94,dBm,-49.19,dBm,22.62,dB,21.90,dB,N,37,31,43.741116,E,126,57,8.667713,2025-10-22-14:21:41
Number,RSSI,,Lower,,Upper,,ACP,Latitude,,,,Longitude,,,,Time
97,-87.22,dBm,-52.57,dBm,25.50,dB,31.60,dB,N,37,31,43.251064,E,126,57,9.053900,2025-10-22-14:21:42
Number,RSSI,,Lower,,Upper,,ACP,Latitude,,,,Longitude,,,,Time
98,-85.64,dBm,-52.31,dBm,28.17,dB,20.17,dB,N,37,31,42.761017,E,126,57,9.440085,2025-10-22-14:21:43
Number,RSSI,,Lower,,Upper,,ACP,Latitude,,,,Longitude,,,,Time
99,-78.13,dBm,-51.66,dBm,26.29,dB,19.02,dB,N,37,31,42.270969,E,126,57,9.749035,2025-10-22-14:21:44
Number,RSSI,,Lower,,Upper,,ACP,Latitude,,,,Longitude,,,,Time
100,-81.72,dBm,-50.53,dBm,26.04,dB,30.73,dB,N,37,31,41.780922,E,126,57,9.980746,2025-10-22-14:21:45
Number,RSSI,,Lower,,Upper,,ACP,Latitude,,,,Longitude,,,,Time
101,-83.42,dBm,-49.66,dBm,31.15,dB,25.65,dB,N,37,31,40.862080,E,126,57,10.444169,2025-10-22-14:21:47
Number,RSSI,,Lower,,Upper,,ACP,Latitude,,,,Longitude,,,,Time
102,-82.12,dBm,-46.09,dBm,27.65,dB,28.54,dB,N,37,31,40.065754,E,126,57,10.753119,2025-10-22-14:21:49
Number,RSSI,,Lower,,Upper,,ACP,Latitude,,,,Longitude,,,,Time
103,-79.84,dBm,-44.15,dBm,24.81,dB,30.76,dB,N,37,31,39.330681,E,126,57,10.984830,2025-10-22-14:21:51
Number,RSSI,,Lower,,Upper,,ACP,Latitude,,,,Longitude,,,,Time
104,-80.08,dBm,-46.51,dBm,28.19,dB,22.23,dB,N,37,31,38.656864,E,126,57,11.216541,2025-10-22-14:21:53
Number,RSSI,,Lower,,Upper,,ACP,Latitude,,,,Longitude,,,,Time
105,-81.02,dBm,-50.07,dBm,24.45,dB,33.00,dB,N,37,31,37.983047,E,126,57,11.371017,2025-10-22-14:21:55
Number,RSSI,,Lower,,Upper,,ACP,Latitude,,,,Longitude,,,,Time
106,-87.47,dBm,-48.92,dBm,31.48,dB,21.33,dB,N,37,31,37.309235,E,126,57,11.525491,2025-10-22-14:21:57
Number,RSSI,,Lower,,Upper,,ACP,Latitude,,,,Longitude,,,,Time
107,-88.24,dBm,-47.59,dBm,19.84,dB,21.51,dB,N,37,31,36.696674,E,126,57,11.679965,2025-10-22-14:21:59
Number,RSSI,,Lower,,Upper,,ACP,Latitude,,,,Longitude,,,,Time
108,-81.56,dBm,-45.63,dBm,35.66,dB,24.56,dB,N,37,31,36.084114,E,126,57,11.757202,2025-10-22-14:22:1
Number,RSSI,,Lower,,Upper,,ACP,Latitude,,,,Longitude,,,,Time
109,-79.14,dBm,-45.41,dBm,19.07,dB,33.60,dB,N,37,31,35.471554,E,126,57,11.834439,2025-10-22-14:22:3
Number,RSSI,,Lower,,Upper,,ACP,Latitude,,,,Longitude,,,,Time
110,-87.46,dBm,-47.28,dBm,29.85,dB,32.13,dB,N,37,31,34.797737,E,126,57,11.988914,2025-10-22-14:22:5
Number,RSSI,,Lower,,Upper,,ACP,Latitude,,,,Longitude,,,,Time
111,-78.03,dBm,-50.48,dBm,26.72,dB,26.68,dB,N,37,31,34.001408,E,126,57,12.220626,2025-10-22-14:22:7
Number,RSSI,,Lower,,Upper,,ACP,Latitude,,,,Longitude,,,,Time
112,-88.29,dBm,-53.86,dBm,35.79,dB,16.76,dB,N,37,31,33.205082,E,126,57,12.606812,2025-10-22-14:22:9
Number,RSSI,,Lower,,Upper,,ACP,Latitude,,,,Longitude,,,,Time
113,-81.84,dBm,-48.66,dBm,27.06,dB,31.97,dB,N,37,31,32.531265,E,126,57,12.992997,2025-10-22-14:22:11
Number,RSSI,,Lower,,Upper,,ACP,Latitude,,,,Longitude,,,,Time
114,-81.72,dBm,-51.20,dBm,20.35,dB,25.05,dB,N,37,31,31.857449,E,126,57,13.379184,2025-10-22-14:22:13
Number,RSSI,,Lower,,Upper,,ACP,Latitude,,,,Longitude,,,,Time
115,-85.32,dBm,-51.44,dBm,29.72,dB,26.90,dB,N,37,31,31.306145,E,126,57,13.842607,2025-10-22-14:22:15
Number,RSSI,,Lower,,Upper,,ACP,Latitude,,,,Longitude,,,,Time
116,-78.14,dBm,-47.19,dBm,20.03,dB,24.43,dB,N,37,31,30.754841,E,126,57,14.614979,2025-10-22-14:22:18
Number,RSSI,,Lower,,Upper,,ACP,Latitude,,,,Longitude,,,,Time
117,-82.57,dBm,-52.88,dBm,28.34,dB,32.58,dB,N,37,31,30.448561,E,126,57,15.232877,2025-10-22-14:22:20
Number,RSSI,,Lower,,Upper,,ACP,Latitude,,,,Longitude,,,,Time
118,-82.44,dBm,-52.32,dBm,20.00,dB,30.68,dB,N,37,31,30.203537,E,126,57,16.005249,2025-10-22-14:22:22
Number,RSSI,,Lower,,Upper,,ACP,Latitude,,,,Longitude,,,,Time
119,-81.22,dBm,-46.02,dBm,24.44,dB,24.29,dB,N,37,31,29.836000,E,126,57,16.777620,2025-10-22-14:22:24
Number,RSSI,,Lower,,Upper,,ACP,Latitude,,,,Longitude,,,,Time
120,-85.43,dBm,-48.04,dBm,26.34,dB,36.32,dB,N,37,31,29.284697,E,126,57,17.549994,2025-10-22-14:22:26
Number,RSSI,,Lower,,Upper,,ACP,Latitude,,,,Longitude,,,,Time
121,-83.34,dBm,-47.82,dBm,26.88,dB,26.84,dB,N,37,31,28.733393,E,126,57,18.399603,2025-10-22-14:22:28
Number,RSSI,,Lower,,Upper,,ACP,Latitude,,,,Longitude,,,,Time
122,-90.04,dBm,-51.14,dBm,26.46,dB,25.04,dB,N,37,31,28.182089,E,126,57,19.171974,2025-10-22-14:22:30
Number,RSSI,,Lower,,Upper,,ACP,Latitude,,,,Longitude,,,,Time
123,-83.15,dBm,-51.16,dBm,26.50,dB,32.32,dB,N,37,31,27.630783,E,126,57,19.944347,2025-10-22-14:22:32
Number,RSSI,,Lower,,Upper,,ACP,Latitude,,,,Longitude,,,,Time
124,-78.89,dBm,-53.40,dBm,27.42,dB,27.52,dB,N,37,31,26.956968,E,126,57,20.716719,2025-10-22-14:22:34
Number,RSSI,,Lower,,Upper,,ACP,Latitude,,,,Longitude,,,,Time
125,-85.13,dBm,-52.34,dBm,27.81,dB,30.38,dB,N,37,31,26.344408,E,126,57,21.643566,2025-10-22-14:22:36
Number,RSSI,,Lower,,Upper,,ACP,Latitude,,,,Longitude,,,,Time
126,-81.56,dBm,-51.83,dBm,29.64,dB,20.37,dB,N,37,31,25.670591,E,126,57,22.493176,2025-10-22-14:22:38
Number,RSSI,,Lower,,Upper,,ACP,Latitude,,,,Longitude,,,,Time
127,-77.12,dBm,-49.95,dBm,21.95,dB,35.95,dB,N,37,31,25.119287,E,126,57,23.342785,2025-10-22-14:22:40
Number,RSSI,,Lower,,Upper,,ACP,Latitude,,,,Longitude,,,,Time
128,-79.14,dBm,-50.27,dBm,20.89,dB,21.28,dB,N,37,31,24.506727,E,126,57,24.115156,2025-10-22-14:22:42
Number,RSSI,,Lower,,Upper,,ACP,Latitude,,,,Longitude,,,,Time
129,-81.54,dBm,-52.63,dBm,31.42,dB,23.60,dB,N,37,31,23.894167,E,126,57,25.042004,2025-10-22-14:22:44
Number,RSSI,,Lower,,Upper,,ACP,Latitude,,,,Longitude,,,,Time
130,-87.27,dBm,-50.76,dBm,26.45,dB,28.42,dB,N,37,31,23.465376,E,126,57,25.968849,2025-10-22-14:22:46
Number,RSSI,,Lower,,Upper,,ACP,Latitude,,,,Longitude,,,,Time
131,-86.22,dBm,-49.08,dBm,21.40,dB,21.86,dB,N,37,31,23.159096,E,126,57,26.818459,2025-10-22-14:22:48
Number,RSSI,,Lower,,Upper,,ACP,Latitude,,,,Longitude,,,,Time
132,-78.43,dBm,-46.35,dBm,26.25,dB,34.02,dB,N,37,31,22.791559,E,126,57,27.668068,2025-10-22-14:22:50
Number,RSSI,,Lower,,Upper,,ACP,Latitude,,,,Longitude,,,,Time
133,-79.23,dBm,-50.08,dBm,21.83,dB,29.49,dB,N,37,31,22.607792,E,126,57,28.672152,2025-10-22-14:22:52
Number,RSSI,,Lower,,Upper,,ACP,Latitude,,,,Longitude,,,,Time
134,-79.78,dBm,-50.57,dBm,49.14,dB,20.78,dB,N,37,31,22.424023,E,126,57,29.676237,2025-10-22-14:22:54
Number,RSSI,,Lower,,Upper,,ACP,Latitude,,,,Longitude,,,,Time
135,-90.09,dBm,-46.24,dBm,16.76,dB,26.81,dB,N,37,31,22.240255,E,126,57,30.603083,2025-10-22-14:22:56
Number,RSSI,,Lower,,Upper,,ACP,Latitude,,,,Longitude,,,,Time
136,-87.23,dBm,-53.26,dBm,24.40,dB,27.12,dB,N,37,31,22.056488,E,126,57,31.607166,2025-10-22-14:22:58
Number,RSSI,,Lower,,Upper,,ACP,Latitude,,,,Longitude,,,,Time
137,-87.41,dBm,-48.14,dBm,27.75,dB,28.87,dB,N,37,31,21.933975,E,126,57,32.456776,2025-10-22-14:23:0
Number,RSSI,,Lower,,Upper,,ACP,Latitude,,,,Longitude,,,,Time
138,-80.07,dBm,-51.47,dBm,28.73,dB,23.47,dB,N,37,31,21.811462,E,126,57,33.306385,2025-10-22-14:23:2
Number,RSSI,,Lower,,Upper,,ACP,Latitude,,,,Longitude,,,,Time
139,-76.80,dBm,-47.19,dBm,26.44,dB,23.35,dB,N,37,31,21.750208,E,126,57,34.078758,2025-10-22-14:23:4
Number,RSSI,,Lower,,Upper,,ACP,Latitude,,,,Longitude,,,,Time
140,-81.20,dBm,-48.81,dBm,28.08,dB,27.32,dB,N,37,31,21.627695,E,126,57,34.773891,2025-10-22-14:23:6
Number,RSSI,,Lower,,Upper,,ACP,Latitude,,,,Longitude,,,,Time
141,-88.64,dBm,-52.25,dBm,32.59,dB,22.69,dB,N,37,31,21.566439,E,126,57,35.469028,2025-10-22-14:23:8
Number,RSSI,,Lower,,Upper,,ACP,Latitude,,,,Longitude,,,,Time
142,-84.45,dBm,-45.94,dBm,22.11,dB,26.89,dB,N,37,31,21.443928,E,126,57,36.241398,2025-10-22-14:23:10
Number,RSSI,,Lower,,Upper,,ACP,Latitude,,,,Longitude,,,,Time
143,-84.89,dBm,-51.55,dBm,31.82,dB,21.40,dB,N,37,31,21.321415,E,126,57,36.936535,2025-10-22-14:23:12
Number,RSSI,,Lower,,Upper,,ACP,Latitude,,,,Longitude,,,,Time
144,-82.52,dBm,-51.43,dBm,27.66,dB,25.16,dB,N,37,31,21.198904,E,126,57,37.631668,2025-10-22-14:23:15
Number,RSSI,,Lower,,Upper,,ACP,Latitude,,,,Longitude,,,,Time
145,-82.18,dBm,-54.84,dBm,25.10,dB,22.10,dB,N,37,31,21.198904,E,126,57,38.326805,2025-10-22-14:23:20
Number,RSSI,,Lower,,Upper,,ACP,Latitude,,,,Longitude,,,,Time
146,-89.40,dBm,-53.43,dBm,22.28,dB,25.95,dB,N,37,31,21.198904,E,126,57,38.944702,2025-10-22-14:23:25
Number,RSSI,,Lower,,Upper,,ACP,Latitude,,,,Longitude,,,,Time
147,-91.48,dBm,-51.93,dBm,31.61,dB,24.84,dB,N,37,31,20.831367,E,126,57,39.717075,2025-10-22-14:24:34
Number,RSSI,,Lower,,Upper,,ACP,Latitude,,,,Longitude,,,,Time
148,-79.85,dBm,-47.06,dBm,27.50,dB,37.99,dB,N,37,31,20.770111,E,126,57,40.334972,2025-10-22-14:24:36
Number,RSSI,,Lower,,Upper,,ACP,Latitude,,,,Longitude,,,,Time
149,-81.06,dBm,-46.76,dBm,28.79,dB,31.40,dB,N,37,31,20.647598,E,126,57,40.952869,2025-10-22-14:24:38
Number,RSSI,,Lower,,Upper,,ACP,Latitude,,,,Longitude,,,,Time
150,-80.42,dBm,-42.65,dBm,33.03,dB,24.78,dB,N,37,31,20.647598,E,126,57,41.648006,2025-10-22-14:24:40
Number,RSSI,,Lower,,Upper,,ACP,Latitude,,,,Longitude,,,,Time
151,-76.55,dBm,-41.33,dBm,33.25,dB,32.81,dB,N,37,31,20.647598,E,126,57,42.343140,2025-10-22-14:24:42
Number,RSSI,,Lower,,Upper,,ACP,Latitude,,,,Longitude,,,,Time
152,-82.30,dBm,-52.86,dBm,25.78,dB,33.71,dB,N,37,31,20.831367,E,126,57,42.961037,2025-10-22-14:24:44
Number,RSSI,,Lower,,Upper,,ACP,Latitude,,,,Longitude,,,,Time
153,-75.97,dBm,-46.24,dBm,25.94,dB,29.90,dB,N,37,31,21.505182,E,126,57,43.656174,2025-10-22-14:24:47
Number,RSSI,,Lower,,Upper,,ACP,Latitude,,,,Longitude,,,,Time
154,-81.64,dBm,-46.14,dBm,31.80,dB,25.14,dB,N,37,31,22.117743,E,126,57,44.042358,2025-10-22-14:24:49
Number,RSSI,,Lower,,Upper,,ACP,Latitude,,,,Longitude,,,,Time
155,-80.50,dBm,-50.80,dBm,28.84,dB,21.24,dB,N,37,31,22.730303,E,126,57,44.428543,2025-10-22-14:24:51
Number,RSSI,,Lower,,Upper,,ACP,Latitude,,,,Longitude,,,,Time
156,-76.38,dBm,-43.36,dBm,33.28,dB,35.17,dB,N,37,31,23.281607,E,126,57,44.814732,2025-10-22-14:24:53
Number,RSSI,,Lower,,Upper,,ACP,Latitude,,,,Longitude,,,,Time
157,-80.13,dBm,-49.94,dBm,25.98,dB,20.90,dB,N,37,31,23.771656,E,126,57,45.200916,2025-10-22-14:24:55
Number,RSSI,,Lower,,Upper,,ACP,Latitude,,,,Longitude,,,,Time
158,-83.71,dBm,-49.09,dBm,26.06,dB,29.42,dB,N,37,31,24.322960,E,126,57,45.664341,2025-10-22-14:24:58
Number,RSSI,,Lower,,Upper,,ACP,Latitude,,,,Longitude,,,,Time
159,-74.70,dBm,-41.25,dBm,32.76,dB,24.41,dB,N,37,31,24.813007,E,126,57,45.896053,2025-10-22-14:25:12
Number,RSSI,,Lower,,Upper,,ACP,Latitude,,,,Longitude,,,,Time
160,-84.09,dBm,-47.10,dBm,35.83,dB,22.43,dB,N,37,31,25.425568,E,126,57,46.359474,2025-10-22-14:25:16
Number,RSSI,,Lower,,Upper,,ACP,Latitude,,,,Longitude,,,,Time
161,-79.00,dBm,-47.33,dBm,29.36,dB,26.21,dB,N,37,31,26.160639,E,126,57,46.900135,2025-10-22-14:25:19
Number,RSSI,,Lower,,Upper,,ACP,Latitude,,,,Longitude,,,,Time
162,-79.45,dBm,-48.19,dBm,33.42,dB,27.79,dB,N,37,31,26.650688,E,126,57,47.440796,2025-10-22-14:25:21
Number,RSSI,,Lower,,Upper,,ACP,Latitude,,,,Longitude,,,,Time
163,-76.86,dBm,-43.55,dBm,31.19,dB,22.34,dB,N,37,31,27.079479,E,126,57,48.135929,2025-10-22-14:25:23
Number,RSSI,,Lower,,Upper,,ACP,Latitude,,,,Longitude,,,,Time
164,-82.33,dBm,-43.56,dBm,33.77,dB,21.59,dB,N,37,31,27.753296,E,126,57,48.753830,2025-10-22-14:25:25
Number,RSSI,,Lower,,Upper,,ACP,Latitude,,,,Longitude,,,,Time
165,-86.40,dBm,-45.45,dBm,24.97,dB,32.30,dB,N,37,31,28.610880,E,126,57,49.448963,2025-10-22-14:25:27
Number,RSSI,,Lower,,Upper,,ACP,Latitude,,,,Longitude,,,,Time
166,-79.39,dBm,-48.43,dBm,33.12,dB,26.18,dB,N,37,31,29.345953,E,126,57,50.144100,2025-10-22-14:25:29
Number,RSSI,,Lower,,Upper,,ACP,Latitude,,,,Longitude,,,,Time
167,-79.47,dBm,-48.56,dBm,34.26,dB,21.94,dB,N,37,31,30.019768,E,126,57,50.684757,2025-10-22-14:25:31
Number,RSSI,,Lower,,Upper,,ACP,Latitude,,,,Longitude,,,,Time
168,-78.69,dBm,-46.19,dBm,28.68,dB,26.76,dB,N,37,31,30.571072,E,126,57,51.070946,2025-10-22-14:25:33
Number,RSSI,,Lower,,Upper,,ACP,Latitude,,,,Longitude,,,,Time
169,-84.84,dBm,-46.45,dBm,28.15,dB,16.18,dB,N,37,31,31.183632,E,126,57,51.611607,2025-10-22-14:25:36
Number,RSSI,,Lower,,Upper,,ACP,Latitude,,,,Longitude,,,,Time
170,-80.05,dBm,-43.93,dBm,28.63,dB,23.83,dB,N,37,31,31.673681,E,126,57,52.075027,2025-10-22-14:25:39
Number,RSSI,,Lower,,Upper,,ACP,Latitude,,,,Longitude,,,,Time
171,-79.24,dBm,-43.60,dBm,28.29,dB,29.43,dB,N,37,31,32.163727,E,126,57,52.383976,2025-10-22-14:26:2
Number,RSSI,,Lower,,Upper,,ACP,Latitude,,,,Longitude,,,,Time
172,-85.24,dBm,-45.78,dBm,34.14,dB,39.98,dB,N,37,31,32.715031,E,126,57,52.538452,2025-10-22-14:26:57
Number,RSSI,,Lower,,Upper,,ACP,Latitude,,,,Longitude,,,,Time
173,-83.38,dBm,-45.85,dBm,29.00,dB,27.71,dB,N,37,31,33.205082,E,126,57,53.079113,2025-10-22-14:27:0
Number,RSSI,,Lower,,Upper,,ACP,Latitude,,,,Longitude,,,,Time
174,-80.95,dBm,-44.01,dBm,29.10,dB,28.92,dB,N,37,31,33.878895,E,126,57,53.619774,2025-10-22-14:27:3
Number,RSSI,,Lower,,Upper,,ACP,Latitude,,,,Longitude,,,,Time
175,-83.71,dBm,-45.11,dBm,28.42,dB,26.83,dB,N,37,31,34.491455,E,126,57,54.314907,2025-10-22-14:27:6
Number,RSSI,,Lower,,Upper,,ACP,Latitude,,,,Longitude,,,,Time
176,-80.25,dBm,-46.01,dBm,36.75,dB,24.85,dB,N,37,31,35.104015,E,126,57,54.932804,2025-10-22-14:27:9
Number,RSSI,,Lower,,Upper,,ACP,Latitude,,,,Longitude,,,,Time
177,-79.02,dBm,-46.83,dBm,27.09,dB,24.85,dB,N,37,31,35.716576,E,126,57,55.473465,2025-10-22-14:27:12
Number,RSSI,,Lower,,Upper,,ACP,Latitude,,,,Longitude,,,,Time
178,-78.88,dBm,-46.30,dBm,30.62,dB,39.28,dB,N,37,31,36.390392,E,126,57,56.091366,2025-10-22-14:27:15
Number,RSSI,,Lower,,Upper,,ACP,Latitude,,,,Longitude,,,,Time
179,-82.18,dBm,-46.54,dBm,33.10,dB,26.62,dB,N,37,31,37.002953,E,126,57,56.400314,2025-10-22-14:27:17
Number,RSSI,,Lower,,Upper,,ACP,Latitude,,,,Longitude,,,,Time
180,-75.96,dBm,-40.79,dBm,45.47,dB,39.26,dB,N,37,31,37.493000,E,126,57,56.863735,2025-10-22-14:27:19
Number,RSSI,,Lower,,Upper,,ACP,Latitude,,,,Longitude,,,,Time
181,-81.36,dBm,-44.81,dBm,30.30,dB,22.31,dB,N,37,31,38.105560,E,126,57,57.636108,2025-10-22-14:27:22
Number,RSSI,,Lower,,Upper,,ACP,Latitude,,,,Longitude,,,,Time
182,-80.56,dBm,-42.93,dBm,39.01,dB,22.33,dB,N,37,31,38.779377,E,126,57,58.408482,2025-10-22-14:27:25
Number,RSSI,,Lower,,Upper,,ACP,Latitude,,,,Longitude,,,,Time
183,-81.35,dBm,-44.57,dBm,31.84,dB,22.31,dB,N,37,31,39.330681,E,126,57,58.871902,2025-10-22-14:27:27
Number,RSSI,,Lower,,Upper,,ACP,Latitude,,,,Longitude,,,,Time
184,-75.90,dBm,-42.91,dBm,31.71,dB,25.44,dB,N,37,31,39.881985,E,126,57,59.412563,2025-10-22-14:27:29
Number,RSSI,,Lower,,Upper,,ACP,Latitude,,,,Longitude,,,,Time
185,-77.97,dBm,-44.19,dBm,37.30,dB,32.68,dB,N,37,31,40.372032,E,126,57,59.953224,2025-10-22-14:27:31
Number,RSSI,,Lower,,Upper,,ACP,Latitude,,,,Longitude,,,,Time
186,-79.50,dBm,-43.26,dBm,33.88,dB,31.45,dB,N,37,31,40.923336,E,126,58,0.493885,2025-10-22-14:27:33
Number,RSSI,,Lower,,Upper,,ACP,Latitude,,,,Longitude,,,,Time
187,-82.11,dBm,-45.73,dBm,28.01,dB,20.01,dB,N,37,31,41.535896,E,126,58,1.034546,2025-10-22-14:27:35
Number,RSSI,,Lower,,Upper,,ACP,Latitude,,,,Longitude,,,,Time
188,-86.87,dBm,-45.33,dBm,28.73,dB,31.42,dB,N,37,31,42.209713,E,126,58,1.729681,2025-10-22-14:27:37
Number,RSSI,,Lower,,Upper,,ACP,Latitude,,,,Longitude,,,,Time
189,-80.58,dBm,-42.23,dBm,36.69,dB,19.51,dB,N,37,31,43.067299,E,126,58,2.579290,2025-10-22-14:27:39
Number,RSSI,,Lower,,Upper,,ACP,Latitude,,,,Longitude,,,,Time
190,-80.86,dBm,-45.72,dBm,39.23,dB,31.17,dB,N,37,31,43.557346,E,126,58,2.965476,2025-10-22-14:27:40
Number,RSSI,,Lower,,Upper,,ACP,Latitude,,,,Longitude,,,,Time
191,-83.91,dBm,-45.53,dBm,33.44,dB,21.25,dB,N,37,31,44.047394,E,126,58,3.428900,2025-10-22-14:27:41
Number,RSSI,,Lower,,Upper,,ACP,Latitude,,,,Longitude,,,,Time
192,-78.70,dBm,-46.21,dBm,33.85,dB,22.38,dB,N,37,31,44.537441,E,126,58,3.892323,2025-10-22-14:27:42
Number,RSSI,,Lower,,Upper,,ACP,Latitude,,,,Longitude,,,,Time
193,-90.70,dBm,-44.42,dBm,29.63,dB,25.59,dB,N,37,31,45.027489,E,126,58,4.278509,2025-10-22-14:27:43
Number,RSSI,,Lower,,Upper,,ACP,Latitude,,,,Longitude,,,,Time
194,-94.16,dBm,-47.06,dBm,30.58,dB,26.49,dB,N,37,31,45.885075,E,126,58,5.205356,2025-10-22-14:27:45
Number,RSSI,,Lower,,Upper,,ACP,Latitude,,,,Longitude,,,,Time
195,-78.38,dBm,-45.40,dBm,31.49,dB,27.07,dB,N,37,31,46.681400,E,126,58,5.977728,2025-10-22-14:27:47
Number,RSSI,,Lower,,Upper,,ACP,Latitude,,,,Longitude,,,,Time
196,-79.43,dBm,-45.14,dBm,37.82,dB,18.02,dB,N,37,31,47.416473,E,126,58,6.672863,2025-10-22-14:27:49
Number,RSSI,,Lower,,Upper,,ACP,Latitude,,,,Longitude,,,,Time
197,-80.53,dBm,-43.81,dBm,35.75,dB,25.90,dB,N,37,31,48.029034,E,126,58,7.367998,2025-10-22-14:27:51
Number,RSSI,,Lower,,Upper,,ACP,Latitude,,,,Longitude,,,,Time
198,-82.26,dBm,-44.69,dBm,35.81,dB,20.62,dB,N,37,31,48.580338,E,126,58,7.908658,2025-10-22-14:27:53
Number,RSSI,,Lower,,Upper,,ACP,Latitude,,,,Longitude,,,,Time
199,-80.45,dBm,-44.79,dBm,32.27,dB,19.85,dB,N,37,31,49.131641,E,126,58,8.372082,2025-10-22-14:27:55
Number,RSSI,,Lower,,Upper,,ACP,Latitude,,,,Longitude,,,,Time
200,-77.70,dBm,-44.75,dBm,34.56,dB,14.70,dB,N,37,31,49.621689,E,126,58,8.758267,2025-10-22-14:27:57
Number,RSSI,,Lower,,Upper,,ACP,Latitude,,,,Longitude,,,,Time
201,-88.88,dBm,-43.79,dBm,41.62,dB,18.93,dB,N,37,31,50.111740,E,126,58,9.298928,2025-10-22-14:28:0
Number,RSSI,,Lower,,Upper,,ACP,Latitude,,,,Longitude,,,,Time
202,-81.04,dBm,-44.37,dBm,32.14,dB,25.00,dB,N,37,31,50.601788,E,126,58,9.762351,2025-10-22-14:28:3
Number,RSSI,,Lower,,Upper,,ACP,Latitude,,,,Longitude,,,,Time
203,-76.44,dBm,-45.85,dBm,39.52,dB,24.19,dB,N,37,31,51.275604,E,126,58,10.380249,2025-10-22-14:28:6
Number,RSSI,,Lower,,Upper,,ACP,Latitude,,,,Longitude,,,,Time
204,-87.49,dBm,-45.93,dBm,36.76,dB,26.17,dB,N,37,31,51.949417,E,126,58,11.075384,2025-10-22-14:28:9
Number,RSSI,,Lower,,Upper,,ACP,Latitude,,,,Longitude,,,,Time
205,-84.33,dBm,-43.46,dBm,34.19,dB,31.67,dB,N,37,31,52.500721,E,126,58,11.616044,2025-10-22-14:28:11
Number,RSSI,,Lower,,Upper,,ACP,Latitude,,,,Longitude,,,,Time
206,-79.31,dBm,-44.13,dBm,30.09,dB,24.86,dB,N,37,31,53.113281,E,126,58,12.233942,2025-10-22-14:28:13
Number,RSSI,,Lower,,Upper,,ACP,Latitude,,,,Longitude,,,,Time
207,-84.57,dBm,-42.49,dBm,40.41,dB,20.01,dB,N,37,31,53.725842,E,126,58,12.774603,2025-10-22-14:28:15
Number,RSSI,,Lower,,Upper,,ACP,Latitude,,,,Longitude,,,,Time
208,-90.40,dBm,-43.88,dBm,38.29,dB,22.61,dB,N,37,31,54.338402,E,126,58,13.392501,2025-10-22-14:28:17
Number,RSSI,,Lower,,Upper,,ACP,Latitude,,,,Longitude,,,,Time
209,-82.83,dBm,-44.43,dBm,35.25,dB,17.59,dB,N,37,31,55.012218,E,126,58,14.010398,2025-10-22-14:28:19
Number,RSSI,,Lower,,Upper,,ACP,Latitude,,,,Longitude,,,,Time
210,-77.27,dBm,-46.96,dBm,26.65,dB,22.06,dB,N,37,31,55.686035,E,126,58,14.705533,2025-10-22-14:28:21
Number,RSSI,,Lower,,Upper,,ACP,Latitude,,,,Longitude,,,,Time
211,-81.84,dBm,-39.99,dBm,41.19,dB,17.52,dB,N,37,31,56.482365,E,126,58,15.400668,2025-10-22-14:28:23
Number,RSSI,,Lower,,Upper,,ACP,Latitude,,,,Longitude,,,,Time
212,-85.17,dBm,-42.96,dBm,40.78,dB,24.98,dB,N,37,31,57.217434,E,126,58,16.173040,2025-10-22-14:28:25
Number,RSSI,,Lower,,Upper,,ACP,Latitude,,,,Longitude,,,,Time
213,-91.93,dBm,-45.29,dBm,38.74,dB,23.91,dB,N,37,31,58.013763,E,126,58,16.868176,2025-10-22-14:28:27
Number,RSSI,,Lower,,Upper,,ACP,Latitude,,,,Longitude,,,,Time
214,-79.62,dBm,-45.08,dBm,35.92,dB,24.35,dB,N,37,31,58.687580,E,126,58,17.563311,2025-10-22-14:28:29
Number,RSSI,,Lower,,Upper,,ACP,Latitude,,,,Longitude,,,,Time
215,-79.54,dBm,-43.66,dBm,36.94,dB,28.14,dB,N,37,31,59.422653,E,126,58,18.258446,2025-10-22-14:28:31
Number,RSSI,,Lower,,Upper,,ACP,Latitude,,,,Longitude,,,,Time
216,-84.06,dBm,-41.57,dBm,38.47,dB,25.97,dB,N,37,32,0.157724,E,126,58,18.876343,2025-10-22-14:28:33
Number,RSSI,,Lower,,Upper,,ACP,Latitude,,,,Longitude,,,,Time
217,-89.31,dBm,-44.32,dBm,29.86,dB,18.51,dB,N,37,32,0.831540,E,126,58,19.571478,2025-10-22-14:28:35
Number,RSSI,,Lower,,Upper,,ACP,Latitude,,,,Longitude,,,,Time
218,-84.98,dBm,-45.69,dBm,33.02,dB,19.76,dB,N,37,32,1.566612,E,126,58,20.343849,2025-10-22-14:28:37
Number,RSSI,,Lower,,Upper,,ACP,Latitude,,,,Longitude,,,,Time
219,-82.61,dBm,-43.16,dBm,33.85,dB,24.94,dB,N,37,32,2.240428,E,126,58,21.038984,2025-10-22-14:28:39
Number,RSSI,,Lower,,Upper,,ACP,Latitude,,,,Longitude,,,,Time
220,-76.80,dBm,-42.75,dBm,34.25,dB,28.67,dB,N,37,32,2.914244,E,126,58,21.656883,2025-10-22-14:28:41
Number,RSSI,,Lower,,Upper,,ACP,Latitude,,,,Longitude,,,,Time
221,-87.54,dBm,-42.23,dBm,35.90,dB,23.17,dB,N,37,32,3.526804,E,126,58,22.352018,2025-10-22-14:28:43
Number,RSSI,,Lower,,Upper,,ACP,Latitude,,,,Longitude,,,,Time
222,-80.63,dBm,-44.32,dBm,37.19,dB,30.97,dB,N,37,32,4.139364,E,126,58,22.969915,2025-10-22-14:28:45
Number,RSSI,,Lower,,Upper,,ACP,Latitude,,,,Longitude,,,,Time
223,-78.63,dBm,-41.91,dBm,27.73,dB,22.13,dB,N,37,32,4.629412,E,126,58,23.510576,2025-10-22-14:28:47
Number,RSSI,,Lower,,Upper,,ACP,Latitude,,,,Longitude,,,,Time
224,-77.79,dBm,-40.49,dBm,40.51,dB,18.32,dB,N,37,32,5.180716,E,126,58,24.051237,2025-10-22-14:28:51
Number,RSSI,,Lower,,Upper,,ACP,Latitude,,,,Longitude,,,,Time
225,-82.40,dBm,-45.47,dBm,28.27,dB,32.13,dB,N,37,32,5.548252,E,126,58,24.669134,2025-10-22-14:28:57
Number,RSSI,,Lower,,Upper,,ACP,Latitude,,,,Longitude,,,,Time
226,-83.75,dBm,-44.46,dBm,38.03,dB,27.45,dB,N,37,32,6.038301,E,126,58,25.132557,2025-10-22-14:29:5
Number,RSSI,,Lower,,Upper,,ACP,Latitude,,,,Longitude,,,,Time
227,-77.21,dBm,-45.01,dBm,34.94,dB,23.26,dB,N,37,32,6.528348,E,126,58,25.827692,2025-10-22-14:30:12
Number,RSSI,,Lower,,Upper,,ACP,Latitude,,,,Longitude,,,,Time
228,-88.91,dBm,-42.87,dBm,37.68,dB,23.32,dB,N,37,32,7.202165,E,126,58,26.445589,2025-10-22-14:30:15
Number,RSSI,,Lower,,Upper,,ACP,Latitude,,,,Longitude,,,,Time
229,-72.29,dBm,-44.38,dBm,37.63,dB,29.42,dB,N,37,32,7.753469,E,126,58,26.831776,2025-10-22-14:30:17
Number,RSSI,,Lower,,Upper,,ACP,Latitude,,,,Longitude,,,,Time
230,-78.13,dBm,-41.11,dBm,34.77,dB,17.87,dB,N,37,32,8.366029,E,126,58,27.217962,2025-10-22-14:30:19
Number,RSSI,,Lower,,Upper,,ACP,Latitude,,,,Longitude,,,,Time
231,-78.31,dBm,-42.15,dBm,34.20,dB,18.94,dB,N,37,32,9.039845,E,126,58,27.526911,2025-10-22-14:30:21
Number,RSSI,,Lower,,Upper,,ACP,Latitude,,,,Longitude,,,,Time
232,-83.38,dBm,-44.64,dBm,32.43,dB,34.71,dB,N,37,32,9.836173,E,126,58,27.758623,2025-10-22-14:30:23
Number,RSSI,,Lower,,Upper,,ACP,Latitude,,,,Longitude,,,,Time
233,-81.22,dBm,-47.79,dBm,35.14,dB,30.34,dB,N,37,32,10.632501,E,126,58,27.835859,2025-10-22-14:30:25
Number,RSSI,,Lower,,Upper,,ACP,Latitude,,,,Longitude,,,,Time
234,-78.62,dBm,-43.03,dBm,33.25,dB,19.97,dB,N,37,32,11.490085,E,126,58,27.758623,2025-10-22-14:30:27
Number,RSSI,,Lower,,Upper,,ACP,Latitude,,,,Longitude,,,,Time
235,-83.13,dBm,-41.27,dBm,38.25,dB,25.80,dB,N,37,32,12.408925,E,126,58,27.526911,2025-10-22-14:30:29
Number,RSSI,,Lower,,Upper,,ACP,Latitude,,,,Longitude,,,,Time
236,-79.20,dBm,-44.63,dBm,32.07,dB,22.95,dB,N,37,32,13.327765,E,126,58,27.295198,2025-10-22-14:30:31
Number,RSSI,,Lower,,Upper,,ACP,Latitude,,,,Longitude,,,,Time
237,-82.72,dBm,-49.13,dBm,31.40,dB,26.89,dB,N,37,32,14.185349,E,126,58,27.063488,2025-10-22-14:30:33
Number,RSSI,,Lower,,Upper,,ACP,Latitude,,,,Longitude,,,,Time
238,-78.00,dBm,-41.97,dBm,30.34,dB,21.51,dB,N,37,32,15.104190,E,126,58,26.754539,2025-10-22-14:30:35
Number,RSSI,,Lower,,Upper,,ACP,Latitude,,,,Longitude,,,,Time
239,-78.53,dBm,-41.91,dBm,32.33,dB,27.29,dB,N,37,32,15.594237,E,126,58,26.600065,2025-10-22-14:30:36
Number,RSSI,,Lower,,Upper,,ACP,Latitude,,,,Longitude,,,,Time
240,-73.72,dBm,-41.97,dBm,39.43,dB,20.99,dB,N,37,32,16.145542,E,126,58,26.445589,2025-10-22-14:30:37
Number,RSSI,,Lower,,Upper,,ACP,Latitude,,,,Longitude,,,,Time
241,-82.39,dBm,-46.78,dBm,41.55,dB,23.07,dB,N,37,32,16.696846,E,126,58,26.291115,2025-10-22-14:30:38
Number,RSSI,,Lower,,Upper,,ACP,Latitude,,,,Longitude,,,,Time
242,-83.52,dBm,-42.59,dBm,40.42,dB,30.66,dB,N,37,32,17.248150,E,126,58,26.136641,2025-10-22-14:30:39
Number,RSSI,,Lower,,Upper,,ACP,Latitude,,,,Longitude,,,,Time
243,-73.99,dBm,-39.02,dBm,39.59,dB,30.44,dB,N,37,32,17.738197,E,126,58,26.059404,2025-10-22-14:30:40
Number,RSSI,,Lower,,Upper,,ACP,Latitude,,,,Longitude,,,,Time
244,-74.87,dBm,-41.20,dBm,35.38,dB,29.38,dB,N,37,32,18.228247,E,126,58,25.904930,2025-10-22-14:30:41
Number,RSSI,,Lower,,Upper,,ACP,Latitude,,,,Longitude,,,,Time
245,-79.82,dBm,-43.21,dBm,37.83,dB,19.73,dB,N,37,32,18.718294,E,126,58,25.750456,2025-10-22-14:30:42
Number,RSSI,,Lower,,Upper,,ACP,Latitude,,,,Longitude,,,,Time
246,-82.88,dBm,-47.32,dBm,20.75,dB,20.14,dB,N,37,32,19.208342,E,126,58,25.673218,2025-10-22-14:30:43
Number,RSSI,,Lower,,Upper,,ACP,Latitude,,,,Longitude,,,,Time
247,-90.02,dBm,-47.82,dBm,34.30,dB,30.00,dB,N,37,32,20.127182,E,126,58,25.364269,2025-10-22-14:30:45
Number,RSSI,,Lower,,Upper,,ACP,Latitude,,,,Longitude,,,,Time
248,-84.65,dBm,-43.73,dBm,31.92,dB,30.17,dB,N,37,32,20.678486,E,126,58,25.209795,2025-10-22-14:30:46
Number,RSSI,,Lower,,Upper,,ACP,Latitude,,,,Longitude,,,,Time
249,-81.70,dBm,-46.69,dBm,33.77,dB,25.61,dB,N,37,32,21.597326,E,126,58,24.978083,2025-10-22-14:30:48
Number,RSSI,,Lower,,Upper,,ACP,Latitude,,,,Longitude,,,,Time
250,-77.91,dBm,-48.03,dBm,30.11,dB,27.39,dB,N,37,32,22.454910,E,126,58,24.746370,2025-10-22-14:30:50
Number,RSSI,,Lower,,Upper,,ACP,Latitude,,,,Longitude,,,,Time
251,-79.79,dBm,-48.97,dBm,30.79,dB,24.32,dB,N,37,32,23.251238,E,126,58,24.514660,2025-10-22-14:30:52
Number,RSSI,,Lower,,Upper,,ACP,Latitude,,,,Longitude,,,,Time
252,-75.09,dBm,-47.95,dBm,31.81,dB,31.92,dB,N,37,32,23.986311,E,126,58,24.360186,2025-10-22-14:30:54
Number,RSSI,,Lower,,Upper,,ACP,Latitude,,,,Longitude,,,,Time
253,-80.76,dBm,-45.85,dBm,30.05,dB,31.82,dB,N,37,32,24.660126,E,126,58,24.205711,2025-10-22-14:30:56
Number,RSSI,,Lower,,Upper,,ACP,Latitude,,,,Longitude,,,,Time
254,-85.40,dBm,-45.26,dBm,29.22,dB,36.40,dB,N,37,32,25.272686,E,126,58,23.973999,2025-10-22-14:30:58
Number,RSSI,,Lower,,Upper,,ACP,Latitude,,,,Longitude,,,,Time
255,-82.78,dBm,-48.52,dBm,34.86,dB,29.38,dB,N,37,32,26.069016,E,126,58,23.742287,2025-10-22-14:31:0
Number,RSSI,,Lower,,Upper,,ACP,Latitude,,,,Longitude,,,,Time
256,-85.97,dBm,-48.17,dBm,30.90,dB,23.62,dB,N,37,32,26.804087,E,126,58,23.587812,2025-10-22-14:31:2
Number,RSSI,,Lower,,Upper,,ACP,Latitude,,,,Longitude,,,,Time
257,-79.35,dBm,-46.40,dBm,24.33,dB,20.11,dB,N,37,32,27.477903,E,126,58,23.356102,2025-10-22-14:31:4
Number,RSSI,,Lower,,Upper,,ACP,Latitude,,,,Longitude,,,,Time
258,-81.58,dBm,-48.17,dBm,34.67,dB,26.04,dB,N,37,32,28.029207,E,126,58,22.969915,2025-10-22-14:31:6
Number,RSSI,,Lower,,Upper,,ACP,Latitude,,,,Longitude,,,,Time
259,-76.35,dBm,-42.99,dBm,30.03,dB,19.34,dB,N,37,32,28.764278,E,126,58,22.815441,2025-10-22-14:31:8
Number,RSSI,,Lower,,Upper,,ACP,Latitude,,,,Longitude,,,,Time
260,-88.17,dBm,-48.86,dBm,24.76,dB,24.61,dB,N,37,32,29.438095,E,126,58,22.506493,2025-10-22-14:31:10
Number,RSSI,,Lower,,Upper,,ACP,Latitude,,,,Longitude,,,,Time
261,-79.10,dBm,-49.19,dBm,33.32,dB,30.05,dB,N,37,32,30.050655,E,126,58,22.197542,2025-10-22-14:31:12
Number,RSSI,,Lower,,Upper,,ACP,Latitude,,,,Longitude,,,,Time
262,-80.74,dBm,-46.33,dBm,32.73,dB,27.40,dB,N,37,32,30.663216,E,126,58,22.043068,2025-10-22-14:31:14
Number,RSSI,,Lower,,Upper,,ACP,Latitude,,,,Longitude,,,,Time
263,-81.37,dBm,-49.56,dBm,27.25,dB,31.72,dB,N,37,32,31.398287,E,126,58,22.043068,2025-10-22-14:31:16
Number,RSSI,,Lower,,Upper,,ACP,Latitude,,,,Longitude,,,,Time
264,-83.07,dBm,-46.98,dBm,24.20,dB,23.14,dB,N,37,32,31.888336,E,126,58,21.888594,2025-10-22-14:31:18
Number,RSSI,,Lower,,Upper,,ACP,Latitude,,,,Longitude,,,,Time
265,-75.26,dBm,-42.74,dBm,36.01,dB,21.06,dB,N,37,32,32.623409,E,126,58,21.502409,2025-10-22-14:31:21
Number,RSSI,,Lower,,Upper,,ACP,Latitude,,,,Longitude,,,,Time
266,-86.05,dBm,-41.66,dBm,36.88,dB,38.87,dB,N,37,32,33.174713,E,126,58,21.347933,2025-10-22-14:31:23
Number,RSSI,,Lower,,Upper,,ACP,Latitude,,,,Longitude,,,,Time
267,-78.99,dBm,-44.33,dBm,28.57,dB,26.03,dB,N,37,32,33.726017,E,126,58,21.116222,2025-10-22-14:31:25
Number,RSSI,,Lower,,Upper,,ACP,Latitude,,,,Longitude,,,,Time
268,-82.65,dBm,-47.51,dBm,30.80,dB,22.03,dB,N,37,32,34.338577,E,126,58,20.652800,2025-10-22-14:31:28
Number,RSSI,,Lower,,Upper,,ACP,Latitude,,,,Longitude,,,,Time
269,-89.71,dBm,-48.14,dBm,30.02,dB,21.71,dB,N,37,32,34.828625,E,126,58,20.575562,2025-10-22-14:31:30
Number,RSSI,,Lower,,Upper,,ACP,Latitude,,,,Longitude,,,,Time
270,-80.43,dBm,-46.64,dBm,32.44,dB,28.05,dB,N,37,32,35.318672,E,126,58,20.421087,2025-10-22-14:31:32
Number,RSSI,,Lower,,Upper,,ACP,Latitude,,,,Longitude,,,,Time
271,-73.80,dBm,-37.64,dBm,22.88,dB,22.51,dB,N,37,32,35.931232,E,126,58,20.343849,2025-10-22-14:31:35
Number,RSSI,,Lower,,Upper,,ACP,Latitude,,,,Longitude,,,,Time
272,-80.55,dBm,-39.17,dBm,48.84,dB,21.92,dB,N,37,32,36.482536,E,126,58,20.421087,2025-10-22-14:31:38
Number,RSSI,,Lower,,Upper,,ACP,Latitude,,,,Longitude,,,,Time
273,-71.24,dBm,-37.04,dBm,33.56,dB,20.32,dB,N,37,32,36.972584,E,126,58,20.498323,2025-10-22-14:31:46
Number,RSSI,,Lower,,Upper,,ACP,Latitude,,,,Longitude,,,,Time
274,-79.85,dBm,-47.77,dBm,20.55,dB,30.68,dB,N,37,32,37.585144,E,126,58,20.189375,2025-10-22-14:31:51
Number,RSSI,,Lower,,Upper,,ACP,Latitude,,,,Longitude,,,,Time
275,-82.22,dBm,-47.61,dBm,27.46,dB,22.18,dB,N,37,32,38.197704,E,126,58,20.034901,2025-10-22-14:31:54
Number,RSSI,,Lower,,Upper,,ACP,Latitude,,,,Longitude,,,,Time
276,-75.28,dBm,-47.99,dBm,22.04,dB,38.83,dB,N,37,32,38.687752,E,126,58,19.957664,2025-10-22-14:31:56
Number,RSSI,,Lower,,Upper,,ACP,Latitude,,,,Longitude,,,,Time
277,-86.79,dBm,-45.13,dBm,28.89,dB,33.77,dB,N,37,32,39.239056,E,126,58,19.803190,2025-10-22-14:31:58
Number,RSSI,,Lower,,Upper,,ACP,Latitude,,,,Longitude,,,,Time
278,-84.90,dBm,-51.35,dBm,32.07,dB,29.07,dB,N,37,32,39.790359,E,126,58,19.648714,2025-10-22-14:32:0
Number,RSSI,,Lower,,Upper,,ACP,Latitude,,,,Longitude,,,,Time
279,-79.44,dBm,-48.83,dBm,25.35,dB,31.01,dB,N,37,32,40.341663,E,126,58,19.417004,2025-10-22-14:32:3
Number,RSSI,,Lower,,Upper,,ACP,Latitude,,,,Longitude,,,,Time
280,-82.31,dBm,-47.37,dBm,29.93,dB,23.62,dB,N,37,32,40.892967,E,126,58,18.876343,2025-10-22-14:33:49
Number,RSSI,,Lower,,Upper,,ACP,Latitude,,,,Longitude,,,,Time
281,-74.99,dBm,-44.75,dBm,28.83,dB,34.95,dB,N,37,32,41.444271,E,126,58,18.953581,2025-10-22-14:33:54
Number,RSSI,,Lower,,Upper,,ACP,Latitude,,,,Longitude,,,,Time
282,-78.99,dBm,-45.71,dBm,22.35,dB,30.54,dB,N,37,32,41.873066,E,126,58,19.571478,2025-10-22-14:34:6
Number,RSSI,,Lower,,Upper,,ACP,Latitude,,,,Longitude,,,,Time
283,-78.37,dBm,-46.64,dBm,28.79,dB,35.37,dB,N,37,32,42.301857,E,126,58,20.421087,2025-10-22-14:34:15
Number,RSSI,,Lower,,Upper,,ACP,Latitude,,,,Longitude,,,,Time
284,-75.42,dBm,-42.77,dBm,31.18,dB,24.12,dB,N,37,32,42.363113,E,126,58,21.038984,2025-10-22-14:34:17
Number,RSSI,,Lower,,Upper,,ACP,Latitude,,,,Longitude,,,,Time
285,-84.79,dBm,-47.71,dBm,26.03,dB,30.63,dB,N,37,32,42.424370,E,126,58,21.656883,2025-10-22-14:34:19
Number,RSSI,,Lower,,Upper,,ACP,Latitude,,,,Longitude,,,,Time
286,-82.19,dBm,-46.89,dBm,35.04,dB,41.65,dB,N,37,32,42.546879,E,126,58,22.352018,2025-10-22-14:34:21
Number,RSSI,,Lower,,Upper,,ACP,Latitude,,,,Longitude,,,,Time
287,-78.89,dBm,-48.82,dBm,23.41,dB,34.69,dB,N,37,32,42.669392,E,126,58,23.124390,2025-10-22-14:34:23
Number,RSSI,,Lower,,Upper,,ACP,Latitude,,,,Longitude,,,,Time
288,-77.29,dBm,-49.66,dBm,30.50,dB,26.25,dB,N,37,32,42.853161,E,126,58,23.819525,2025-10-22-14:34:25
Number,RSSI,,Lower,,Upper,,ACP,Latitude,,,,Longitude,,,,Time
289,-79.39,dBm,-49.32,dBm,26.28,dB,27.04,dB,N,37,32,42.914417,E,126,58,24.591896,2025-10-22-14:34:27
Number,RSSI,,Lower,,Upper,,ACP,Latitude,,,,Longitude,,,,Time
290,-84.94,dBm,-49.94,dBm,28.45,dB,20.75,dB,N,37,32,43.036930,E,126,58,25.364269,2025-10-22-14:34:29
Number,RSSI,,Lower,,Upper,,ACP,Latitude,,,,Longitude,,,,Time
291,-81.42,dBm,-48.78,dBm,25.22,dB,29.69,dB,N,37,32,43.098186,E,126,58,26.213879,2025-10-22-14:34:31
Number,RSSI,,Lower,,Upper,,ACP,Latitude,,,,Longitude,,,,Time
292,-81.22,dBm,-47.45,dBm,37.05,dB,31.92,dB,N,37,32,43.220695,E,126,58,27.140724,2025-10-22-14:34:33
Number,RSSI,,Lower,,Upper,,ACP,Latitude,,,,Longitude,,,,Time
293,-87.45,dBm,-48.45,dBm,28.52,dB,22.76,dB,N,37,32,43.343208,E,126,58,28.144808,2025-10-22-14:34:35
Number,RSSI,,Lower,,Upper,,ACP,Latitude,,,,Longitude,,,,Time
294,-87.60,dBm,-47.42,dBm,24.53,dB,26.78,dB,N,37,32,43.465721,E,126,58,29.226130,2025-10-22-14:34:37
Number,RSSI,,Lower,,Upper,,ACP,Latitude,,,,Longitude,,,,Time
295,-82.17,dBm,-47.98,dBm,30.89,dB,23.59,dB,N,37,32,43.649490,E,126,58,30.307451,2025-10-22-14:34:39
Number,RSSI,,Lower,,Upper,,ACP,Latitude,,,,Longitude,,,,Time
296,-84.21,dBm,-46.43,dBm,22.78,dB,25.10,dB,N,37,32,43.710743,E,126,58,30.925348,2025-10-22-14:34:40
Number,RSSI,,Lower,,Upper,,ACP,Latitude,,,,Longitude,,,,Time
297,-76.12,dBm,-41.65,dBm,25.83,dB,33.80,dB,N,37,32,43.894512,E,126,58,32.161144,2025-10-22-14:34:42
Number,RSSI,,Lower,,Upper,,ACP,Latitude,,,,Longitude,,,,Time
298,-84.49,dBm,-41.95,dBm,34.65,dB,24.22,dB,N,37,32,43.955769,E,126,58,32.856277,2025-10-22-14:34:43
Number,RSSI,,Lower,,Upper,,ACP,Latitude,,,,Longitude,,,,Time
299,-90.08,dBm,-40.39,dBm,33.81,dB,22.33,dB,N,37,32,44.078281,E,126,58,33.628651,2025-10-22-14:34:44
Number,RSSI,,Lower,,Upper,,ACP,Latitude,,,,Longitude,,,,Time
300,-79.99,dBm,-39.68,dBm,20.96,dB,29.96,dB,N,37,32,44.200794,E,126,58,34.478260,2025-10-22-14:34:45
Number,RSSI,,Lower,,Upper,,ACP,Latitude,,,,Longitude,,,,Time
301,-69.30,dBm,-43.13,dBm,27.57,dB,28.04,dB,N,37,32,44.323303,E,126,58,35.250633,2025-10-22-14:34:46
Number,RSSI,,Lower,,Upper,,ACP,Latitude,,,,Longitude,,,,Time
302,-78.76,dBm,-42.89,dBm,18.72,dB,34.35,dB,N,37,32,44.445816,E,126,58,36.023006,2025-10-22-14:34:47
Number,RSSI,,Lower,,Upper,,ACP,Latitude,,,,Longitude,,,,Time
303,-81.17,dBm,-45.05,dBm,22.77,dB,26.15,dB,N,37,32,44.568329,E,126,58,36.718140,2025-10-22-14:34:48
Number,RSSI,,Lower,,Upper,,ACP,Latitude,,,,Longitude,,,,Time
304,-73.92,dBm,-38.70,dBm,22.64,dB,27.70,dB,N,37,32,44.629585,E,126,58,37.336037,2025-10-22-14:34:49
Number,RSSI,,Lower,,Upper,,ACP,Latitude,,,,Longitude,,,,Time
305,-78.58,dBm,-41.58,dBm,24.39,dB,26.04,dB,N,37,32,44.752098,E,126,58,37.953934,2025-10-22-14:34:50
Number,RSSI,,Lower,,Upper,,ACP,Latitude,,,,Longitude,,,,Time
306,-81.48,dBm,-42.82,dBm,38.06,dB,22.55,dB,N,37,32,44.813354,E,126,58,38.571835,2025-10-22-14:34:51
Number,RSSI,,Lower,,Upper,,ACP,Latitude,,,,Longitude,,,,Time
307,-84.22,dBm,-38.80,dBm,28.47,dB,35.32,dB,N,37,32,44.997120,E,126,58,39.575916,2025-10-22-14:34:53
Number,RSSI,,Lower,,Upper,,ACP,Latitude,,,,Longitude,,,,Time
308,-80.98,dBm,-37.66,dBm,21.71,dB,33.73,dB,N,37,32,45.119633,E,126,58,40.348289,2025-10-22-14:34:55
Number,RSSI,,Lower,,Upper,,ACP,Latitude,,,,Longitude,,,,Time
309,-72.20,dBm,-37.58,dBm,25.75,dB,32.26,dB,N,37,32,45.242146,E,126,58,41.043423,2025-10-22-14:34:58
Number,RSSI,,Lower,,Upper,,ACP,Latitude,,,,Longitude,,,,Time
310,-69.75,dBm,-36.02,dBm,24.27,dB,38.17,dB,N,37,32,45.425915,E,126,58,41.815796,2025-10-22-14:36:23
Number,RSSI,,Lower,,Upper,,ACP,Latitude,,,,Longitude,,,,Time
311,-78.31,dBm,-46.97,dBm,34.31,dB,32.68,dB,N,37,32,45.548424,E,126,58,42.510929,2025-10-22-14:36:26
Number,RSSI,,Lower,,Upper,,ACP,Latitude,,,,Longitude,,,,Time
312,-79.03,dBm,-49.71,dBm,24.87,dB,24.11,dB,N,37,32,45.793449,E,126,58,43.283302,2025-10-22-14:36:29
Number,RSSI,,Lower,,Upper,,ACP,Latitude,,,,Longitude,,,,Time
313,-89.62,dBm,-52.65,dBm,26.88,dB,28.67,dB,N,37,32,45.854706,E,126,58,43.978439,2025-10-22-14:36:31
Number,RSSI,,Lower,,Upper,,ACP,Latitude,,,,Longitude,,,,Time
314,-77.11,dBm,-47.62,dBm,21.11,dB,30.77,dB,N,37,32,45.915962,E,126,58,44.750809,2025-10-22-14:36:33
Number,RSSI,,Lower,,Upper,,ACP,Latitude,,,,Longitude,,,,Time
315,-79.88,dBm,-49.08,dBm,31.62,dB,15.53,dB,N,37,32,46.038471,E,126,58,45.677658,2025-10-22-14:36:35
Number,RSSI,,Lower,,Upper,,ACP,Latitude,,,,Longitude,,,,Time
316,-87.48,dBm,-50.08,dBm,31.47,dB,41.69,dB,N,37,32,46.099728,E,126,58,46.527267,2025-10-22-14:36:37
Number,RSSI,,Lower,,Upper,,ACP,Latitude,,,,Longitude,,,,Time
317,-74.80,dBm,-47.46,dBm,24.81,dB,38.05,dB,N,37,32,46.222240,E,126,58,47.376877,2025-10-22-14:36:39
Number,RSSI,,Lower,,Upper,,ACP,Latitude,,,,Longitude,,,,Time
318,-83.67,dBm,-45.18,dBm,21.41,dB,18.98,dB,N,37,32,46.283497,E,126,58,48.226486,2025-10-22-14:36:41
Number,RSSI,,Lower,,Upper,,ACP,Latitude,,,,Longitude,,,,Time
319,-83.91,dBm,-44.56,dBm,26.57,dB,29.72,dB,N,37,32,46.344753,E,126,58,48.844383,2025-10-22-14:36:43
Number,RSSI,,Lower,,Upper,,ACP,Latitude,,,,Longitude,,,,Time
320,-75.47,dBm,-42.97,dBm,27.25,dB,31.66,dB,N,37,32,46.589779,E,126,58,49.462280,2025-10-22-14:36:46
Number,RSSI,,Lower,,Upper,,ACP,Latitude,,,,Longitude,,,,Time
321,-81.25,dBm,-38.03,dBm,42.44,dB,21.95,dB,N,37,32,46.957314,E,126,58,50.157413,2025-10-22-14:36:49
Number,RSSI,,Lower,,Upper,,ACP,Latitude,,,,Longitude,,,,Time
322,-69.75,dBm,-35.07,dBm,28.56,dB,24.55,dB,N,37,32,47.386105,E,126,58,50.775314,2025-10-22-14:36:52
Number,RSSI,,Lower,,Upper,,ACP,Latitude,,,,Longitude,,,,Time
323,-74.05,dBm,-37.59,dBm,25.46,dB,26.03,dB,N,37,32,47.876152,E,126,58,51.315975,2025-10-22-14:36:55
Number,RSSI,,Lower,,Upper,,ACP,Latitude,,,,Longitude,,,,Time
324,-80.66,dBm,-44.20,dBm,35.07,dB,25.49,dB,N,37,32,48.182434,E,126,58,52.088345,2025-10-22-14:36:59
Number,RSSI,,Lower,,Upper,,ACP,Latitude,,,,Longitude,,,,Time
325,-76.88,dBm,-37.18,dBm,37.35,dB,33.62,dB,N,37,32,48.733738,E,126,58,52.320057,2025-10-22-14:37:6
Number,RSSI,,Lower,,Upper,,ACP,Latitude,,,,Longitude,,,,Time
326,-87.00,dBm,-38.58,dBm,32.38,dB,36.73,dB,N,37,32,49.223785,E,126,58,52.860718,2025-10-22-14:37:12
Number,RSSI,,Lower,,Upper,,ACP,Latitude,,,,Longitude,,,,Time
327,-67.37,dBm,-34.29,dBm,28.35,dB,21.35,dB,N,37,32,49.652576,E,126,58,53.478615,2025-10-22-14:37:18
Number,RSSI,,Lower,,Upper,,ACP,Latitude,,,,Longitude,,,,Time
328,-76.65,dBm,-38.77,dBm,23.28,dB,26.03,dB,N,37,32,50.142624,E,126,58,54.019276,2025-10-22-14:37:25
Number,RSSI,,Lower,,Upper,,ACP,Latitude,,,,Longitude,,,,Time
329,-71.25,dBm,-32.60,dBm,34.51,dB,21.20,dB,N,37,32,49.897602,E,126,58,54.637173,2025-10-22-14:37:31
