VIAVI Solutions,JD785B,PLM21190,3.110.023

<Mode>
Spectrum / OTA Route Map
 
Latitude:,37'33"13.18N
Longitude:,126'58"44.00E
Time:,2025-10-22 18:32:07 
 
<Setup>
Center Frequency:,765.000000,MHz
Span:,20.000000,MHz
Start Frequency:,755.000000,MHz
Stop Frequency:,775.000000,MHz
Channel :,5350 FWD
Channel Standard :,Band Global
Preamp:,Off
Attenuation:,15,dB
External Offset:,On,0.000000,dB
Freq Reference:,GPS
Trigger Source:,Internal
Trigger:,Free Run
Mode:,Sweep
Detector:,RMS
RBW [A]:,100 kHz
VBW [A]:,100 kHz
Sweep Time:,10.73 ms
Average:,1
 
Number,RSSI,,Lower,,Upper,,ACP,Latitude,,,,Longitude,,,,Time
0,-71.61,dBm,-39.97,dBm,27.75,dB,35.56,dB,N,37,33,14.093724,E,126,58,44.055676,2025-10-22-18:28:24
Number,RSSI,,Lower,,Upper,,ACP,Latitude,,,,Longitude,,,,Time
1,-78.27,dBm,-40.93,dBm,32.98,dB,23.09,dB,N,37,33,13.603676,E,126,58,44.055676,2025-10-22-18:28:51
Number,RSSI,,Lower,,Upper,,ACP,Latitude,,,,Longitude,,,,Time
2,-84.97,dBm,-47.60,dBm,24.19,dB,31.91,dB,N,37,33,13.113628,E,126,58,44.055676,2025-10-22-18:28:54
Number,RSSI,,Lower,,Upper,,ACP,Latitude,,,,Longitude,,,,Time
3,-80.08,dBm,-47.14,dBm,27.94,dB,26.67,dB,N,37,33,12.562325,E,126,58,44.055676,2025-10-22-18:28:57
Number,RSSI,,Lower,,Upper,,ACP,Latitude,,,,Longitude,,,,Time
4,-82.31,dBm,-41.64,dBm,23.31,dB,25.33,dB,N,37,33,11.949764,E,126,58,44.210148,2025-10-22-18:29:0
Number,RSSI,,Lower,,Upper,,ACP,Latitude,,,,Longitude,,,,Time
5,-82.08,dBm,-42.76,dBm,20.39,dB,27.15,dB,N,37,33,11.459716,E,126,58,44.673573,2025-10-22-18:29:3
Number,RSSI,,Lower,,Upper,,ACP,Latitude,,,,Longitude,,,,Time
6,-87.04,dBm,-46.40,dBm,27.83,dB,29.52,dB,N,37,33,11.275948,E,126,58,45.291470,2025-10-22-18:29:7
Number,RSSI,,Lower,,Upper,,ACP,Latitude,,,,Longitude,,,,Time
7,-88.48,dBm,-47.72,dBm,29.03,dB,26.20,dB,N,37,33,11.765996,E,126,58,45.523182,2025-10-22-18:29:13
Number,RSSI,,Lower,,Upper,,ACP,Latitude,,,,Longitude,,,,Time
8,-83.32,dBm,-47.57,dBm,30.93,dB,18.14,dB,N,37,33,12.317300,E,126,58,45.600418,2025-10-22-18:29:20
Number,RSSI,,Lower,,Upper,,ACP,Latitude,,,,Longitude,,,,Time
9,-76.49,dBm,-42.43,dBm,25.77,dB,44.53,dB,N,37,33,12.807348,E,126,58,45.677658,2025-10-22-18:29:23
Number,RSSI,,Lower,,Upper,,ACP,Latitude,,,,Longitude,,,,Time
10,-80.71,dBm,-49.08,dBm,21.39,dB,26.62,dB,N,37,33,13.358652,E,126,58,45.909367,2025-10-22-18:29:26
Number,RSSI,,Lower,,Upper,,ACP,Latitude,,,,Longitude,,,,Time
11,-81.54,dBm,-47.37,dBm,21.83,dB,26.39,dB,N,37,33,13.971212,E,126,58,46.218319,2025-10-22-18:29:29
Number,RSSI,,Lower,,Upper,,ACP,Latitude,,,,Longitude,,,,Time
12,-80.90,dBm,-42.81,dBm,19.59,dB,33.24,dB,N,37,33,14.583773,E,126,58,46.604504,2025-10-22-18:29:32
Number,RSSI,,Lower,,Upper,,ACP,Latitude,,,,Longitude,,,,Time
13,-78.12,dBm,-43.74,dBm,19.01,dB,30.65,dB,N,37,33,15.196332,E,126,58,47.067928,2025-10-22-18:29:35
Number,RSSI,,Lower,,Upper,,ACP,Latitude,,,,Longitude,,,,Time
14,-84.16,dBm,-53.27,dBm,29.20,dB,34.05,dB,N,37,33,15.808892,E,126,58,47.531349,2025-10-22-18:29:38
Number,RSSI,,Lower,,Upper,,ACP,Latitude,,,,Longitude,,,,Time
15,-81.00,dBm,-46.66,dBm,26.56,dB,24.25,dB,N,37,33,16.298941,E,126,58,48.303722,2025-10-22-18:29:43
Number,RSSI,,Lower,,Upper,,ACP,Latitude,,,,Longitude,,,,Time
16,-74.56,dBm,-38.04,dBm,27.23,dB,38.86,dB,N,37,33,16.605221,E,126,58,48.998856,2025-10-22-18:29:45
Number,RSSI,,Lower,,Upper,,ACP,Latitude,,,,Longitude,,,,Time
17,-82.61,dBm,-50.76,dBm,32.41,dB,31.08,dB,N,37,33,17.034012,E,126,58,49.693993,2025-10-22-18:29:47
Number,RSSI,,Lower,,Upper,,ACP,Latitude,,,,Longitude,,,,Time
18,-83.40,dBm,-51.22,dBm,24.28,dB,25.59,dB,N,37,33,17.217781,E,126,58,50.311890,2025-10-22-18:29:49
Number,RSSI,,Lower,,Upper,,ACP,Latitude,,,,Longitude,,,,Time
19,-80.97,dBm,-52.46,dBm,27.01,dB,26.47,dB,N,37,33,17.340292,E,126,58,50.929787,2025-10-22-18:29:51
Number,RSSI,,Lower,,Upper,,ACP,Latitude,,,,Longitude,,,,Time
20,-79.15,dBm,-48.62,dBm,26.27,dB,27.75,dB,N,37,33,17.462805,E,126,58,51.624924,2025-10-22-18:29:54
Number,RSSI,,Lower,,Upper,,ACP,Latitude,,,,Longitude,,,,Time
21,-81.40,dBm,-45.04,dBm,27.05,dB,28.43,dB,N,37,33,17.952852,E,126,58,51.856632,2025-10-22-18:29:58
Number,RSSI,,Lower,,Upper,,ACP,Latitude,,,,Longitude,,,,Time
22,-81.56,dBm,-38.81,dBm,25.56,dB,23.84,dB,N,37,33,18.504156,E,126,58,51.238735,2025-10-22-18:30:2
Number,RSSI,,Lower,,Upper,,ACP,Latitude,,,,Longitude,,,,Time
23,-67.59,dBm,-38.44,dBm,22.62,dB,26.02,dB,N,37,33,18.932949,E,126,58,50.466366,2025-10-22-18:30:5
Number,RSSI,,Lower,,Upper,,ACP,Latitude,,,,Longitude,,,,Time
24,-73.27,dBm,-39.98,dBm,25.92,dB,28.94,dB,N,37,33,19.361740,E,126,58,49.616756,2025-10-22-18:30:8
Number,RSSI,,Lower,,Upper,,ACP,Latitude,,,,Longitude,,,,Time
25,-76.51,dBm,-40.08,dBm,26.73,dB,22.99,dB,N,37,33,19.668020,E,126,58,48.998856,2025-10-22-18:30:10
Number,RSSI,,Lower,,Upper,,ACP,Latitude,,,,Longitude,,,,Time
26,-82.41,dBm,-42.95,dBm,42.78,dB,32.87,dB,N,37,33,20.035557,E,126,58,48.380959,2025-10-22-18:30:12
Number,RSSI,,Lower,,Upper,,ACP,Latitude,,,,Longitude,,,,Time
27,-79.07,dBm,-44.09,dBm,27.17,dB,19.63,dB,N,37,33,20.403093,E,126,58,47.763062,2025-10-22-18:30:14
Number,RSSI,,Lower,,Upper,,ACP,Latitude,,,,Longitude,,,,Time
28,-79.30,dBm,-40.57,dBm,31.59,dB,32.13,dB,N,37,33,20.770630,E,126,58,47.067928,2025-10-22-18:30:16
Number,RSSI,,Lower,,Upper,,ACP,Latitude,,,,Longitude,,,,Time
29,-81.34,dBm,-40.96,dBm,20.87,dB,21.75,dB,N,37,33,21.138165,E,126,58,46.372791,2025-10-22-18:30:18
Number,RSSI,,Lower,,Upper,,ACP,Latitude,,,,Longitude,,,,Time
30,-75.44,dBm,-40.47,dBm,26.56,dB,28.29,dB,N,37,33,21.505701,E,126,58,45.754894,2025-10-22-18:30:20
Number,RSSI,,Lower,,Upper,,ACP,Latitude,,,,Longitude,,,,Time
31,-81.37,dBm,-37.75,dBm,33.54,dB,24.86,dB,N,37,33,21.873238,E,126,58,45.136997,2025-10-22-18:30:22
Number,RSSI,,Lower,,Upper,,ACP,Latitude,,,,Longitude,,,,Time
32,-83.60,dBm,-42.59,dBm,27.75,dB,16.92,dB,N,37,33,22.179518,E,126,58,44.287388,2025-10-22-18:30:25
Number,RSSI,,Lower,,Upper,,ACP,Latitude,,,,Longitude,,,,Time
33,-82.33,dBm,-45.90,dBm,27.21,dB,29.43,dB,N,37,33,22.179518,E,126,58,43.360538,2025-10-22-18:30:28
Number,RSSI,,Lower,,Upper,,ACP,Latitude,,,,Longitude,,,,Time
34,-82.92,dBm,-45.38,dBm,26.59,dB,27.20,dB,N,37,33,22.118261,E,126,58,42.742641,2025-10-22-18:30:30
Number,RSSI,,Lower,,Upper,,ACP,Latitude,,,,Longitude,,,,Time
35,-77.90,dBm,-42.99,dBm,24.87,dB,19.57,dB,N,37,33,22.057005,E,126,58,42.047508,2025-10-22-18:30:32
Number,RSSI,,Lower,,Upper,,ACP,Latitude,,,,Longitude,,,,Time
36,-76.09,dBm,-40.97,dBm,29.08,dB,22.01,dB,N,37,33,21.934494,E,126,58,41.429611,2025-10-22-18:30:34
Number,RSSI,,Lower,,Upper,,ACP,Latitude,,,,Longitude,,,,Time
37,-77.65,dBm,-39.25,dBm,33.97,dB,25.87,dB,N,37,33,21.873238,E,126,58,40.811710,2025-10-22-18:30:36
Number,RSSI,,Lower,,Upper,,ACP,Latitude,,,,Longitude,,,,Time
38,-71.89,dBm,-38.06,dBm,41.53,dB,19.05,dB,N,37,33,21.811981,E,126,58,40.116577,2025-10-22-18:30:38
Number,RSSI,,Lower,,Upper,,ACP,Latitude,,,,Longitude,,,,Time
39,-78.86,dBm,-39.01,dBm,39.04,dB,20.87,dB,N,37,33,21.750725,E,126,58,39.421444,2025-10-22-18:30:40
Number,RSSI,,Lower,,Upper,,ACP,Latitude,,,,Longitude,,,,Time
40,-71.78,dBm,-39.13,dBm,34.11,dB,24.67,dB,N,37,33,21.689468,E,126,58,38.726307,2025-10-22-18:30:42
Number,RSSI,,Lower,,Upper,,ACP,Latitude,,,,Longitude,,,,Time
41,-91.69,dBm,-35.46,dBm,26.93,dB,25.35,dB,N,37,33,21.505701,E,126,58,37.876698,2025-10-22-18:30:45
Number,RSSI,,Lower,,Upper,,ACP,Latitude,,,,Longitude,,,,Time
42,-75.10,dBm,-37.52,dBm,25.28,dB,17.42,dB,N,37,33,21.015654,E,126,58,37.181564,2025-10-22-18:30:48
Number,RSSI,,Lower,,Upper,,ACP,Latitude,,,,Longitude,,,,Time
43,-71.56,dBm,-37.25,dBm,29.34,dB,29.62,dB,N,37,33,20.525604,E,126,58,36.718140,2025-10-22-18:30:50
Number,RSSI,,Lower,,Upper,,ACP,Latitude,,,,Longitude,,,,Time
44,-62.69,dBm,-33.73,dBm,24.51,dB,29.23,dB,N,37,33,20.035557,E,126,58,36.409191,2025-10-22-18:30:52
Number,RSSI,,Lower,,Upper,,ACP,Latitude,,,,Longitude,,,,Time
45,-71.79,dBm,-33.80,dBm,30.20,dB,43.16,dB,N,37,33,19.545509,E,126,58,36.254715,2025-10-22-18:30:54
Number,RSSI,,Lower,,Upper,,ACP,Latitude,,,,Longitude,,,,Time
46,-64.91,dBm,-33.21,dBm,28.33,dB,43.90,dB,N,37,33,18.932949,E,126,58,36.331955,2025-10-22-18:30:57
Number,RSSI,,Lower,,Upper,,ACP,Latitude,,,,Longitude,,,,Time
47,-79.10,dBm,-35.69,dBm,23.30,dB,26.53,dB,N,37,33,18.381645,E,126,58,37.027088,2025-10-22-18:31:1
Number,RSSI,,Lower,,Upper,,ACP,Latitude,,,,Longitude,,,,Time
48,-58.61,dBm,-32.57,dBm,27.68,dB,26.72,dB,N,37,33,17.952852,E,126,58,37.722225,2025-10-22-18:31:30
Number,RSSI,,Lower,,Upper,,ACP,Latitude,,,,Longitude,,,,Time
49,-71.39,dBm,-36.06,dBm,27.15,dB,27.43,dB,N,37,33,17.585318,E,126,58,38.417358,2025-10-22-18:31:33
Number,RSSI,,Lower,,Upper,,ACP,Latitude,,,,Longitude,,,,Time
50,-78.11,dBm,-36.40,dBm,19.22,dB,32.15,dB,N,37,33,17.095268,E,126,58,39.266968,2025-10-22-18:31:36
Number,RSSI,,Lower,,Upper,,ACP,Latitude,,,,Longitude,,,,Time
51,-74.11,dBm,-37.34,dBm,16.91,dB,33.24,dB,N,37,33,16.788988,E,126,58,39.884865,2025-10-22-18:31:38
Number,RSSI,,Lower,,Upper,,ACP,Latitude,,,,Longitude,,,,Time
52,-74.73,dBm,-40.48,dBm,34.89,dB,24.85,dB,N,37,33,16.421453,E,126,58,40.502762,2025-10-22-18:31:40
Number,RSSI,,Lower,,Upper,,ACP,Latitude,,,,Longitude,,,,Time
53,-75.89,dBm,-42.59,dBm,27.07,dB,29.42,dB,N,37,33,16.115173,E,126,58,41.120663,2025-10-22-18:31:42
Number,RSSI,,Lower,,Upper,,ACP,Latitude,,,,Longitude,,,,Time
54,-72.73,dBm,-41.76,dBm,24.16,dB,25.25,dB,N,37,33,15.747637,E,126,58,41.738560,2025-10-22-18:31:44
Number,RSSI,,Lower,,Upper,,ACP,Latitude,,,,Longitude,,,,Time
55,-78.44,dBm,-45.27,dBm,30.54,dB,25.95,dB,N,37,33,15.318845,E,126,58,42.433693,2025-10-22-18:31:47
Number,RSSI,,Lower,,Upper,,ACP,Latitude,,,,Longitude,,,,Time
56,-90.71,dBm,-45.29,dBm,22.25,dB,36.52,dB,N,37,33,14.890053,E,126,58,43.051590,2025-10-22-18:31:51
Number,RSSI,,Lower,,Upper,,ACP,Latitude,,,,Longitude,,,,Time
57,-86.66,dBm,-48.48,dBm,27.54,dB,23.95,dB,N,37,33,14.338748,E,126,58,43.669491,2025-10-22-18:32:1
