VIAVI Solutions,JD785B,PLM21190,3.110.023

<Mode>
Spectrum / OTA Route Map
 
Latitude:,37'33"18.43N
Longitude:,126'58"51.37E
Time:,2025-10-22 16:54:50 
 
<Setup>
Center Frequency:,765.000000,MHz
Span:,20.000000,MHz
Start Frequency:,755.000000,MHz
Stop Frequency:,775.000000,MHz
Channel :,5350 FWD
Channel Standard :,Band Global
Preamp:,Off
Attenuation:,15,dB
External Offset:,On,0.000000,dB
Freq Reference:,GPS
Trigger Source:,Internal
Trigger:,Free Run
Mode:,Sweep
Detector:,RMS
RBW [A]:,100 kHz
VBW [A]:,100 kHz
Sweep Time:,10.73 ms
Average:,1
 
Number,RSSI,,Lower,,Upper,,ACP,Latitude,,,,Longitude,,,,Time
0,-84.24,dBm,-43.87,dBm,28.00,dB,22.51,dB,N,37,33,11.275948,E,126,58,45.059757,2025-10-22-16:49:59
Number,RSSI,,Lower,,Upper,,ACP,Latitude,,,,Longitude,,,,Time
1,-75.63,dBm,-45.96,dBm,20.45,dB,34.07,dB,N,37,33,11.888508,E,126,58,45.523182,2025-10-22-16:50:41
Number,RSSI,,Lower,,Upper,,ACP,Latitude,,,,Longitude,,,,Time
2,-81.82,dBm,-46.17,dBm,23.53,dB,28.80,dB,N,37,33,12.378556,E,126,58,45.600418,2025-10-22-16:50:44
Number,RSSI,,Lower,,Upper,,ACP,Latitude,,,,Longitude,,,,Time
3,-81.56,dBm,-47.65,dBm,18.47,dB,32.56,dB,N,37,33,12.868604,E,126,58,45.754894,2025-10-22-16:50:48
Number,RSSI,,Lower,,Upper,,ACP,Latitude,,,,Longitude,,,,Time
4,-79.97,dBm,-47.16,dBm,24.54,dB,20.83,dB,N,37,33,13.358652,E,126,58,45.909367,2025-10-22-16:50:54
Number,RSSI,,Lower,,Upper,,ACP,Latitude,,,,Longitude,,,,Time
5,-76.21,dBm,-46.63,dBm,30.79,dB,33.06,dB,N,37,33,13.848701,E,126,58,46.218319,2025-10-22-16:51:6
Number,RSSI,,Lower,,Upper,,ACP,Latitude,,,,Longitude,,,,Time
6,-69.79,dBm,-39.22,dBm,19.61,dB,38.49,dB,N,37,33,14.338748,E,126,58,46.527267,2025-10-22-16:51:10
Number,RSSI,,Lower,,Upper,,ACP,Latitude,,,,Longitude,,,,Time
7,-77.20,dBm,-44.42,dBm,25.35,dB,30.33,dB,N,37,33,14.828796,E,126,58,46.836216,2025-10-22-16:51:13
Number,RSSI,,Lower,,Upper,,ACP,Latitude,,,,Longitude,,,,Time
8,-82.01,dBm,-45.68,dBm,27.47,dB,25.69,dB,N,37,33,15.318845,E,126,58,47.299637,2025-10-22-16:51:16
Number,RSSI,,Lower,,Upper,,ACP,Latitude,,,,Longitude,,,,Time
9,-82.27,dBm,-52.08,dBm,27.51,dB,22.00,dB,N,37,33,15.747637,E,126,58,47.917538,2025-10-22-16:51:21
Number,RSSI,,Lower,,Upper,,ACP,Latitude,,,,Longitude,,,,Time
10,-65.67,dBm,-32.63,dBm,21.11,dB,31.96,dB,N,37,33,16.237684,E,126,58,48.458195,2025-10-22-16:51:24
Number,RSSI,,Lower,,Upper,,ACP,Latitude,,,,Longitude,,,,Time
11,-74.58,dBm,-36.15,dBm,23.25,dB,38.15,dB,N,37,33,16.360197,E,126,58,49.076096,2025-10-22-16:51:25
Number,RSSI,,Lower,,Upper,,ACP,Latitude,,,,Longitude,,,,Time
12,-91.78,dBm,-52.04,dBm,23.88,dB,20.17,dB,N,37,33,16.727732,E,126,58,49.848465,2025-10-22-16:51:27
Number,RSSI,,Lower,,Upper,,ACP,Latitude,,,,Longitude,,,,Time
13,-88.20,dBm,-51.85,dBm,29.44,dB,23.80,dB,N,37,33,16.972757,E,126,58,50.620838,2025-10-22-16:51:29
Number,RSSI,,Lower,,Upper,,ACP,Latitude,,,,Longitude,,,,Time
14,-83.58,dBm,-47.95,dBm,22.56,dB,20.53,dB,N,37,33,17.156525,E,126,58,51.238735,2025-10-22-16:51:31
Number,RSSI,,Lower,,Upper,,ACP,Latitude,,,,Longitude,,,,Time
15,-80.17,dBm,-47.61,dBm,33.80,dB,28.69,dB,N,37,33,17.401548,E,126,58,51.856632,2025-10-22-16:51:34
Number,RSSI,,Lower,,Upper,,ACP,Latitude,,,,Longitude,,,,Time
16,-74.77,dBm,-40.08,dBm,35.27,dB,23.22,dB,N,37,33,17.891596,E,126,58,51.856632,2025-10-22-16:51:37
Number,RSSI,,Lower,,Upper,,ACP,Latitude,,,,Longitude,,,,Time
17,-70.11,dBm,-38.05,dBm,22.81,dB,26.26,dB,N,37,33,18.381645,E,126,58,51.238735,2025-10-22-16:51:40
Number,RSSI,,Lower,,Upper,,ACP,Latitude,,,,Longitude,,,,Time
18,-75.83,dBm,-38.13,dBm,30.14,dB,24.01,dB,N,37,33,18.871693,E,126,58,50.466366,2025-10-22-16:51:43
Number,RSSI,,Lower,,Upper,,ACP,Latitude,,,,Longitude,,,,Time
19,-72.36,dBm,-42.63,dBm,32.29,dB,32.27,dB,N,37,33,19.177973,E,126,58,49.848465,2025-10-22-16:51:45
Number,RSSI,,Lower,,Upper,,ACP,Latitude,,,,Longitude,,,,Time
20,-75.70,dBm,-40.02,dBm,25.38,dB,20.36,dB,N,37,33,19.545509,E,126,58,49.230568,2025-10-22-16:51:47
Number,RSSI,,Lower,,Upper,,ACP,Latitude,,,,Longitude,,,,Time
21,-77.25,dBm,-38.76,dBm,19.30,dB,24.24,dB,N,37,33,19.913046,E,126,58,48.535435,2025-10-22-16:51:49
Number,RSSI,,Lower,,Upper,,ACP,Latitude,,,,Longitude,,,,Time
22,-76.32,dBm,-40.81,dBm,28.98,dB,28.95,dB,N,37,33,20.280581,E,126,58,47.917538,2025-10-22-16:51:51
Number,RSSI,,Lower,,Upper,,ACP,Latitude,,,,Longitude,,,,Time
23,-86.00,dBm,-41.17,dBm,22.30,dB,24.29,dB,N,37,33,20.648117,E,126,58,47.222401,2025-10-22-16:51:53
Number,RSSI,,Lower,,Upper,,ACP,Latitude,,,,Longitude,,,,Time
24,-77.28,dBm,-39.39,dBm,29.10,dB,26.19,dB,N,37,33,21.015654,E,126,58,46.604504,2025-10-22-16:51:55
Number,RSSI,,Lower,,Upper,,ACP,Latitude,,,,Longitude,,,,Time
25,-76.37,dBm,-38.68,dBm,26.32,dB,38.94,dB,N,37,33,21.383188,E,126,58,45.909367,2025-10-22-16:51:57
Number,RSSI,,Lower,,Upper,,ACP,Latitude,,,,Longitude,,,,Time
26,-70.49,dBm,-37.77,dBm,24.85,dB,27.56,dB,N,37,33,21.750725,E,126,58,45.291470,2025-10-22-16:51:59
Number,RSSI,,Lower,,Upper,,ACP,Latitude,,,,Longitude,,,,Time
27,-75.79,dBm,-40.95,dBm,18.10,dB,32.36,dB,N,37,33,21.995749,E,126,58,44.673573,2025-10-22-16:52:1
Number,RSSI,,Lower,,Upper,,ACP,Latitude,,,,Longitude,,,,Time
28,-86.11,dBm,-43.39,dBm,27.52,dB,23.63,dB,N,37,33,22.118261,E,126,58,44.055676,2025-10-22-16:52:3
Number,RSSI,,Lower,,Upper,,ACP,Latitude,,,,Longitude,,,,Time
29,-77.34,dBm,-45.12,dBm,25.36,dB,32.24,dB,N,37,33,22.118261,E,126,58,43.283302,2025-10-22-16:52:5
Number,RSSI,,Lower,,Upper,,ACP,Latitude,,,,Longitude,,,,Time
30,-72.92,dBm,-44.15,dBm,22.43,dB,21.12,dB,N,37,33,22.057005,E,126,58,42.588169,2025-10-22-16:52:7
Number,RSSI,,Lower,,Upper,,ACP,Latitude,,,,Longitude,,,,Time
31,-69.33,dBm,-42.44,dBm,27.14,dB,31.17,dB,N,37,33,21.934494,E,126,58,41.815796,2025-10-22-16:52:9
Number,RSSI,,Lower,,Upper,,ACP,Latitude,,,,Longitude,,,,Time
32,-76.24,dBm,-40.08,dBm,25.73,dB,25.26,dB,N,37,33,21.873238,E,126,58,41.120663,2025-10-22-16:52:11
Number,RSSI,,Lower,,Upper,,ACP,Latitude,,,,Longitude,,,,Time
33,-74.22,dBm,-40.25,dBm,24.89,dB,18.34,dB,N,37,33,21.811981,E,126,58,40.502762,2025-10-22-16:52:13
Number,RSSI,,Lower,,Upper,,ACP,Latitude,,,,Longitude,,,,Time
34,-73.24,dBm,-36.89,dBm,34.26,dB,41.82,dB,N,37,33,21.750725,E,126,58,39.807629,2025-10-22-16:52:16
Number,RSSI,,Lower,,Upper,,ACP,Latitude,,,,Longitude,,,,Time
35,-72.37,dBm,-36.25,dBm,32.08,dB,24.27,dB,N,37,33,21.750725,E,126,58,39.189732,2025-10-22-16:52:23
Number,RSSI,,Lower,,Upper,,ACP,Latitude,,,,Longitude,,,,Time
36,-79.87,dBm,-41.39,dBm,26.78,dB,28.45,dB,N,37,33,21.628214,E,126,58,38.417358,2025-10-22-16:52:54
Number,RSSI,,Lower,,Upper,,ACP,Latitude,,,,Longitude,,,,Time
37,-62.61,dBm,-33.86,dBm,26.03,dB,28.64,dB,N,37,33,21.383188,E,126,58,37.644985,2025-10-22-16:52:57
Number,RSSI,,Lower,,Upper,,ACP,Latitude,,,,Longitude,,,,Time
38,-70.31,dBm,-37.19,dBm,23.75,dB,25.83,dB,N,37,33,21.076910,E,126,58,37.027088,2025-10-22-16:52:59
Number,RSSI,,Lower,,Upper,,ACP,Latitude,,,,Longitude,,,,Time
39,-67.65,dBm,-32.49,dBm,21.59,dB,28.74,dB,N,37,33,20.341837,E,126,58,36.409191,2025-10-22-16:53:2
Number,RSSI,,Lower,,Upper,,ACP,Latitude,,,,Longitude,,,,Time
40,-71.20,dBm,-33.66,dBm,22.03,dB,24.18,dB,N,37,33,19.851789,E,126,58,36.100243,2025-10-22-16:53:4
Number,RSSI,,Lower,,Upper,,ACP,Latitude,,,,Longitude,,,,Time
41,-72.77,dBm,-31.77,dBm,30.15,dB,32.71,dB,N,37,33,19.300486,E,126,58,36.100243,2025-10-22-16:53:6
Number,RSSI,,Lower,,Upper,,ACP,Latitude,,,,Longitude,,,,Time
42,-66.90,dBm,-31.53,dBm,25.82,dB,36.12,dB,N,37,33,18.810436,E,126,58,36.409191,2025-10-22-16:53:9
Number,RSSI,,Lower,,Upper,,ACP,Latitude,,,,Longitude,,,,Time
43,-66.26,dBm,-35.46,dBm,31.82,dB,20.42,dB,N,37,33,18.320389,E,126,58,37.104324,2025-10-22-16:53:12
Number,RSSI,,Lower,,Upper,,ACP,Latitude,,,,Longitude,,,,Time
44,-64.87,dBm,-35.24,dBm,33.24,dB,31.85,dB,N,37,33,17.952852,E,126,58,37.953934,2025-10-22-16:53:15
Number,RSSI,,Lower,,Upper,,ACP,Latitude,,,,Longitude,,,,Time
45,-71.31,dBm,-34.82,dBm,22.81,dB,39.09,dB,N,37,33,17.585318,E,126,58,38.649071,2025-10-22-16:53:18
Number,RSSI,,Lower,,Upper,,ACP,Latitude,,,,Longitude,,,,Time
46,-75.72,dBm,-35.26,dBm,32.96,dB,32.46,dB,N,37,33,17.095268,E,126,58,39.498680,2025-10-22-16:53:21
Number,RSSI,,Lower,,Upper,,ACP,Latitude,,,,Longitude,,,,Time
47,-79.82,dBm,-37.22,dBm,27.67,dB,34.55,dB,N,37,33,16.727732,E,126,58,40.193813,2025-10-22-16:53:24
Number,RSSI,,Lower,,Upper,,ACP,Latitude,,,,Longitude,,,,Time
48,-82.36,dBm,-43.92,dBm,32.83,dB,27.17,dB,N,37,33,16.298941,E,126,58,40.811710,2025-10-22-16:53:27
Number,RSSI,,Lower,,Upper,,ACP,Latitude,,,,Longitude,,,,Time
49,-75.30,dBm,-43.85,dBm,24.57,dB,29.10,dB,N,37,33,15.870149,E,126,58,41.584084,2025-10-22-16:53:30
Number,RSSI,,Lower,,Upper,,ACP,Latitude,,,,Longitude,,,,Time
50,-78.74,dBm,-38.71,dBm,24.97,dB,29.74,dB,N,37,33,15.441357,E,126,58,42.356457,2025-10-22-16:53:33
Number,RSSI,,Lower,,Upper,,ACP,Latitude,,,,Longitude,,,,Time
51,-78.97,dBm,-45.76,dBm,34.22,dB,27.66,dB,N,37,33,15.012565,E,126,58,43.128830,2025-10-22-16:53:36
Number,RSSI,,Lower,,Upper,,ACP,Latitude,,,,Longitude,,,,Time
52,-81.43,dBm,-45.54,dBm,18.30,dB,31.93,dB,N,37,33,14.461261,E,126,58,43.746727,2025-10-22-16:53:40
Number,RSSI,,Lower,,Upper,,ACP,Latitude,,,,Longitude,,,,Time
53,-85.96,dBm,-41.10,dBm,23.46,dB,30.42,dB,N,37,33,13.909956,E,126,58,43.901199,2025-10-22-16:53:44
Number,RSSI,,Lower,,Upper,,ACP,Latitude,,,,Longitude,,,,Time
54,-85.12,dBm,-46.41,dBm,25.06,dB,23.31,dB,N,37,33,13.297397,E,126,58,43.978439,2025-10-22-16:53:47
Number,RSSI,,Lower,,Upper,,ACP,Latitude,,,,Longitude,,,,Time
55,-78.70,dBm,-48.45,dBm,29.72,dB,28.40,dB,N,37,33,12.684836,E,126,58,43.978439,2025-10-22-16:53:50
Number,RSSI,,Lower,,Upper,,ACP,Latitude,,,,Longitude,,,,Time
56,-81.24,dBm,-48.13,dBm,26.34,dB,27.72,dB,N,37,33,12.072276,E,126,58,44.132912,2025-10-22-16:53:53
Number,RSSI,,Lower,,Upper,,ACP,Latitude,,,,Longitude,,,,Time
57,-80.94,dBm,-43.90,dBm,22.78,dB,24.27,dB,N,37,33,11.520972,E,126,58,44.596336,2025-10-22-16:53:56
Number,RSSI,,Lower,,Upper,,ACP,Latitude,,,,Longitude,,,,Time
58,-79.93,dBm,-45.52,dBm,25.97,dB,25.65,dB,N,37,33,11.398460,E,126,58,45.291470,2025-10-22-16:54:0
Number,RSSI,,Lower,,Upper,,ACP,Latitude,,,,Longitude,,,,Time
59,-89.04,dBm,-44.95,dBm,30.35,dB,27.10,dB,N,37,33,11.888508,E,126,58,45.523182,2025-10-22-16:54:4
Number,RSSI,,Lower,,Upper,,ACP,Latitude,,,,Longitude,,,,Time
60,-83.70,dBm,-47.06,dBm,19.62,dB,29.68,dB,N,37,33,12.439812,E,126,58,45.600418,2025-10-22-16:54:7
Number,RSSI,,Lower,,Upper,,ACP,Latitude,,,,Longitude,,,,Time
61,-85.16,dBm,-46.80,dBm,24.99,dB,35.46,dB,N,37,33,13.052372,E,126,58,45.832130,2025-10-22-16:54:10
Number,RSSI,,Lower,,Upper,,ACP,Latitude,,,,Longitude,,,,Time
62,-77.65,dBm,-49.43,dBm,30.16,dB,29.69,dB,N,37,33,13.542420,E,126,58,46.063843,2025-10-22-16:54:12
Number,RSSI,,Lower,,Upper,,ACP,Latitude,,,,Longitude,,,,Time
63,-78.27,dBm,-46.47,dBm,17.97,dB,30.64,dB,N,37,33,14.032468,E,126,58,46.372791,2025-10-22-16:54:14
Number,RSSI,,Lower,,Upper,,ACP,Latitude,,,,Longitude,,,,Time
64,-80.12,dBm,-44.09,dBm,33.69,dB,24.38,dB,N,37,33,14.583773,E,126,58,46.681740,2025-10-22-16:54:16
Number,RSSI,,Lower,,Upper,,ACP,Latitude,,,,Longitude,,,,Time
65,-76.89,dBm,-39.60,dBm,29.51,dB,42.40,dB,N,37,33,15.135077,E,126,58,47.145164,2025-10-22-16:54:18
Number,RSSI,,Lower,,Upper,,ACP,Latitude,,,,Longitude,,,,Time
66,-84.53,dBm,-52.99,dBm,25.67,dB,28.72,dB,N,37,33,15.625125,E,126,58,47.531349,2025-10-22-16:54:20
Number,RSSI,,Lower,,Upper,,ACP,Latitude,,,,Longitude,,,,Time
67,-87.99,dBm,-54.03,dBm,27.77,dB,38.55,dB,N,37,33,16.115173,E,126,58,47.994774,2025-10-22-16:54:22
Number,RSSI,,Lower,,Upper,,ACP,Latitude,,,,Longitude,,,,Time
68,-72.80,dBm,-32.16,dBm,23.96,dB,43.66,dB,N,37,33,16.482708,E,126,58,48.921619,2025-10-22-16:54:26
Number,RSSI,,Lower,,Upper,,ACP,Latitude,,,,Longitude,,,,Time
69,-84.08,dBm,-47.96,dBm,26.71,dB,34.94,dB,N,37,33,16.788988,E,126,58,49.848465,2025-10-22-16:54:28
Number,RSSI,,Lower,,Upper,,ACP,Latitude,,,,Longitude,,,,Time
70,-87.38,dBm,-49.20,dBm,21.91,dB,31.36,dB,N,37,33,17.156525,E,126,58,50.698074,2025-10-22-16:54:30
Number,RSSI,,Lower,,Upper,,ACP,Latitude,,,,Longitude,,,,Time
71,-85.31,dBm,-47.42,dBm,28.51,dB,23.43,dB,N,37,33,17.279037,E,126,58,51.315975,2025-10-22-16:54:32
Number,RSSI,,Lower,,Upper,,ACP,Latitude,,,,Longitude,,,,Time
72,-79.08,dBm,-44.81,dBm,26.45,dB,30.10,dB,N,37,33,17.830341,E,126,58,51.856632,2025-10-22-16:54:37
Number,RSSI,,Lower,,Upper,,ACP,Latitude,,,,Longitude,,,,Time
73,-74.93,dBm,-38.40,dBm,20.34,dB,27.73,dB,N,37,33,18.320389,E,126,58,51.393211,2025-10-22-16:54:42
