VIAVI Solutions,JD785B,PLM21190,3.110.023

<Mode>
Spectrum / OTA Route Map
 
Latitude:,37'32"59.55N
Longitude:,126'58"54.03E
Time:,2025-10-22 18:48:57 
 
<Setup>
Center Frequency:,765.000000,MHz
Span:,20.000000,MHz
Start Frequency:,755.000000,MHz
Stop Frequency:,775.000000,MHz
Channel :,5350 FWD
Channel Standard :,Band Global
Preamp:,Off
Attenuation:,15,dB
External Offset:,On,0.000000,dB
Freq Reference:,GPS
Trigger Source:,Internal
Trigger:,Free Run
Mode:,Sweep
Detector:,RMS
RBW [A]:,100 kHz
VBW [A]:,100 kHz
Sweep Time:,10.73 ms
Average:,1
 
Number,RSSI,,Lower,,Upper,,ACP,Latitude,,,,Longitude,,,,Time
0,-77.17,dBm,-45.23,dBm,26.21,dB,24.50,dB,N,37,33,12.868604,E,126,58,43.206066,2025-10-22-18:46:37
Number,RSSI,,Lower,,Upper,,ACP,Latitude,,,,Longitude,,,,Time
1,-72.47,dBm,-40.09,dBm,21.03,dB,32.23,dB,N,37,33,12.317300,E,126,58,43.128830,2025-10-22-18:46:43
Number,RSSI,,Lower,,Upper,,ACP,Latitude,,,,Longitude,,,,Time
2,-81.00,dBm,-45.21,dBm,25.22,dB,30.99,dB,N,37,33,11.827252,E,126,58,43.128830,2025-10-22-18:46:48
Number,RSSI,,Lower,,Upper,,ACP,Latitude,,,,Longitude,,,,Time
3,-86.89,dBm,-45.27,dBm,28.88,dB,30.29,dB,N,37,33,11.337204,E,126,58,43.437778,2025-10-22-18:46:59
Number,RSSI,,Lower,,Upper,,ACP,Latitude,,,,Longitude,,,,Time
4,-83.22,dBm,-49.81,dBm,26.01,dB,25.86,dB,N,37,33,10.847156,E,126,58,43.823963,2025-10-22-18:47:4
Number,RSSI,,Lower,,Upper,,ACP,Latitude,,,,Longitude,,,,Time
5,-89.10,dBm,-47.36,dBm,23.47,dB,31.62,dB,N,37,33,10.357108,E,126,58,44.287388,2025-10-22-18:47:9
Number,RSSI,,Lower,,Upper,,ACP,Latitude,,,,Longitude,,,,Time
6,-81.74,dBm,-47.97,dBm,29.88,dB,35.99,dB,N,37,33,9.867060,E,126,58,44.750809,2025-10-22-18:47:13
Number,RSSI,,Lower,,Upper,,ACP,Latitude,,,,Longitude,,,,Time
7,-80.08,dBm,-46.74,dBm,29.19,dB,23.41,dB,N,37,33,9.315756,E,126,58,45.214233,2025-10-22-18:47:17
Number,RSSI,,Lower,,Upper,,ACP,Latitude,,,,Longitude,,,,Time
8,-79.57,dBm,-47.72,dBm,26.41,dB,32.19,dB,N,37,33,8.764452,E,126,58,45.754894,2025-10-22-18:47:21
Number,RSSI,,Lower,,Upper,,ACP,Latitude,,,,Longitude,,,,Time
9,-83.12,dBm,-48.38,dBm,38.54,dB,22.23,dB,N,37,33,8.213147,E,126,58,46.295555,2025-10-22-18:47:25
Number,RSSI,,Lower,,Upper,,ACP,Latitude,,,,Longitude,,,,Time
10,-83.47,dBm,-52.88,dBm,26.66,dB,24.43,dB,N,37,33,7.723100,E,126,58,46.758976,2025-10-22-18:47:29
Number,RSSI,,Lower,,Upper,,ACP,Latitude,,,,Longitude,,,,Time
11,-78.08,dBm,-47.10,dBm,32.59,dB,16.77,dB,N,37,33,7.233051,E,126,58,47.145164,2025-10-22-18:47:33
Number,RSSI,,Lower,,Upper,,ACP,Latitude,,,,Longitude,,,,Time
12,-75.79,dBm,-41.78,dBm,36.14,dB,22.34,dB,N,37,33,6.743003,E,126,58,47.454113,2025-10-22-18:47:37
Number,RSSI,,Lower,,Upper,,ACP,Latitude,,,,Longitude,,,,Time
13,-74.65,dBm,-35.11,dBm,32.50,dB,22.29,dB,N,37,33,6.314211,E,126,58,48.072010,2025-10-22-18:47:42
Number,RSSI,,Lower,,Upper,,ACP,Latitude,,,,Longitude,,,,Time
14,-74.09,dBm,-33.26,dBm,34.98,dB,28.89,dB,N,37,33,6.191700,E,126,58,48.844383,2025-10-22-18:47:46
Number,RSSI,,Lower,,Upper,,ACP,Latitude,,,,Longitude,,,,Time
15,-68.90,dBm,-36.80,dBm,21.09,dB,21.09,dB,N,37,33,6.130444,E,126,58,49.462280,2025-10-22-18:47:49
Number,RSSI,,Lower,,Upper,,ACP,Latitude,,,,Longitude,,,,Time
16,-74.34,dBm,-33.39,dBm,44.49,dB,28.24,dB,N,37,33,6.130444,E,126,58,50.157413,2025-10-22-18:47:52
Number,RSSI,,Lower,,Upper,,ACP,Latitude,,,,Longitude,,,,Time
17,-72.54,dBm,-34.33,dBm,31.80,dB,17.80,dB,N,37,33,6.069187,E,126,58,50.852551,2025-10-22-18:47:56
Number,RSSI,,Lower,,Upper,,ACP,Latitude,,,,Longitude,,,,Time
18,-70.82,dBm,-33.23,dBm,27.12,dB,23.72,dB,N,37,33,6.069187,E,126,58,51.470448,2025-10-22-18:47:59
Number,RSSI,,Lower,,Upper,,ACP,Latitude,,,,Longitude,,,,Time
19,-80.02,dBm,-29.56,dBm,31.47,dB,26.17,dB,N,37,33,6.007931,E,126,58,52.165585,2025-10-22-18:48:3
Number,RSSI,,Lower,,Upper,,ACP,Latitude,,,,Longitude,,,,Time
20,-84.99,dBm,-31.68,dBm,38.32,dB,28.86,dB,N,37,33,5.701651,E,126,58,52.860718,2025-10-22-18:48:7
Number,RSSI,,Lower,,Upper,,ACP,Latitude,,,,Longitude,,,,Time
21,-71.36,dBm,-33.89,dBm,41.21,dB,25.58,dB,N,37,33,5.150347,E,126,58,53.246902,2025-10-22-18:48:12
Number,RSSI,,Lower,,Upper,,ACP,Latitude,,,,Longitude,,,,Time
22,-72.98,dBm,-42.44,dBm,34.76,dB,20.02,dB,N,37,33,4.660299,E,126,58,53.478615,2025-10-22-18:48:15
Number,RSSI,,Lower,,Upper,,ACP,Latitude,,,,Longitude,,,,Time
23,-80.50,dBm,-43.26,dBm,44.58,dB,37.36,dB,N,37,33,4.108995,E,126,58,53.478615,2025-10-22-18:48:18
Number,RSSI,,Lower,,Upper,,ACP,Latitude,,,,Longitude,,,,Time
24,-78.09,dBm,-46.39,dBm,39.92,dB,33.45,dB,N,37,33,3.557691,E,126,58,53.401379,2025-10-22-18:48:21
Number,RSSI,,Lower,,Upper,,ACP,Latitude,,,,Longitude,,,,Time
25,-86.04,dBm,-44.72,dBm,31.65,dB,17.35,dB,N,37,33,3.006387,E,126,58,53.169666,2025-10-22-18:48:24
Number,RSSI,,Lower,,Upper,,ACP,Latitude,,,,Longitude,,,,Time
26,-86.16,dBm,-47.60,dBm,26.97,dB,23.22,dB,N,37,33,2.455083,E,126,58,53.015194,2025-10-22-18:48:27
Number,RSSI,,Lower,,Upper,,ACP,Latitude,,,,Longitude,,,,Time
27,-78.84,dBm,-40.80,dBm,29.23,dB,18.58,dB,N,37,33,1.781267,E,126,58,53.015194,2025-10-22-18:48:30
Number,RSSI,,Lower,,Upper,,ACP,Latitude,,,,Longitude,,,,Time
28,-72.14,dBm,-37.56,dBm,34.80,dB,30.44,dB,N,37,33,1.229963,E,126,58,53.324142,2025-10-22-18:48:33
Number,RSSI,,Lower,,Upper,,ACP,Latitude,,,,Longitude,,,,Time
29,-78.59,dBm,-39.16,dBm,27.48,dB,26.88,dB,N,37,33,0.739915,E,126,58,53.478615,2025-10-22-18:48:37
Number,RSSI,,Lower,,Upper,,ACP,Latitude,,,,Longitude,,,,Time
30,-84.11,dBm,-45.76,dBm,35.90,dB,25.66,dB,N,37,33,0.249867,E,126,58,53.633091,2025-10-22-18:48:43
