VIAVI Solutions,JD785B,PLM21190,3.110.023

<Mode>
Spectrum / OTA Route Map
 
Latitude:,37'33"11.52N
Longitude:,126'58"44.73E
Time:,2025-10-22 16:49:57 
 
<Setup>
Center Frequency:,765.000000,MHz
Span:,20.000000,MHz
Start Frequency:,755.000000,MHz
Stop Frequency:,775.000000,MHz
Channel :,5350 FWD
Channel Standard :,Band Global
Preamp:,Off
Attenuation:,15,dB
External Offset:,On,0.000000,dB
Freq Reference:,GPS
Trigger Source:,Internal
Trigger:,Free Run
Mode:,Sweep
Detector:,RMS
RBW [A]:,100 kHz
VBW [A]:,100 kHz
Sweep Time:,10.73 ms
Average:,1
 
Number,RSSI,,Lower,,Upper,,ACP,Latitude,,,,Longitude,,,,Time
0,-66.11,dBm,-35.21,dBm,22.24,dB,41.73,dB,N,37,32,49.468811,E,126,58,54.328224,2025-10-22-16:40:37
Number,RSSI,,Lower,,Upper,,ACP,Latitude,,,,Longitude,,,,Time
1,-71.99,dBm,-36.48,dBm,34.61,dB,20.03,dB,N,37,32,49.958858,E,126,58,54.405460,2025-10-22-16:41:0
Number,RSSI,,Lower,,Upper,,ACP,Latitude,,,,Longitude,,,,Time
2,-73.65,dBm,-35.60,dBm,23.72,dB,29.54,dB,N,37,32,50.510162,E,126,58,54.637173,2025-10-22-16:41:9
Number,RSSI,,Lower,,Upper,,ACP,Latitude,,,,Longitude,,,,Time
3,-75.21,dBm,-36.87,dBm,25.41,dB,21.37,dB,N,37,32,51.000210,E,126,58,55.100597,2025-10-22-16:41:15
Number,RSSI,,Lower,,Upper,,ACP,Latitude,,,,Longitude,,,,Time
4,-75.58,dBm,-34.39,dBm,30.71,dB,34.57,dB,N,37,32,51.367744,E,126,58,55.718494,2025-10-22-16:41:20
Number,RSSI,,Lower,,Upper,,ACP,Latitude,,,,Longitude,,,,Time
5,-78.01,dBm,-43.51,dBm,30.38,dB,27.43,dB,N,37,32,51.919048,E,126,58,56.336391,2025-10-22-16:41:26
Number,RSSI,,Lower,,Upper,,ACP,Latitude,,,,Longitude,,,,Time
6,-78.06,dBm,-50.09,dBm,23.55,dB,24.69,dB,N,37,32,52.531609,E,126,58,56.490868,2025-10-22-16:41:31
Number,RSSI,,Lower,,Upper,,ACP,Latitude,,,,Longitude,,,,Time
7,-76.77,dBm,-39.83,dBm,25.99,dB,39.31,dB,N,37,32,53.021656,E,126,58,56.568104,2025-10-22-16:41:35
Number,RSSI,,Lower,,Upper,,ACP,Latitude,,,,Longitude,,,,Time
8,-82.19,dBm,-39.37,dBm,38.81,dB,28.12,dB,N,37,32,53.572964,E,126,58,56.413631,2025-10-22-16:41:39
Number,RSSI,,Lower,,Upper,,ACP,Latitude,,,,Longitude,,,,Time
9,-73.57,dBm,-28.47,dBm,49.00,dB,24.61,dB,N,37,32,54.063011,E,126,58,56.259155,2025-10-22-16:41:49
Number,RSSI,,Lower,,Upper,,ACP,Latitude,,,,Longitude,,,,Time
10,-76.86,dBm,-37.22,dBm,30.62,dB,25.24,dB,N,37,32,54.553059,E,126,58,56.181919,2025-10-22-16:41:54
Number,RSSI,,Lower,,Upper,,ACP,Latitude,,,,Longitude,,,,Time
11,-72.70,dBm,-43.82,dBm,26.96,dB,16.90,dB,N,37,32,55.104362,E,126,58,56.027443,2025-10-22-16:41:59
Number,RSSI,,Lower,,Upper,,ACP,Latitude,,,,Longitude,,,,Time
12,-80.51,dBm,-41.25,dBm,36.58,dB,31.35,dB,N,37,32,55.655666,E,126,58,55.795731,2025-10-22-16:42:3
Number,RSSI,,Lower,,Upper,,ACP,Latitude,,,,Longitude,,,,Time
13,-65.23,dBm,-25.59,dBm,37.12,dB,26.18,dB,N,37,32,56.145714,E,126,58,55.564022,2025-10-22-16:42:7
Number,RSSI,,Lower,,Upper,,ACP,Latitude,,,,Longitude,,,,Time
14,-83.79,dBm,-44.46,dBm,31.75,dB,21.83,dB,N,37,32,56.697018,E,126,58,55.255070,2025-10-22-16:42:12
Number,RSSI,,Lower,,Upper,,ACP,Latitude,,,,Longitude,,,,Time
15,-71.31,dBm,-25.79,dBm,35.33,dB,27.71,dB,N,37,32,57.309578,E,126,58,54.946121,2025-10-22-16:42:16
Number,RSSI,,Lower,,Upper,,ACP,Latitude,,,,Longitude,,,,Time
16,-67.10,dBm,-27.80,dBm,36.58,dB,18.48,dB,N,37,32,57.860882,E,126,58,54.714413,2025-10-22-16:42:19
Number,RSSI,,Lower,,Upper,,ACP,Latitude,,,,Longitude,,,,Time
17,-72.64,dBm,-30.54,dBm,37.46,dB,20.67,dB,N,37,32,58.473442,E,126,58,54.482700,2025-10-22-16:42:23
Number,RSSI,,Lower,,Upper,,ACP,Latitude,,,,Longitude,,,,Time
18,-71.75,dBm,-28.69,dBm,24.09,dB,19.19,dB,N,37,32,58.963490,E,126,58,54.250988,2025-10-22-16:42:27
Number,RSSI,,Lower,,Upper,,ACP,Latitude,,,,Longitude,,,,Time
19,-70.05,dBm,-34.87,dBm,44.72,dB,23.26,dB,N,37,32,59.453537,E,126,58,54.250988,2025-10-22-16:42:44
Number,RSSI,,Lower,,Upper,,ACP,Latitude,,,,Longitude,,,,Time
20,-81.48,dBm,-42.23,dBm,34.17,dB,20.99,dB,N,37,32,59.943588,E,126,58,53.864803,2025-10-22-16:43:20
Number,RSSI,,Lower,,Upper,,ACP,Latitude,,,,Longitude,,,,Time
21,-78.13,dBm,-33.00,dBm,35.73,dB,29.82,dB,N,37,33,0.494891,E,126,58,53.710327,2025-10-22-16:43:25
Number,RSSI,,Lower,,Upper,,ACP,Latitude,,,,Longitude,,,,Time
22,-72.79,dBm,-42.55,dBm,33.90,dB,22.03,dB,N,37,33,1.046195,E,126,58,53.555851,2025-10-22-16:43:29
Number,RSSI,,Lower,,Upper,,ACP,Latitude,,,,Longitude,,,,Time
23,-90.53,dBm,-44.15,dBm,43.92,dB,30.76,dB,N,37,33,1.658755,E,126,58,53.324142,2025-10-22-16:43:33
Number,RSSI,,Lower,,Upper,,ACP,Latitude,,,,Longitude,,,,Time
24,-81.35,dBm,-45.66,dBm,36.75,dB,21.30,dB,N,37,33,2.148803,E,126,58,53.324142,2025-10-22-16:43:36
Number,RSSI,,Lower,,Upper,,ACP,Latitude,,,,Longitude,,,,Time
25,-88.06,dBm,-44.82,dBm,29.09,dB,19.80,dB,N,37,33,2.761363,E,126,58,53.478615,2025-10-22-16:43:40
Number,RSSI,,Lower,,Upper,,ACP,Latitude,,,,Longitude,,,,Time
26,-78.20,dBm,-41.25,dBm,32.43,dB,30.70,dB,N,37,33,3.251411,E,126,58,53.633091,2025-10-22-16:43:43
Number,RSSI,,Lower,,Upper,,ACP,Latitude,,,,Longitude,,,,Time
27,-81.29,dBm,-44.57,dBm,26.98,dB,24.59,dB,N,37,33,3.741459,E,126,58,53.710327,2025-10-22-16:43:46
Number,RSSI,,Lower,,Upper,,ACP,Latitude,,,,Longitude,,,,Time
28,-77.12,dBm,-46.09,dBm,28.21,dB,25.44,dB,N,37,33,4.231507,E,126,58,53.710327,2025-10-22-16:43:49
Number,RSSI,,Lower,,Upper,,ACP,Latitude,,,,Longitude,,,,Time
29,-78.00,dBm,-42.18,dBm,38.93,dB,24.32,dB,N,37,33,4.844067,E,126,58,53.555851,2025-10-22-16:43:53
Number,RSSI,,Lower,,Upper,,ACP,Latitude,,,,Longitude,,,,Time
30,-77.72,dBm,-36.71,dBm,38.82,dB,22.18,dB,N,37,33,5.334116,E,126,58,53.246902,2025-10-22-16:43:56
Number,RSSI,,Lower,,Upper,,ACP,Latitude,,,,Longitude,,,,Time
31,-73.65,dBm,-34.82,dBm,32.26,dB,32.46,dB,N,37,33,5.824163,E,126,58,52.706242,2025-10-22-16:44:2
Number,RSSI,,Lower,,Upper,,ACP,Latitude,,,,Longitude,,,,Time
32,-76.69,dBm,-31.80,dBm,39.47,dB,19.73,dB,N,37,33,5.946675,E,126,58,52.011108,2025-10-22-16:44:6
Number,RSSI,,Lower,,Upper,,ACP,Latitude,,,,Longitude,,,,Time
33,-66.47,dBm,-35.57,dBm,30.60,dB,18.03,dB,N,37,33,6.007931,E,126,58,51.393211,2025-10-22-16:44:9
Number,RSSI,,Lower,,Upper,,ACP,Latitude,,,,Longitude,,,,Time
34,-84.06,dBm,-30.13,dBm,32.78,dB,22.15,dB,N,37,33,6.007931,E,126,58,50.775314,2025-10-22-16:44:12
Number,RSSI,,Lower,,Upper,,ACP,Latitude,,,,Longitude,,,,Time
35,-67.99,dBm,-34.37,dBm,34.11,dB,31.38,dB,N,37,33,6.130444,E,126,58,50.002941,2025-10-22-16:44:15
Number,RSSI,,Lower,,Upper,,ACP,Latitude,,,,Longitude,,,,Time
36,-71.36,dBm,-32.45,dBm,32.12,dB,22.20,dB,N,37,33,6.191700,E,126,58,49.153332,2025-10-22-16:44:18
Number,RSSI,,Lower,,Upper,,ACP,Latitude,,,,Longitude,,,,Time
37,-76.21,dBm,-36.75,dBm,32.81,dB,23.88,dB,N,37,33,6.252955,E,126,58,48.535435,2025-10-22-16:44:21
Number,RSSI,,Lower,,Upper,,ACP,Latitude,,,,Longitude,,,,Time
38,-73.31,dBm,-41.34,dBm,34.50,dB,17.54,dB,N,37,33,6.497980,E,126,58,47.917538,2025-10-22-16:44:24
Number,RSSI,,Lower,,Upper,,ACP,Latitude,,,,Longitude,,,,Time
39,-83.87,dBm,-45.63,dBm,29.16,dB,27.10,dB,N,37,33,6.988028,E,126,58,47.531349,2025-10-22-16:44:27
Number,RSSI,,Lower,,Upper,,ACP,Latitude,,,,Longitude,,,,Time
40,-82.61,dBm,-50.35,dBm,32.84,dB,26.28,dB,N,37,33,7.539331,E,126,58,47.067928,2025-10-22-16:44:30
Number,RSSI,,Lower,,Upper,,ACP,Latitude,,,,Longitude,,,,Time
41,-82.91,dBm,-49.05,dBm,23.33,dB,24.96,dB,N,37,33,8.029380,E,126,58,46.604504,2025-10-22-16:44:33
Number,RSSI,,Lower,,Upper,,ACP,Latitude,,,,Longitude,,,,Time
42,-88.25,dBm,-50.09,dBm,22.23,dB,28.44,dB,N,37,33,8.580684,E,126,58,46.141079,2025-10-22-16:44:36
Number,RSSI,,Lower,,Upper,,ACP,Latitude,,,,Longitude,,,,Time
43,-83.38,dBm,-48.00,dBm,17.42,dB,24.33,dB,N,37,33,9.131988,E,126,58,45.600418,2025-10-22-16:44:39
Number,RSSI,,Lower,,Upper,,ACP,Latitude,,,,Longitude,,,,Time
44,-85.84,dBm,-47.37,dBm,28.10,dB,29.57,dB,N,37,33,9.622036,E,126,58,45.136997,2025-10-22-16:44:42
Number,RSSI,,Lower,,Upper,,ACP,Latitude,,,,Longitude,,,,Time
45,-91.64,dBm,-48.50,dBm,23.34,dB,30.10,dB,N,37,33,10.112083,E,126,58,44.750809,2025-10-22-16:44:45
Number,RSSI,,Lower,,Upper,,ACP,Latitude,,,,Longitude,,,,Time
46,-81.87,dBm,-46.69,dBm,32.25,dB,36.49,dB,N,37,33,10.663388,E,126,58,44.287388,2025-10-22-16:44:48
Number,RSSI,,Lower,,Upper,,ACP,Latitude,,,,Longitude,,,,Time
47,-77.31,dBm,-44.30,dBm,21.77,dB,42.79,dB,N,37,33,11.275948,E,126,58,43.669491,2025-10-22-16:44:52
Number,RSSI,,Lower,,Upper,,ACP,Latitude,,,,Longitude,,,,Time
48,-79.97,dBm,-40.31,dBm,16.55,dB,24.02,dB,N,37,33,11.827252,E,126,58,43.360538,2025-10-22-16:44:55
Number,RSSI,,Lower,,Upper,,ACP,Latitude,,,,Longitude,,,,Time
49,-76.31,dBm,-43.77,dBm,29.36,dB,31.93,dB,N,37,33,12.439812,E,126,58,43.283302,2025-10-22-16:44:58
Number,RSSI,,Lower,,Upper,,ACP,Latitude,,,,Longitude,,,,Time
50,-91.00,dBm,-45.48,dBm,30.11,dB,34.94,dB,N,37,33,12.929860,E,126,58,43.360538,2025-10-22-16:45:1
Number,RSSI,,Lower,,Upper,,ACP,Latitude,,,,Longitude,,,,Time
51,-83.04,dBm,-41.16,dBm,23.99,dB,26.65,dB,N,37,33,13.419909,E,126,58,43.437778,2025-10-22-16:45:6
Number,RSSI,,Lower,,Upper,,ACP,Latitude,,,,Longitude,,,,Time
52,-86.28,dBm,-47.66,dBm,32.89,dB,29.20,dB,N,37,33,12.929860,E,126,58,43.901199,2025-10-22-16:45:51
Number,RSSI,,Lower,,Upper,,ACP,Latitude,,,,Longitude,,,,Time
53,-80.37,dBm,-47.70,dBm,18.58,dB,25.97,dB,N,37,33,12.439812,E,126,58,43.978439,2025-10-22-16:46:0
Number,RSSI,,Lower,,Upper,,ACP,Latitude,,,,Longitude,,,,Time
54,-81.16,dBm,-40.39,dBm,24.25,dB,28.83,dB,N,37,33,11.949764,E,126,58,44.132912,2025-10-22-16:46:6
Number,RSSI,,Lower,,Upper,,ACP,Latitude,,,,Longitude,,,,Time
55,-85.53,dBm,-46.98,dBm,17.21,dB,25.91,dB,N,37,33,11.459716,E,126,58,44.441860,2025-10-22-16:46:11
Number,RSSI,,Lower,,Upper,,ACP,Latitude,,,,Longitude,,,,Time
56,-83.41,dBm,-45.46,dBm,25.39,dB,29.76,dB,N,37,33,11.275948,E,126,58,45.059757,2025-10-22-16:46:16
Number,RSSI,,Lower,,Upper,,ACP,Latitude,,,,Longitude,,,,Time
57,-81.90,dBm,-45.90,dBm,30.45,dB,30.85,dB,N,37,33,11.765996,E,126,58,45.523182,2025-10-22-16:46:21
Number,RSSI,,Lower,,Upper,,ACP,Latitude,,,,Longitude,,,,Time
58,-83.35,dBm,-43.06,dBm,23.28,dB,32.04,dB,N,37,33,12.317300,E,126,58,45.600418,2025-10-22-16:46:24
Number,RSSI,,Lower,,Upper,,ACP,Latitude,,,,Longitude,,,,Time
59,-87.34,dBm,-42.11,dBm,27.48,dB,35.74,dB,N,37,33,12.991117,E,126,58,45.754894,2025-10-22-16:46:27
Number,RSSI,,Lower,,Upper,,ACP,Latitude,,,,Longitude,,,,Time
60,-78.13,dBm,-49.32,dBm,28.01,dB,30.55,dB,N,37,33,13.481164,E,126,58,45.909367,2025-10-22-16:46:29
Number,RSSI,,Lower,,Upper,,ACP,Latitude,,,,Longitude,,,,Time
61,-75.83,dBm,-40.55,dBm,22.16,dB,37.13,dB,N,37,33,13.971212,E,126,58,46.218319,2025-10-22-16:46:31
Number,RSSI,,Lower,,Upper,,ACP,Latitude,,,,Longitude,,,,Time
62,-80.07,dBm,-43.47,dBm,28.11,dB,31.17,dB,N,37,33,14.461261,E,126,58,46.527267,2025-10-22-16:46:33
Number,RSSI,,Lower,,Upper,,ACP,Latitude,,,,Longitude,,,,Time
63,-78.49,dBm,-44.99,dBm,26.23,dB,27.24,dB,N,37,33,15.073820,E,126,58,46.990688,2025-10-22-16:46:36
Number,RSSI,,Lower,,Upper,,ACP,Latitude,,,,Longitude,,,,Time
64,-82.21,dBm,-53.31,dBm,24.35,dB,27.21,dB,N,37,33,15.625125,E,126,58,47.531349,2025-10-22-16:46:39
Number,RSSI,,Lower,,Upper,,ACP,Latitude,,,,Longitude,,,,Time
65,-88.39,dBm,-53.11,dBm,19.37,dB,23.79,dB,N,37,33,16.237684,E,126,58,47.840298,2025-10-22-16:46:43
Number,RSSI,,Lower,,Upper,,ACP,Latitude,,,,Longitude,,,,Time
66,-81.26,dBm,-43.05,dBm,24.94,dB,29.35,dB,N,37,33,16.727732,E,126,58,47.994774,2025-10-22-16:46:45
Number,RSSI,,Lower,,Upper,,ACP,Latitude,,,,Longitude,,,,Time
67,-80.28,dBm,-38.89,dBm,19.53,dB,43.35,dB,N,37,33,16.788988,E,126,58,48.767147,2025-10-22-16:46:47
Number,RSSI,,Lower,,Upper,,ACP,Latitude,,,,Longitude,,,,Time
68,-79.40,dBm,-48.81,dBm,37.40,dB,31.52,dB,N,37,33,16.911501,E,126,58,49.693993,2025-10-22-16:46:49
Number,RSSI,,Lower,,Upper,,ACP,Latitude,,,,Longitude,,,,Time
69,-80.50,dBm,-49.75,dBm,21.91,dB,22.55,dB,N,37,33,17.156525,E,126,58,50.389126,2025-10-22-16:46:52
Number,RSSI,,Lower,,Upper,,ACP,Latitude,,,,Longitude,,,,Time
70,-83.63,dBm,-51.14,dBm,28.17,dB,27.20,dB,N,37,33,17.401548,E,126,58,51.007023,2025-10-22-16:46:58
Number,RSSI,,Lower,,Upper,,ACP,Latitude,,,,Longitude,,,,Time
71,-89.61,dBm,-49.08,dBm,25.05,dB,31.45,dB,N,37,33,17.340292,E,126,58,51.624924,2025-10-22-16:47:19
Number,RSSI,,Lower,,Upper,,ACP,Latitude,,,,Longitude,,,,Time
72,-77.68,dBm,-41.60,dBm,30.05,dB,26.45,dB,N,37,33,17.891596,E,126,58,51.933872,2025-10-22-16:47:24
Number,RSSI,,Lower,,Upper,,ACP,Latitude,,,,Longitude,,,,Time
73,-73.57,dBm,-36.17,dBm,32.12,dB,27.69,dB,N,37,33,18.381645,E,126,58,51.315975,2025-10-22-16:47:28
Number,RSSI,,Lower,,Upper,,ACP,Latitude,,,,Longitude,,,,Time
74,-71.57,dBm,-36.84,dBm,22.73,dB,27.97,dB,N,37,33,18.749182,E,126,58,50.698074,2025-10-22-16:47:31
Number,RSSI,,Lower,,Upper,,ACP,Latitude,,,,Longitude,,,,Time
75,-79.45,dBm,-39.88,dBm,24.33,dB,24.02,dB,N,37,33,19.239229,E,126,58,49.848465,2025-10-22-16:47:34
Number,RSSI,,Lower,,Upper,,ACP,Latitude,,,,Longitude,,,,Time
76,-74.12,dBm,-37.57,dBm,27.35,dB,27.50,dB,N,37,33,19.729277,E,126,58,48.998856,2025-10-22-16:47:37
Number,RSSI,,Lower,,Upper,,ACP,Latitude,,,,Longitude,,,,Time
77,-74.60,dBm,-41.02,dBm,24.05,dB,27.98,dB,N,37,33,20.096813,E,126,58,48.380959,2025-10-22-16:47:39
Number,RSSI,,Lower,,Upper,,ACP,Latitude,,,,Longitude,,,,Time
78,-83.42,dBm,-39.59,dBm,29.87,dB,35.67,dB,N,37,33,20.464350,E,126,58,47.685825,2025-10-22-16:47:41
Number,RSSI,,Lower,,Upper,,ACP,Latitude,,,,Longitude,,,,Time
79,-74.97,dBm,-40.05,dBm,25.43,dB,21.64,dB,N,37,33,20.831884,E,126,58,47.067928,2025-10-22-16:47:43
Number,RSSI,,Lower,,Upper,,ACP,Latitude,,,,Longitude,,,,Time
80,-76.37,dBm,-38.76,dBm,33.92,dB,35.97,dB,N,37,33,21.199421,E,126,58,46.372791,2025-10-22-16:47:45
Number,RSSI,,Lower,,Upper,,ACP,Latitude,,,,Longitude,,,,Time
81,-70.05,dBm,-35.77,dBm,25.58,dB,37.71,dB,N,37,33,21.628214,E,126,58,45.754894,2025-10-22-16:47:47
Number,RSSI,,Lower,,Upper,,ACP,Latitude,,,,Longitude,,,,Time
82,-66.19,dBm,-36.58,dBm,24.75,dB,19.81,dB,N,37,33,21.934494,E,126,58,45.136997,2025-10-22-16:47:49
Number,RSSI,,Lower,,Upper,,ACP,Latitude,,,,Longitude,,,,Time
83,-79.69,dBm,-42.43,dBm,23.37,dB,31.79,dB,N,37,33,22.179518,E,126,58,44.519100,2025-10-22-16:47:51
Number,RSSI,,Lower,,Upper,,ACP,Latitude,,,,Longitude,,,,Time
84,-78.81,dBm,-41.91,dBm,34.93,dB,21.27,dB,N,37,33,22.179518,E,126,58,43.823963,2025-10-22-16:47:53
Number,RSSI,,Lower,,Upper,,ACP,Latitude,,,,Longitude,,,,Time
85,-77.18,dBm,-41.97,dBm,30.64,dB,32.75,dB,N,37,33,22.118261,E,126,58,43.206066,2025-10-22-16:47:55
Number,RSSI,,Lower,,Upper,,ACP,Latitude,,,,Longitude,,,,Time
86,-80.31,dBm,-40.93,dBm,36.93,dB,25.43,dB,N,37,33,22.057005,E,126,58,42.588169,2025-10-22-16:47:57
Number,RSSI,,Lower,,Upper,,ACP,Latitude,,,,Longitude,,,,Time
87,-77.81,dBm,-44.28,dBm,37.45,dB,31.94,dB,N,37,33,21.995749,E,126,58,41.815796,2025-10-22-16:48:0
Number,RSSI,,Lower,,Upper,,ACP,Latitude,,,,Longitude,,,,Time
88,-76.73,dBm,-37.92,dBm,31.30,dB,30.29,dB,N,37,33,21.934494,E,126,58,40.966187,2025-10-22-16:48:3
Number,RSSI,,Lower,,Upper,,ACP,Latitude,,,,Longitude,,,,Time
89,-80.67,dBm,-39.01,dBm,31.98,dB,30.91,dB,N,37,33,21.873238,E,126,58,40.271053,2025-10-22-16:48:5
Number,RSSI,,Lower,,Upper,,ACP,Latitude,,,,Longitude,,,,Time
90,-81.53,dBm,-32.59,dBm,24.52,dB,23.83,dB,N,37,33,21.811981,E,126,58,39.575916,2025-10-22-16:48:7
Number,RSSI,,Lower,,Upper,,ACP,Latitude,,,,Longitude,,,,Time
91,-73.53,dBm,-39.74,dBm,22.20,dB,30.01,dB,N,37,33,21.750725,E,126,58,38.958019,2025-10-22-16:48:9
Number,RSSI,,Lower,,Upper,,ACP,Latitude,,,,Longitude,,,,Time
92,-66.81,dBm,-33.86,dBm,23.06,dB,28.30,dB,N,37,33,21.628214,E,126,58,38.340122,2025-10-22-16:48:11
Number,RSSI,,Lower,,Upper,,ACP,Latitude,,,,Longitude,,,,Time
93,-78.30,dBm,-37.37,dBm,28.49,dB,23.47,dB,N,37,33,21.444445,E,126,58,37.722225,2025-10-22-16:48:13
Number,RSSI,,Lower,,Upper,,ACP,Latitude,,,,Longitude,,,,Time
94,-72.75,dBm,-36.19,dBm,28.24,dB,19.15,dB,N,37,33,21.015654,E,126,58,37.027088,2025-10-22-16:48:16
Number,RSSI,,Lower,,Upper,,ACP,Latitude,,,,Longitude,,,,Time
95,-65.57,dBm,-34.42,dBm,20.64,dB,29.02,dB,N,37,33,20.525604,E,126,58,36.563663,2025-10-22-16:48:20
Number,RSSI,,Lower,,Upper,,ACP,Latitude,,,,Longitude,,,,Time
96,-75.97,dBm,-33.99,dBm,23.74,dB,21.84,dB,N,37,33,20.035557,E,126,58,36.331955,2025-10-22-16:48:34
Number,RSSI,,Lower,,Upper,,ACP,Latitude,,,,Longitude,,,,Time
97,-77.06,dBm,-36.21,dBm,29.75,dB,24.88,dB,N,37,33,19.545509,E,126,58,36.100243,2025-10-22-16:48:57
Number,RSSI,,Lower,,Upper,,ACP,Latitude,,,,Longitude,,,,Time
98,-68.92,dBm,-33.07,dBm,25.38,dB,32.57,dB,N,37,33,18.994205,E,126,58,36.254715,2025-10-22-16:49:1
Number,RSSI,,Lower,,Upper,,ACP,Latitude,,,,Longitude,,,,Time
99,-72.30,dBm,-32.45,dBm,25.86,dB,24.42,dB,N,37,33,18.504156,E,126,58,36.872616,2025-10-22-16:49:5
Number,RSSI,,Lower,,Upper,,ACP,Latitude,,,,Longitude,,,,Time
100,-69.94,dBm,-30.84,dBm,22.96,dB,35.90,dB,N,37,33,18.136621,E,126,58,37.644985,2025-10-22-16:49:9
Number,RSSI,,Lower,,Upper,,ACP,Latitude,,,,Longitude,,,,Time
101,-70.46,dBm,-34.88,dBm,16.13,dB,25.45,dB,N,37,33,17.769085,E,126,58,38.262882,2025-10-22-16:49:14
Number,RSSI,,Lower,,Upper,,ACP,Latitude,,,,Longitude,,,,Time
102,-78.48,dBm,-35.65,dBm,22.63,dB,24.27,dB,N,37,33,17.340292,E,126,58,39.035255,2025-10-22-16:49:18
Number,RSSI,,Lower,,Upper,,ACP,Latitude,,,,Longitude,,,,Time
103,-82.64,dBm,-37.29,dBm,34.15,dB,26.06,dB,N,37,33,16.972757,E,126,58,39.730392,2025-10-22-16:49:21
Number,RSSI,,Lower,,Upper,,ACP,Latitude,,,,Longitude,,,,Time
104,-79.25,dBm,-40.12,dBm,26.73,dB,22.73,dB,N,37,33,16.605221,E,126,58,40.348289,2025-10-22-16:49:24
Number,RSSI,,Lower,,Upper,,ACP,Latitude,,,,Longitude,,,,Time
105,-86.65,dBm,-38.67,dBm,24.76,dB,19.32,dB,N,37,33,16.237684,E,126,58,41.043423,2025-10-22-16:49:27
Number,RSSI,,Lower,,Upper,,ACP,Latitude,,,,Longitude,,,,Time
106,-81.80,dBm,-39.25,dBm,26.21,dB,24.90,dB,N,37,33,15.808892,E,126,58,41.815796,2025-10-22-16:49:30
Number,RSSI,,Lower,,Upper,,ACP,Latitude,,,,Longitude,,,,Time
107,-83.58,dBm,-44.35,dBm,29.22,dB,32.97,dB,N,37,33,15.441357,E,126,58,42.433693,2025-10-22-16:49:33
Number,RSSI,,Lower,,Upper,,ACP,Latitude,,,,Longitude,,,,Time
108,-76.17,dBm,-42.84,dBm,30.33,dB,20.93,dB,N,37,33,15.012565,E,126,58,43.051590,2025-10-22-16:49:36
Number,RSSI,,Lower,,Upper,,ACP,Latitude,,,,Longitude,,,,Time
109,-76.66,dBm,-44.87,dBm,28.98,dB,30.55,dB,N,37,33,14.522516,E,126,58,43.592251,2025-10-22-16:49:40
Number,RSSI,,Lower,,Upper,,ACP,Latitude,,,,Longitude,,,,Time
110,-79.27,dBm,-39.08,dBm,19.04,dB,27.57,dB,N,37,33,13.971212,E,126,58,43.823963,2025-10-22-16:49:44
Number,RSSI,,Lower,,Upper,,ACP,Latitude,,,,Longitude,,,,Time
111,-90.09,dBm,-49.02,dBm,24.58,dB,29.91,dB,N,37,33,13.358652,E,126,58,43.901199,2025-10-22-16:49:47
