VIAVI Solutions,JD785B,PLM21190,3.110.023

<Mode>
Spectrum / OTA Route Map
 
Latitude:,37'33"14.49N
Longitude:,126'58"51.35E
Time:,2025-10-22 18:08:01 
 
<Setup>
Center Frequency:,765.000000,MHz
Span:,20.000000,MHz
Start Frequency:,755.000000,MHz
Stop Frequency:,775.000000,MHz
Channel :,5350 FWD
Channel Standard :,Band Global
Preamp:,Off
Attenuation:,15,dB
External Offset:,On,0.000000,dB
Freq Reference:,GPS
Trigger Source:,Internal
Trigger:,Free Run
Mode:,Sweep
Detector:,RMS
RBW [A]:,100 kHz
VBW [A]:,100 kHz
Sweep Time:,10.73 ms
Average:,1
 
Number,RSSI,,Lower,,Upper,,ACP,Latitude,,,,Longitude,,,,Time
0,-71.19,dBm,-34.19,dBm,24.97,dB,36.99,dB,N,37,33,15.318845,E,126,58,52.088345,2025-10-22-18:6:54
Number,RSSI,,Lower,,Upper,,ACP,Latitude,,,,Longitude,,,,Time
1,-71.54,dBm,-35.06,dBm,25.52,dB,27.42,dB,N,37,33,14.767540,E,126,58,51.470448,2025-10-22-18:7:2
Number,RSSI,,Lower,,Upper,,ACP,Latitude,,,,Longitude,,,,Time
2,-70.94,dBm,-33.53,dBm,25.75,dB,30.90,dB,N,37,33,14.277493,E,126,58,51.238735,2025-10-22-18:7:7
Number,RSSI,,Lower,,Upper,,ACP,Latitude,,,,Longitude,,,,Time
3,-65.54,dBm,-34.37,dBm,28.03,dB,22.36,dB,N,37,33,13.787444,E,126,58,51.702160,2025-10-22-18:7:15
Number,RSSI,,Lower,,Upper,,ACP,Latitude,,,,Longitude,,,,Time
4,-75.77,dBm,-40.32,dBm,39.18,dB,22.58,dB,N,37,33,13.726189,E,126,58,52.320057,2025-10-22-18:7:21
Number,RSSI,,Lower,,Upper,,ACP,Latitude,,,,Longitude,,,,Time
5,-77.31,dBm,-37.03,dBm,26.34,dB,29.88,dB,N,37,33,14.216236,E,126,58,52.629005,2025-10-22-18:7:27
Number,RSSI,,Lower,,Upper,,ACP,Latitude,,,,Longitude,,,,Time
6,-81.06,dBm,-39.10,dBm,31.34,dB,38.85,dB,N,37,33,14.767540,E,126,58,52.937954,2025-10-22-18:7:34
Number,RSSI,,Lower,,Upper,,ACP,Latitude,,,,Longitude,,,,Time
7,-68.99,dBm,-37.24,dBm,21.12,dB,35.70,dB,N,37,33,15.257588,E,126,58,52.629005,2025-10-22-18:7:43
