VIAVI Solutions,JD785B,PLM21190,3.110.023

<Mode>
Spectrum / OTA Route Map
 
Latitude:,37'32"49.88N
Longitude:,126'58"54.83E
Time:,2025-10-22 16:03:51 
 
<Setup>
Center Frequency:,765.000000,MHz
Span:,20.000000,MHz
Start Frequency:,755.000000,MHz
Stop Frequency:,775.000000,MHz
Channel :,5350 FWD
Channel Standard :,Band Global
Preamp:,Off
Attenuation:,15,dB
External Offset:,On,0.000000,dB
Freq Reference:,GPS
Trigger Source:,Internal
Trigger:,Free Run
Mode:,Sweep
Detector:,RMS
RBW [A]:,100 kHz
VBW [A]:,100 kHz
Sweep Time:,10.73 ms
Average:,1
 
Number,RSSI,,Lower,,Upper,,ACP,Latitude,,,,Longitude,,,,Time
0,-88.27,dBm,-42.54,dBm,29.04,dB,22.03,dB,N,37,32,49.591320,E,126,58,59.039696,2025-10-22-15:59:21
Number,RSSI,,Lower,,Upper,,ACP,Latitude,,,,Longitude,,,,Time
1,-79.88,dBm,-40.40,dBm,29.56,dB,26.94,dB,N,37,32,49.346298,E,126,58,59.734829,2025-10-22-15:59:28
Number,RSSI,,Lower,,Upper,,ACP,Latitude,,,,Longitude,,,,Time
2,-79.62,dBm,-43.82,dBm,28.29,dB,23.45,dB,N,37,32,48.917507,E,126,59,0.352728,2025-10-22-15:59:34
Number,RSSI,,Lower,,Upper,,ACP,Latitude,,,,Longitude,,,,Time
3,-89.55,dBm,-46.60,dBm,26.55,dB,31.48,dB,N,37,32,48.427456,E,126,59,0.970625,2025-10-22-15:59:40
Number,RSSI,,Lower,,Upper,,ACP,Latitude,,,,Longitude,,,,Time
4,-83.27,dBm,-40.06,dBm,44.31,dB,22.72,dB,N,37,32,47.937408,E,126,59,1.434049,2025-10-22-15:59:45
Number,RSSI,,Lower,,Upper,,ACP,Latitude,,,,Longitude,,,,Time
5,-81.44,dBm,-45.48,dBm,36.01,dB,19.10,dB,N,37,32,47.447361,E,126,59,1.665760,2025-10-22-15:59:52
Number,RSSI,,Lower,,Upper,,ACP,Latitude,,,,Longitude,,,,Time
6,-84.31,dBm,-48.22,dBm,37.67,dB,32.23,dB,N,37,32,46.957314,E,126,59,1.820235,2025-10-22-15:59:58
Number,RSSI,,Lower,,Upper,,ACP,Latitude,,,,Longitude,,,,Time
7,-80.50,dBm,-48.05,dBm,28.31,dB,19.32,dB,N,37,32,46.528522,E,126,59,2.438133,2025-10-22-16:0:5
Number,RSSI,,Lower,,Upper,,ACP,Latitude,,,,Longitude,,,,Time
8,-88.28,dBm,-50.45,dBm,27.80,dB,34.73,dB,N,37,32,46.038471,E,126,59,2.978793,2025-10-22-16:0:11
Number,RSSI,,Lower,,Upper,,ACP,Latitude,,,,Longitude,,,,Time
9,-85.79,dBm,-47.34,dBm,34.74,dB,29.98,dB,N,37,32,45.548424,E,126,59,3.519454,2025-10-22-16:0:17
Number,RSSI,,Lower,,Upper,,ACP,Latitude,,,,Longitude,,,,Time
10,-80.77,dBm,-48.41,dBm,31.09,dB,29.53,dB,N,37,32,45.058376,E,126,59,4.137352,2025-10-22-16:0:21
Number,RSSI,,Lower,,Upper,,ACP,Latitude,,,,Longitude,,,,Time
11,-81.83,dBm,-46.66,dBm,38.60,dB,18.05,dB,N,37,32,44.568329,E,126,59,4.755249,2025-10-22-16:0:26
Number,RSSI,,Lower,,Upper,,ACP,Latitude,,,,Longitude,,,,Time
12,-75.56,dBm,-41.70,dBm,33.41,dB,24.81,dB,N,37,32,44.200794,E,126,59,5.450384,2025-10-22-16:0:33
Number,RSSI,,Lower,,Upper,,ACP,Latitude,,,,Longitude,,,,Time
13,-80.70,dBm,-39.63,dBm,32.76,dB,30.81,dB,N,37,32,43.710743,E,126,59,5.527621,2025-10-22-16:0:41
Number,RSSI,,Lower,,Upper,,ACP,Latitude,,,,Longitude,,,,Time
14,-73.35,dBm,-38.01,dBm,23.42,dB,35.15,dB,N,37,32,43.159439,E,126,59,5.141435,2025-10-22-16:0:48
Number,RSSI,,Lower,,Upper,,ACP,Latitude,,,,Longitude,,,,Time
15,-73.48,dBm,-38.20,dBm,21.60,dB,31.89,dB,N,37,32,42.669392,E,126,59,4.986961,2025-10-22-16:0:59
Number,RSSI,,Lower,,Upper,,ACP,Latitude,,,,Longitude,,,,Time
16,-77.25,dBm,-40.42,dBm,35.89,dB,23.25,dB,N,37,32,42.179344,E,126,59,4.369063,2025-10-22-16:1:4
Number,RSSI,,Lower,,Upper,,ACP,Latitude,,,,Longitude,,,,Time
17,-73.56,dBm,-38.89,dBm,25.85,dB,34.68,dB,N,37,32,41.934322,E,126,59,3.751165,2025-10-22-16:1:7
Number,RSSI,,Lower,,Upper,,ACP,Latitude,,,,Longitude,,,,Time
18,-76.00,dBm,-34.10,dBm,25.69,dB,27.31,dB,N,37,32,41.750553,E,126,59,3.056030,2025-10-22-16:1:10
Number,RSSI,,Lower,,Upper,,ACP,Latitude,,,,Longitude,,,,Time
19,-81.44,dBm,-49.95,dBm,36.11,dB,24.47,dB,N,37,32,41.566784,E,126,59,2.360895,2025-10-22-16:1:14
Number,RSSI,,Lower,,Upper,,ACP,Latitude,,,,Longitude,,,,Time
20,-80.09,dBm,-46.61,dBm,25.20,dB,33.73,dB,N,37,32,41.383015,E,126,59,1.742998,2025-10-22-16:1:17
Number,RSSI,,Lower,,Upper,,ACP,Latitude,,,,Longitude,,,,Time
21,-77.80,dBm,-46.39,dBm,26.00,dB,30.89,dB,N,37,32,41.199249,E,126,59,1.047863,2025-10-22-16:1:21
Number,RSSI,,Lower,,Upper,,ACP,Latitude,,,,Longitude,,,,Time
22,-72.69,dBm,-41.63,dBm,20.52,dB,35.08,dB,N,37,32,41.015480,E,126,59,0.352728,2025-10-22-16:1:25
Number,RSSI,,Lower,,Upper,,ACP,Latitude,,,,Longitude,,,,Time
23,-82.41,dBm,-44.42,dBm,29.47,dB,31.86,dB,N,37,32,41.137993,E,126,58,59.734829,2025-10-22-16:1:28
Number,RSSI,,Lower,,Upper,,ACP,Latitude,,,,Longitude,,,,Time
24,-79.13,dBm,-49.31,dBm,21.36,dB,26.64,dB,N,37,32,41.383015,E,126,58,59.039696,2025-10-22-16:1:32
Number,RSSI,,Lower,,Upper,,ACP,Latitude,,,,Longitude,,,,Time
25,-75.84,dBm,-35.70,dBm,25.55,dB,27.19,dB,N,37,32,41.321762,E,126,58,58.267323,2025-10-22-16:1:37
Number,RSSI,,Lower,,Upper,,ACP,Latitude,,,,Longitude,,,,Time
26,-77.52,dBm,-43.12,dBm,25.05,dB,25.51,dB,N,37,32,41.015480,E,126,58,57.649426,2025-10-22-16:1:40
Number,RSSI,,Lower,,Upper,,ACP,Latitude,,,,Longitude,,,,Time
27,-82.55,dBm,-44.54,dBm,38.28,dB,18.98,dB,N,37,32,40.647945,E,126,58,57.031528,2025-10-22-16:1:44
Number,RSSI,,Lower,,Upper,,ACP,Latitude,,,,Longitude,,,,Time
28,-85.50,dBm,-45.82,dBm,22.32,dB,40.70,dB,N,37,32,40.341663,E,126,58,56.413631,2025-10-22-16:1:56
Number,RSSI,,Lower,,Upper,,ACP,Latitude,,,,Longitude,,,,Time
29,-76.57,dBm,-42.76,dBm,25.41,dB,26.10,dB,N,37,32,40.096642,E,126,58,55.795731,2025-10-22-16:2:4
Number,RSSI,,Lower,,Upper,,ACP,Latitude,,,,Longitude,,,,Time
30,-76.49,dBm,-39.17,dBm,25.79,dB,34.01,dB,N,37,32,40.525433,E,126,58,55.177834,2025-10-22-16:2:10
Number,RSSI,,Lower,,Upper,,ACP,Latitude,,,,Longitude,,,,Time
31,-77.82,dBm,-46.20,dBm,25.76,dB,28.43,dB,N,37,32,41.137993,E,126,58,54.868885,2025-10-22-16:2:14
Number,RSSI,,Lower,,Upper,,ACP,Latitude,,,,Longitude,,,,Time
32,-79.53,dBm,-47.90,dBm,20.23,dB,25.33,dB,N,37,32,41.689297,E,126,58,54.791649,2025-10-22-16:2:17
Number,RSSI,,Lower,,Upper,,ACP,Latitude,,,,Longitude,,,,Time
33,-76.49,dBm,-45.11,dBm,22.86,dB,33.12,dB,N,37,32,42.179344,E,126,58,54.868885,2025-10-22-16:2:20
Number,RSSI,,Lower,,Upper,,ACP,Latitude,,,,Longitude,,,,Time
34,-77.52,dBm,-41.29,dBm,26.80,dB,31.53,dB,N,37,32,42.669392,E,126,58,54.791649,2025-10-22-16:2:23
Number,RSSI,,Lower,,Upper,,ACP,Latitude,,,,Longitude,,,,Time
35,-80.70,dBm,-46.15,dBm,24.82,dB,22.03,dB,N,37,32,43.159439,E,126,58,54.714413,2025-10-22-16:2:25
Number,RSSI,,Lower,,Upper,,ACP,Latitude,,,,Longitude,,,,Time
36,-77.71,dBm,-45.17,dBm,32.41,dB,33.91,dB,N,37,32,43.771999,E,126,58,54.637173,2025-10-22-16:2:28
Number,RSSI,,Lower,,Upper,,ACP,Latitude,,,,Longitude,,,,Time
37,-82.82,dBm,-45.89,dBm,29.24,dB,38.74,dB,N,37,32,44.323303,E,126,58,54.559937,2025-10-22-16:2:31
Number,RSSI,,Lower,,Upper,,ACP,Latitude,,,,Longitude,,,,Time
38,-80.66,dBm,-44.57,dBm,31.51,dB,20.89,dB,N,37,32,44.874607,E,126,58,54.482700,2025-10-22-16:2:34
Number,RSSI,,Lower,,Upper,,ACP,Latitude,,,,Longitude,,,,Time
39,-79.00,dBm,-46.74,dBm,25.80,dB,29.66,dB,N,37,32,45.364658,E,126,58,54.405460,2025-10-22-16:2:38
Number,RSSI,,Lower,,Upper,,ACP,Latitude,,,,Longitude,,,,Time
40,-84.68,dBm,-51.46,dBm,31.48,dB,20.07,dB,N,37,32,45.915962,E,126,58,54.328224,2025-10-22-16:2:42
Number,RSSI,,Lower,,Upper,,ACP,Latitude,,,,Longitude,,,,Time
41,-79.79,dBm,-46.86,dBm,29.47,dB,20.16,dB,N,37,32,46.467266,E,126,58,54.173752,2025-10-22-16:2:46
Number,RSSI,,Lower,,Upper,,ACP,Latitude,,,,Longitude,,,,Time
42,-84.15,dBm,-43.44,dBm,28.36,dB,20.58,dB,N,37,32,46.957314,E,126,58,54.096512,2025-10-22-16:2:50
Number,RSSI,,Lower,,Upper,,ACP,Latitude,,,,Longitude,,,,Time
43,-73.81,dBm,-44.91,dBm,31.48,dB,28.52,dB,N,37,32,47.508617,E,126,58,53.787563,2025-10-22-16:2:54
Number,RSSI,,Lower,,Upper,,ACP,Latitude,,,,Longitude,,,,Time
44,-84.86,dBm,-41.35,dBm,35.67,dB,30.56,dB,N,37,32,47.937408,E,126,58,53.092430,2025-10-22-16:2:58
Number,RSSI,,Lower,,Upper,,ACP,Latitude,,,,Longitude,,,,Time
45,-76.57,dBm,-45.97,dBm,36.64,dB,19.89,dB,N,37,32,48.427456,E,126,58,52.551769,2025-10-22-16:3:2
Number,RSSI,,Lower,,Upper,,ACP,Latitude,,,,Longitude,,,,Time
46,-77.80,dBm,-36.84,dBm,33.70,dB,23.63,dB,N,37,32,48.917507,E,126,58,52.706242,2025-10-22-16:3:7
Number,RSSI,,Lower,,Upper,,ACP,Latitude,,,,Longitude,,,,Time
47,-80.31,dBm,-39.64,dBm,28.24,dB,27.54,dB,N,37,32,49.468811,E,126,58,53.324142,2025-10-22-16:3:17
Number,RSSI,,Lower,,Upper,,ACP,Latitude,,,,Longitude,,,,Time
48,-80.49,dBm,-33.93,dBm,46.01,dB,29.77,dB,N,37,32,49.897602,E,126,58,53.942039,2025-10-22-16:3:22
Number,RSSI,,Lower,,Upper,,ACP,Latitude,,,,Longitude,,,,Time
49,-74.12,dBm,-32.05,dBm,50.16,dB,26.32,dB,N,37,32,49.958858,E,126,58,54.559937,2025-10-22-16:3:29
