VIAVI Solutions,JD785B,PLM21190,3.110.023

<Mode>
Spectrum / OTA Route Map
 
Latitude:,37'33"15.22N
Longitude:,126'58"51.82E
Time:,2025-10-22 18:14:08 
 
<Setup>
Center Frequency:,765.000000,MHz
Span:,20.000000,MHz
Start Frequency:,755.000000,MHz
Stop Frequency:,775.000000,MHz
Channel :,5350 FWD
Channel Standard :,Band Global
Preamp:,Off
Attenuation:,15,dB
External Offset:,On,0.000000,dB
Freq Reference:,GPS
Trigger Source:,Internal
Trigger:,Free Run
Mode:,Sweep
Detector:,RMS
RBW [A]:,100 kHz
VBW [A]:,100 kHz
Sweep Time:,10.73 ms
Average:,1
 
Number,RSSI,,Lower,,Upper,,ACP,Latitude,,,,Longitude,,,,Time
0,-70.46,dBm,-35.31,dBm,21.61,dB,26.51,dB,N,37,33,15.257588,E,126,58,51.856632,2025-10-22-18:13:11
Number,RSSI,,Lower,,Upper,,ACP,Latitude,,,,Longitude,,,,Time
1,-74.59,dBm,-35.42,dBm,33.39,dB,30.12,dB,N,37,33,14.767540,E,126,58,51.547684,2025-10-22-18:13:17
Number,RSSI,,Lower,,Upper,,ACP,Latitude,,,,Longitude,,,,Time
2,-72.08,dBm,-32.23,dBm,37.35,dB,37.44,dB,N,37,33,14.277493,E,126,58,51.238735,2025-10-22-18:13:24
Number,RSSI,,Lower,,Upper,,ACP,Latitude,,,,Longitude,,,,Time
3,-68.06,dBm,-34.81,dBm,30.22,dB,25.14,dB,N,37,33,13.787444,E,126,58,51.702160,2025-10-22-18:13:32
Number,RSSI,,Lower,,Upper,,ACP,Latitude,,,,Longitude,,,,Time
4,-81.60,dBm,-40.34,dBm,26.98,dB,29.06,dB,N,37,33,13.726189,E,126,58,52.320057,2025-10-22-18:13:38
Number,RSSI,,Lower,,Upper,,ACP,Latitude,,,,Longitude,,,,Time
5,-81.04,dBm,-40.64,dBm,33.03,dB,20.69,dB,N,37,33,14.277493,E,126,58,52.629005,2025-10-22-18:13:45
Number,RSSI,,Lower,,Upper,,ACP,Latitude,,,,Longitude,,,,Time
6,-73.09,dBm,-37.40,dBm,24.71,dB,39.10,dB,N,37,33,14.828796,E,126,58,52.937954,2025-10-22-18:13:51
Number,RSSI,,Lower,,Upper,,ACP,Latitude,,,,Longitude,,,,Time
7,-72.77,dBm,-37.93,dBm,22.89,dB,27.73,dB,N,37,33,15.318845,E,126,58,52.474533,2025-10-22-18:14:0
