VIAVI Solutions,JD785B,PLM21190,3.110.023

<Mode>
Spectrum / OTA Route Map
 
Latitude:,37'33"22.15N
Longitude:,126'58"44.57E
Time:,2025-10-22 17:02:52 
 
<Setup>
Center Frequency:,765.000000,MHz
Span:,20.000000,MHz
Start Frequency:,755.000000,MHz
Stop Frequency:,775.000000,MHz
Channel :,5350 FWD
Channel Standard :,Band Global
Preamp:,Off
Attenuation:,15,dB
External Offset:,On,0.000000,dB
Freq Reference:,GPS
Trigger Source:,Internal
Trigger:,Free Run
Mode:,Sweep
Detector:,RMS
RBW [A]:,100 kHz
VBW [A]:,100 kHz
Sweep Time:,10.73 ms
Average:,1
 
Number,RSSI,,Lower,,Upper,,ACP,Latitude,,,,Longitude,,,,Time
0,-73.40,dBm,-38.56,dBm,22.65,dB,33.70,dB,N,37,33,20.831884,E,126,58,47.067928,2025-10-22-16:59:4
Number,RSSI,,Lower,,Upper,,ACP,Latitude,,,,Longitude,,,,Time
1,-72.31,dBm,-33.42,dBm,19.00,dB,36.12,dB,N,37,33,21.199421,E,126,58,46.450027,2025-10-22-16:59:10
Number,RSSI,,Lower,,Upper,,ACP,Latitude,,,,Longitude,,,,Time
2,-77.53,dBm,-36.95,dBm,32.01,dB,37.20,dB,N,37,33,21.566957,E,126,58,45.832130,2025-10-22-16:59:13
Number,RSSI,,Lower,,Upper,,ACP,Latitude,,,,Longitude,,,,Time
3,-68.60,dBm,-38.42,dBm,22.03,dB,34.96,dB,N,37,33,21.873238,E,126,58,45.136997,2025-10-22-16:59:16
Number,RSSI,,Lower,,Upper,,ACP,Latitude,,,,Longitude,,,,Time
4,-83.95,dBm,-42.21,dBm,35.47,dB,21.01,dB,N,37,33,22.057005,E,126,58,44.364624,2025-10-22-16:59:19
Number,RSSI,,Lower,,Upper,,ACP,Latitude,,,,Longitude,,,,Time
5,-75.90,dBm,-43.02,dBm,26.97,dB,26.19,dB,N,37,33,22.118261,E,126,58,43.592251,2025-10-22-16:59:22
Number,RSSI,,Lower,,Upper,,ACP,Latitude,,,,Longitude,,,,Time
6,-71.40,dBm,-42.66,dBm,26.79,dB,31.06,dB,N,37,33,22.118261,E,126,58,42.974354,2025-10-22-16:59:25
Number,RSSI,,Lower,,Upper,,ACP,Latitude,,,,Longitude,,,,Time
7,-80.53,dBm,-43.17,dBm,24.82,dB,26.77,dB,N,37,33,22.057005,E,126,58,42.356457,2025-10-22-16:59:43
Number,RSSI,,Lower,,Upper,,ACP,Latitude,,,,Longitude,,,,Time
8,-80.22,dBm,-40.62,dBm,34.88,dB,22.23,dB,N,37,33,21.995749,E,126,58,41.584084,2025-10-22-16:59:47
Number,RSSI,,Lower,,Upper,,ACP,Latitude,,,,Longitude,,,,Time
9,-83.50,dBm,-41.85,dBm,25.20,dB,39.18,dB,N,37,33,21.934494,E,126,58,40.966187,2025-10-22-16:59:49
Number,RSSI,,Lower,,Upper,,ACP,Latitude,,,,Longitude,,,,Time
10,-82.46,dBm,-40.35,dBm,35.01,dB,30.58,dB,N,37,33,21.873238,E,126,58,40.271053,2025-10-22-16:59:51
Number,RSSI,,Lower,,Upper,,ACP,Latitude,,,,Longitude,,,,Time
11,-86.35,dBm,-39.88,dBm,26.59,dB,21.13,dB,N,37,33,21.811981,E,126,58,39.498680,2025-10-22-16:59:53
Number,RSSI,,Lower,,Upper,,ACP,Latitude,,,,Longitude,,,,Time
12,-73.88,dBm,-40.87,dBm,26.63,dB,19.01,dB,N,37,33,21.750725,E,126,58,38.803543,2025-10-22-16:59:55
Number,RSSI,,Lower,,Upper,,ACP,Latitude,,,,Longitude,,,,Time
13,-73.81,dBm,-38.15,dBm,26.00,dB,21.57,dB,N,37,33,21.628214,E,126,58,38.108410,2025-10-22-16:59:57
Number,RSSI,,Lower,,Upper,,ACP,Latitude,,,,Longitude,,,,Time
14,-76.77,dBm,-39.47,dBm,28.34,dB,26.11,dB,N,37,33,21.383188,E,126,58,37.490513,2025-10-22-16:59:59
Number,RSSI,,Lower,,Upper,,ACP,Latitude,,,,Longitude,,,,Time
15,-78.48,dBm,-35.96,dBm,31.46,dB,30.52,dB,N,37,33,20.893141,E,126,58,36.872616,2025-10-22-17:0:2
Number,RSSI,,Lower,,Upper,,ACP,Latitude,,,,Longitude,,,,Time
16,-60.12,dBm,-28.69,dBm,27.18,dB,24.95,dB,N,37,33,20.280581,E,126,58,36.409191,2025-10-22-17:0:5
Number,RSSI,,Lower,,Upper,,ACP,Latitude,,,,Longitude,,,,Time
17,-78.22,dBm,-32.69,dBm,26.93,dB,24.37,dB,N,37,33,19.729277,E,126,58,36.100243,2025-10-22-17:0:8
Number,RSSI,,Lower,,Upper,,ACP,Latitude,,,,Longitude,,,,Time
18,-81.45,dBm,-34.48,dBm,27.42,dB,20.31,dB,N,37,33,19.177973,E,126,58,36.100243,2025-10-22-17:0:11
Number,RSSI,,Lower,,Upper,,ACP,Latitude,,,,Longitude,,,,Time
19,-67.99,dBm,-30.99,dBm,21.26,dB,28.06,dB,N,37,33,18.687925,E,126,58,36.331955,2025-10-22-17:0:15
Number,RSSI,,Lower,,Upper,,ACP,Latitude,,,,Longitude,,,,Time
20,-68.80,dBm,-30.34,dBm,18.61,dB,28.22,dB,N,37,33,18.197876,E,126,58,36.872616,2025-10-22-17:0:23
Number,RSSI,,Lower,,Upper,,ACP,Latitude,,,,Longitude,,,,Time
21,-67.55,dBm,-34.30,dBm,25.31,dB,23.28,dB,N,37,33,17.891596,E,126,58,37.567749,2025-10-22-17:0:28
Number,RSSI,,Lower,,Upper,,ACP,Latitude,,,,Longitude,,,,Time
22,-74.73,dBm,-33.24,dBm,23.84,dB,30.64,dB,N,37,33,17.585318,E,126,58,38.340122,2025-10-22-17:0:31
Number,RSSI,,Lower,,Upper,,ACP,Latitude,,,,Longitude,,,,Time
23,-73.92,dBm,-34.06,dBm,26.28,dB,35.65,dB,N,37,33,17.340292,E,126,58,38.958019,2025-10-22-17:0:33
Number,RSSI,,Lower,,Upper,,ACP,Latitude,,,,Longitude,,,,Time
24,-69.26,dBm,-35.16,dBm,30.74,dB,29.28,dB,N,37,33,16.972757,E,126,58,39.575916,2025-10-22-17:0:35
Number,RSSI,,Lower,,Upper,,ACP,Latitude,,,,Longitude,,,,Time
25,-79.30,dBm,-39.51,dBm,23.16,dB,26.61,dB,N,37,33,16.666477,E,126,58,40.271053,2025-10-22-17:0:37
Number,RSSI,,Lower,,Upper,,ACP,Latitude,,,,Longitude,,,,Time
26,-76.24,dBm,-42.02,dBm,21.98,dB,27.20,dB,N,37,33,16.298941,E,126,58,40.888950,2025-10-22-17:0:39
Number,RSSI,,Lower,,Upper,,ACP,Latitude,,,,Longitude,,,,Time
27,-80.26,dBm,-39.05,dBm,16.71,dB,30.01,dB,N,37,33,15.931404,E,126,58,41.584084,2025-10-22-17:0:41
Number,RSSI,,Lower,,Upper,,ACP,Latitude,,,,Longitude,,,,Time
28,-79.44,dBm,-44.92,dBm,33.88,dB,27.29,dB,N,37,33,15.563869,E,126,58,42.201981,2025-10-22-17:0:43
Number,RSSI,,Lower,,Upper,,ACP,Latitude,,,,Longitude,,,,Time
29,-80.90,dBm,-42.84,dBm,31.24,dB,23.11,dB,N,37,33,15.257588,E,126,58,42.819881,2025-10-22-17:0:45
Number,RSSI,,Lower,,Upper,,ACP,Latitude,,,,Longitude,,,,Time
30,-82.44,dBm,-45.84,dBm,26.45,dB,27.92,dB,N,37,33,14.767540,E,126,58,43.437778,2025-10-22-17:0:48
Number,RSSI,,Lower,,Upper,,ACP,Latitude,,,,Longitude,,,,Time
31,-67.28,dBm,-34.91,dBm,19.56,dB,20.30,dB,N,37,33,14.154981,E,126,58,43.901199,2025-10-22-17:0:51
Number,RSSI,,Lower,,Upper,,ACP,Latitude,,,,Longitude,,,,Time
32,-77.41,dBm,-42.89,dBm,26.45,dB,28.44,dB,N,37,33,13.664932,E,126,58,44.055676,2025-10-22-17:0:53
Number,RSSI,,Lower,,Upper,,ACP,Latitude,,,,Longitude,,,,Time
33,-80.17,dBm,-47.34,dBm,27.03,dB,41.55,dB,N,37,33,13.113628,E,126,58,44.055676,2025-10-22-17:0:55
Number,RSSI,,Lower,,Upper,,ACP,Latitude,,,,Longitude,,,,Time
34,-79.39,dBm,-45.75,dBm,24.21,dB,29.15,dB,N,37,33,12.562325,E,126,58,44.055676,2025-10-22-17:0:57
Number,RSSI,,Lower,,Upper,,ACP,Latitude,,,,Longitude,,,,Time
35,-77.40,dBm,-45.28,dBm,20.37,dB,41.18,dB,N,37,33,11.949764,E,126,58,44.287388,2025-10-22-17:1:0
Number,RSSI,,Lower,,Upper,,ACP,Latitude,,,,Longitude,,,,Time
36,-80.85,dBm,-43.93,dBm,23.96,dB,25.06,dB,N,37,33,11.459716,E,126,58,44.673573,2025-10-22-17:1:3
Number,RSSI,,Lower,,Upper,,ACP,Latitude,,,,Longitude,,,,Time
37,-91.45,dBm,-45.54,dBm,19.34,dB,33.13,dB,N,37,33,11.398460,E,126,58,45.368710,2025-10-22-17:1:7
Number,RSSI,,Lower,,Upper,,ACP,Latitude,,,,Longitude,,,,Time
38,-82.91,dBm,-44.06,dBm,28.45,dB,20.87,dB,N,37,33,11.888508,E,126,58,45.523182,2025-10-22-17:1:11
Number,RSSI,,Lower,,Upper,,ACP,Latitude,,,,Longitude,,,,Time
39,-78.03,dBm,-45.62,dBm,24.11,dB,23.15,dB,N,37,33,12.439812,E,126,58,45.600418,2025-10-22-17:1:15
Number,RSSI,,Lower,,Upper,,ACP,Latitude,,,,Longitude,,,,Time
40,-79.75,dBm,-40.67,dBm,25.94,dB,31.56,dB,N,37,33,12.929860,E,126,58,45.754894,2025-10-22-17:1:18
Number,RSSI,,Lower,,Upper,,ACP,Latitude,,,,Longitude,,,,Time
41,-76.71,dBm,-45.63,dBm,35.83,dB,34.01,dB,N,37,33,13.481164,E,126,58,45.909367,2025-10-22-17:1:21
Number,RSSI,,Lower,,Upper,,ACP,Latitude,,,,Longitude,,,,Time
42,-78.05,dBm,-45.45,dBm,20.68,dB,27.77,dB,N,37,33,14.032468,E,126,58,46.218319,2025-10-22-17:1:24
Number,RSSI,,Lower,,Upper,,ACP,Latitude,,,,Longitude,,,,Time
43,-72.42,dBm,-41.54,dBm,31.21,dB,27.03,dB,N,37,33,14.645028,E,126,58,46.681740,2025-10-22-17:1:27
Number,RSSI,,Lower,,Upper,,ACP,Latitude,,,,Longitude,,,,Time
44,-71.87,dBm,-46.64,dBm,24.77,dB,26.19,dB,N,37,33,15.135077,E,126,58,47.067928,2025-10-22-17:1:29
Number,RSSI,,Lower,,Upper,,ACP,Latitude,,,,Longitude,,,,Time
45,-86.94,dBm,-54.99,dBm,25.88,dB,33.22,dB,N,37,33,15.747637,E,126,58,47.531349,2025-10-22-17:1:32
Number,RSSI,,Lower,,Upper,,ACP,Latitude,,,,Longitude,,,,Time
46,-86.46,dBm,-51.01,dBm,26.59,dB,33.96,dB,N,37,33,16.176428,E,126,58,48.149246,2025-10-22-17:1:35
Number,RSSI,,Lower,,Upper,,ACP,Latitude,,,,Longitude,,,,Time
47,-75.07,dBm,-39.90,dBm,22.52,dB,34.75,dB,N,37,33,16.421453,E,126,58,48.767147,2025-10-22-17:1:38
Number,RSSI,,Lower,,Upper,,ACP,Latitude,,,,Longitude,,,,Time
48,-82.72,dBm,-50.24,dBm,25.06,dB,30.55,dB,N,37,33,16.727732,E,126,58,49.616756,2025-10-22-17:1:40
Number,RSSI,,Lower,,Upper,,ACP,Latitude,,,,Longitude,,,,Time
49,-82.87,dBm,-50.18,dBm,34.38,dB,31.98,dB,N,37,33,16.911501,E,126,58,50.234653,2025-10-22-17:1:42
Number,RSSI,,Lower,,Upper,,ACP,Latitude,,,,Longitude,,,,Time
50,-80.67,dBm,-49.81,dBm,30.82,dB,24.25,dB,N,37,33,17.034012,E,126,58,50.852551,2025-10-22-17:1:44
Number,RSSI,,Lower,,Upper,,ACP,Latitude,,,,Longitude,,,,Time
51,-83.43,dBm,-49.38,dBm,19.17,dB,31.82,dB,N,37,33,17.217781,E,126,58,51.470448,2025-10-22-17:1:47
Number,RSSI,,Lower,,Upper,,ACP,Latitude,,,,Longitude,,,,Time
52,-78.10,dBm,-44.23,dBm,25.54,dB,22.49,dB,N,37,33,17.707829,E,126,58,51.779396,2025-10-22-17:1:51
Number,RSSI,,Lower,,Upper,,ACP,Latitude,,,,Longitude,,,,Time
53,-79.25,dBm,-36.90,dBm,31.78,dB,34.86,dB,N,37,33,18.197876,E,126,58,51.315975,2025-10-22-17:1:55
Number,RSSI,,Lower,,Upper,,ACP,Latitude,,,,Longitude,,,,Time
54,-72.23,dBm,-37.15,dBm,34.42,dB,35.81,dB,N,37,33,18.565413,E,126,58,50.698074,2025-10-22-17:1:59
Number,RSSI,,Lower,,Upper,,ACP,Latitude,,,,Longitude,,,,Time
55,-72.83,dBm,-39.42,dBm,21.26,dB,39.78,dB,N,37,33,18.994205,E,126,58,50.080177,2025-10-22-17:2:3
Number,RSSI,,Lower,,Upper,,ACP,Latitude,,,,Longitude,,,,Time
56,-81.11,dBm,-37.80,dBm,34.88,dB,21.24,dB,N,37,33,19.361740,E,126,58,49.462280,2025-10-22-17:2:7
Number,RSSI,,Lower,,Upper,,ACP,Latitude,,,,Longitude,,,,Time
57,-79.34,dBm,-38.52,dBm,26.56,dB,36.84,dB,N,37,33,19.790533,E,126,58,48.767147,2025-10-22-17:2:12
Number,RSSI,,Lower,,Upper,,ACP,Latitude,,,,Longitude,,,,Time
58,-77.71,dBm,-36.61,dBm,22.60,dB,33.42,dB,N,37,33,20.219324,E,126,58,48.072010,2025-10-22-17:2:16
Number,RSSI,,Lower,,Upper,,ACP,Latitude,,,,Longitude,,,,Time
59,-72.28,dBm,-42.42,dBm,21.59,dB,31.88,dB,N,37,33,20.586861,E,126,58,47.376877,2025-10-22-17:2:20
Number,RSSI,,Lower,,Upper,,ACP,Latitude,,,,Longitude,,,,Time
60,-69.72,dBm,-39.66,dBm,27.94,dB,18.82,dB,N,37,33,21.015654,E,126,58,46.604504,2025-10-22-17:2:24
Number,RSSI,,Lower,,Upper,,ACP,Latitude,,,,Longitude,,,,Time
61,-70.96,dBm,-35.85,dBm,26.59,dB,30.35,dB,N,37,33,21.383188,E,126,58,45.909367,2025-10-22-17:2:28
Number,RSSI,,Lower,,Upper,,ACP,Latitude,,,,Longitude,,,,Time
62,-73.69,dBm,-36.82,dBm,22.56,dB,32.41,dB,N,37,33,21.750725,E,126,58,45.291470,2025-10-22-17:2:33
Number,RSSI,,Lower,,Upper,,ACP,Latitude,,,,Longitude,,,,Time
63,-73.06,dBm,-41.22,dBm,25.99,dB,21.96,dB,N,37,33,22.057005,E,126,58,44.673573,2025-10-22-17:2:40
