VIAVI Solutions,JD785B,PLM21190,3.110.023

<Mode>
Spectrum / OTA Route Map
 
Latitude:,37'33"14.10N
Longitude:,126'58"44.10E
Time:,2025-10-22 18:28:22 
 
<Setup>
Center Frequency:,765.000000,MHz
Span:,20.000000,MHz
Start Frequency:,755.000000,MHz
Stop Frequency:,775.000000,MHz
Channel :,5350 FWD
Channel Standard :,Band Global
Preamp:,Off
Attenuation:,15,dB
External Offset:,On,0.000000,dB
Freq Reference:,GPS
Trigger Source:,Internal
Trigger:,Free Run
Mode:,Sweep
Detector:,RMS
RBW [A]:,100 kHz
VBW [A]:,100 kHz
Sweep Time:,10.73 ms
Average:,1
 
Number,RSSI,,Lower,,Upper,,ACP,Latitude,,,,Longitude,,,,Time
0,-75.34,dBm,-36.81,dBm,24.03,dB,21.97,dB,N,37,33,13.236140,E,126,58,52.242821,2025-10-22-18:22:11
Number,RSSI,,Lower,,Upper,,ACP,Latitude,,,,Longitude,,,,Time
1,-68.53,dBm,-41.25,dBm,19.55,dB,24.22,dB,N,37,33,12.991117,E,126,58,52.860718,2025-10-22-18:22:28
Number,RSSI,,Lower,,Upper,,ACP,Latitude,,,,Longitude,,,,Time
2,-75.44,dBm,-35.80,dBm,29.18,dB,17.46,dB,N,37,33,12.807348,E,126,58,53.555851,2025-10-22-18:22:34
Number,RSSI,,Lower,,Upper,,ACP,Latitude,,,,Longitude,,,,Time
3,-70.48,dBm,-32.49,dBm,37.83,dB,18.46,dB,N,37,33,12.562325,E,126,58,54.328224,2025-10-22-18:22:38
Number,RSSI,,Lower,,Upper,,ACP,Latitude,,,,Longitude,,,,Time
4,-73.68,dBm,-33.54,dBm,34.04,dB,25.49,dB,N,37,33,12.194788,E,126,58,55.023361,2025-10-22-18:22:42
Number,RSSI,,Lower,,Upper,,ACP,Latitude,,,,Longitude,,,,Time
5,-67.48,dBm,-34.99,dBm,40.06,dB,18.59,dB,N,37,33,11.888508,E,126,58,55.718494,2025-10-22-18:22:47
Number,RSSI,,Lower,,Upper,,ACP,Latitude,,,,Longitude,,,,Time
6,-68.00,dBm,-33.84,dBm,46.28,dB,21.10,dB,N,37,33,11.398460,E,126,58,56.336391,2025-10-22-18:22:52
Number,RSSI,,Lower,,Upper,,ACP,Latitude,,,,Longitude,,,,Time
7,-72.91,dBm,-34.05,dBm,41.57,dB,20.96,dB,N,37,33,10.847156,E,126,58,56.722580,2025-10-22-18:22:58
Number,RSSI,,Lower,,Upper,,ACP,Latitude,,,,Longitude,,,,Time
8,-72.92,dBm,-38.62,dBm,36.89,dB,16.99,dB,N,37,33,10.295852,E,126,58,56.645340,2025-10-22-18:23:3
Number,RSSI,,Lower,,Upper,,ACP,Latitude,,,,Longitude,,,,Time
9,-78.09,dBm,-34.95,dBm,35.79,dB,19.86,dB,N,37,33,9.744548,E,126,58,56.336391,2025-10-22-18:23:8
Number,RSSI,,Lower,,Upper,,ACP,Latitude,,,,Longitude,,,,Time
10,-63.44,dBm,-30.15,dBm,37.86,dB,23.40,dB,N,37,33,9.193244,E,126,58,56.104679,2025-10-22-18:23:16
Number,RSSI,,Lower,,Upper,,ACP,Latitude,,,,Longitude,,,,Time
11,-71.98,dBm,-32.51,dBm,30.25,dB,29.28,dB,N,37,33,8.703196,E,126,58,55.872971,2025-10-22-18:23:23
Number,RSSI,,Lower,,Upper,,ACP,Latitude,,,,Longitude,,,,Time
12,-69.96,dBm,-30.73,dBm,34.99,dB,28.26,dB,N,37,33,8.396915,E,126,58,55.177834,2025-10-22-18:23:30
Number,RSSI,,Lower,,Upper,,ACP,Latitude,,,,Longitude,,,,Time
13,-68.12,dBm,-30.28,dBm,34.47,dB,18.15,dB,N,37,33,8.335660,E,126,58,54.559937,2025-10-22-18:23:34
Number,RSSI,,Lower,,Upper,,ACP,Latitude,,,,Longitude,,,,Time
14,-79.67,dBm,-34.63,dBm,38.42,dB,21.88,dB,N,37,33,8.274404,E,126,58,53.942039,2025-10-22-18:23:38
Number,RSSI,,Lower,,Upper,,ACP,Latitude,,,,Longitude,,,,Time
15,-67.46,dBm,-29.49,dBm,47.05,dB,14.94,dB,N,37,33,8.151892,E,126,58,53.246902,2025-10-22-18:24:2
Number,RSSI,,Lower,,Upper,,ACP,Latitude,,,,Longitude,,,,Time
16,-70.36,dBm,-33.19,dBm,32.50,dB,23.58,dB,N,37,33,8.090635,E,126,58,52.629005,2025-10-22-18:24:5
Number,RSSI,,Lower,,Upper,,ACP,Latitude,,,,Longitude,,,,Time
17,-82.66,dBm,-37.55,dBm,37.89,dB,29.37,dB,N,37,33,8.029380,E,126,58,51.856632,2025-10-22-18:24:8
Number,RSSI,,Lower,,Upper,,ACP,Latitude,,,,Longitude,,,,Time
18,-77.24,dBm,-38.00,dBm,23.75,dB,23.36,dB,N,37,33,7.906868,E,126,58,51.238735,2025-10-22-18:24:10
Number,RSSI,,Lower,,Upper,,ACP,Latitude,,,,Longitude,,,,Time
19,-77.78,dBm,-37.62,dBm,31.01,dB,26.77,dB,N,37,33,7.906868,E,126,58,50.389126,2025-10-22-18:24:13
Number,RSSI,,Lower,,Upper,,ACP,Latitude,,,,Longitude,,,,Time
20,-79.84,dBm,-37.60,dBm,24.92,dB,23.84,dB,N,37,33,8.029380,E,126,58,49.693993,2025-10-22-18:24:15
Number,RSSI,,Lower,,Upper,,ACP,Latitude,,,,Longitude,,,,Time
21,-80.85,dBm,-41.47,dBm,31.31,dB,37.84,dB,N,37,33,8.458172,E,126,58,48.844383,2025-10-22-18:24:18
Number,RSSI,,Lower,,Upper,,ACP,Latitude,,,,Longitude,,,,Time
22,-79.90,dBm,-42.81,dBm,36.71,dB,29.04,dB,N,37,33,8.825707,E,126,58,48.226486,2025-10-22-18:24:20
Number,RSSI,,Lower,,Upper,,ACP,Latitude,,,,Longitude,,,,Time
23,-82.22,dBm,-41.03,dBm,31.39,dB,27.58,dB,N,37,33,9.377011,E,126,58,47.376877,2025-10-22-18:24:23
Number,RSSI,,Lower,,Upper,,ACP,Latitude,,,,Longitude,,,,Time
24,-78.58,dBm,-46.47,dBm,22.14,dB,27.11,dB,N,37,33,9.928316,E,126,58,46.604504,2025-10-22-18:24:26
Number,RSSI,,Lower,,Upper,,ACP,Latitude,,,,Longitude,,,,Time
25,-77.16,dBm,-46.22,dBm,21.97,dB,26.78,dB,N,37,33,10.602132,E,126,58,46.141079,2025-10-22-18:24:29
Number,RSSI,,Lower,,Upper,,ACP,Latitude,,,,Longitude,,,,Time
26,-76.09,dBm,-43.50,dBm,29.54,dB,32.29,dB,N,37,33,11.092180,E,126,58,45.909367,2025-10-22-18:24:31
Number,RSSI,,Lower,,Upper,,ACP,Latitude,,,,Longitude,,,,Time
27,-80.54,dBm,-47.85,dBm,25.43,dB,28.44,dB,N,37,33,11.643484,E,126,58,45.909367,2025-10-22-18:24:33
Number,RSSI,,Lower,,Upper,,ACP,Latitude,,,,Longitude,,,,Time
28,-82.77,dBm,-44.94,dBm,18.73,dB,32.65,dB,N,37,33,12.194788,E,126,58,45.909367,2025-10-22-18:24:35
Number,RSSI,,Lower,,Upper,,ACP,Latitude,,,,Longitude,,,,Time
29,-79.09,dBm,-45.88,dBm,28.32,dB,25.01,dB,N,37,33,12.684836,E,126,58,45.909367,2025-10-22-18:24:37
Number,RSSI,,Lower,,Upper,,ACP,Latitude,,,,Longitude,,,,Time
30,-78.60,dBm,-47.57,dBm,27.01,dB,24.99,dB,N,37,33,13.297397,E,126,58,46.141079,2025-10-22-18:24:40
Number,RSSI,,Lower,,Upper,,ACP,Latitude,,,,Longitude,,,,Time
31,-78.67,dBm,-44.84,dBm,31.71,dB,32.95,dB,N,37,33,13.787444,E,126,58,46.218319,2025-10-22-18:25:9
Number,RSSI,,Lower,,Upper,,ACP,Latitude,,,,Longitude,,,,Time
32,-82.08,dBm,-45.09,dBm,20.97,dB,37.14,dB,N,37,33,14.277493,E,126,58,46.527267,2025-10-22-18:25:12
Number,RSSI,,Lower,,Upper,,ACP,Latitude,,,,Longitude,,,,Time
33,-82.38,dBm,-43.28,dBm,32.36,dB,26.64,dB,N,37,33,14.890053,E,126,58,46.990688,2025-10-22-18:25:15
Number,RSSI,,Lower,,Upper,,ACP,Latitude,,,,Longitude,,,,Time
34,-81.18,dBm,-51.80,dBm,30.05,dB,30.11,dB,N,37,33,15.563869,E,126,58,47.531349,2025-10-22-18:25:18
Number,RSSI,,Lower,,Upper,,ACP,Latitude,,,,Longitude,,,,Time
35,-84.56,dBm,-52.88,dBm,25.01,dB,24.69,dB,N,37,33,16.298941,E,126,58,47.763062,2025-10-22-18:25:21
Number,RSSI,,Lower,,Upper,,ACP,Latitude,,,,Longitude,,,,Time
36,-81.04,dBm,-50.18,dBm,29.57,dB,28.50,dB,N,37,33,16.850245,E,126,58,47.917538,2025-10-22-18:25:23
Number,RSSI,,Lower,,Upper,,ACP,Latitude,,,,Longitude,,,,Time
37,-65.15,dBm,-33.47,dBm,24.47,dB,38.04,dB,N,37,33,17.156525,E,126,58,48.612671,2025-10-22-18:25:25
Number,RSSI,,Lower,,Upper,,ACP,Latitude,,,,Longitude,,,,Time
38,-84.08,dBm,-49.41,dBm,26.35,dB,28.41,dB,N,37,33,17.340292,E,126,58,49.616756,2025-10-22-18:25:27
Number,RSSI,,Lower,,Upper,,ACP,Latitude,,,,Longitude,,,,Time
39,-81.30,dBm,-51.81,dBm,23.47,dB,26.68,dB,N,37,33,17.340292,E,126,58,50.311890,2025-10-22-18:25:29
Number,RSSI,,Lower,,Upper,,ACP,Latitude,,,,Longitude,,,,Time
40,-85.41,dBm,-51.75,dBm,37.07,dB,32.84,dB,N,37,33,17.401548,E,126,58,50.929787,2025-10-22-18:25:31
Number,RSSI,,Lower,,Upper,,ACP,Latitude,,,,Longitude,,,,Time
41,-87.37,dBm,-46.96,dBm,22.67,dB,27.52,dB,N,37,33,17.524061,E,126,58,51.547684,2025-10-22-18:25:34
Number,RSSI,,Lower,,Upper,,ACP,Latitude,,,,Longitude,,,,Time
42,-78.05,dBm,-43.38,dBm,25.87,dB,39.28,dB,N,37,33,18.075365,E,126,58,51.856632,2025-10-22-18:25:40
Number,RSSI,,Lower,,Upper,,ACP,Latitude,,,,Longitude,,,,Time
43,-72.22,dBm,-34.52,dBm,32.91,dB,21.66,dB,N,37,33,18.565413,E,126,58,51.084263,2025-10-22-18:25:44
Number,RSSI,,Lower,,Upper,,ACP,Latitude,,,,Longitude,,,,Time
44,-73.26,dBm,-39.00,dBm,23.58,dB,29.58,dB,N,37,33,18.994205,E,126,58,50.311890,2025-10-22-18:25:47
Number,RSSI,,Lower,,Upper,,ACP,Latitude,,,,Longitude,,,,Time
45,-75.38,dBm,-38.99,dBm,23.38,dB,19.36,dB,N,37,33,19.422997,E,126,58,49.539516,2025-10-22-18:25:50
Number,RSSI,,Lower,,Upper,,ACP,Latitude,,,,Longitude,,,,Time
46,-71.96,dBm,-40.47,dBm,36.62,dB,19.86,dB,N,37,33,19.729277,E,126,58,48.921619,2025-10-22-18:25:52
Number,RSSI,,Lower,,Upper,,ACP,Latitude,,,,Longitude,,,,Time
47,-84.34,dBm,-40.37,dBm,19.31,dB,43.68,dB,N,37,33,20.158070,E,126,58,48.226486,2025-10-22-18:25:55
Number,RSSI,,Lower,,Upper,,ACP,Latitude,,,,Longitude,,,,Time
48,-77.25,dBm,-38.43,dBm,29.99,dB,42.01,dB,N,37,33,20.525604,E,126,58,47.608585,2025-10-22-18:25:58
Number,RSSI,,Lower,,Upper,,ACP,Latitude,,,,Longitude,,,,Time
49,-74.05,dBm,-37.63,dBm,25.62,dB,24.31,dB,N,37,33,20.954397,E,126,58,46.758976,2025-10-22-18:26:1
Number,RSSI,,Lower,,Upper,,ACP,Latitude,,,,Longitude,,,,Time
50,-71.96,dBm,-36.72,dBm,21.84,dB,20.91,dB,N,37,33,21.444445,E,126,58,45.909367,2025-10-22-18:26:4
Number,RSSI,,Lower,,Upper,,ACP,Latitude,,,,Longitude,,,,Time
51,-80.22,dBm,-41.38,dBm,35.35,dB,29.91,dB,N,37,33,21.750725,E,126,58,45.291470,2025-10-22-18:26:6
Number,RSSI,,Lower,,Upper,,ACP,Latitude,,,,Longitude,,,,Time
52,-79.52,dBm,-39.70,dBm,17.40,dB,34.76,dB,N,37,33,22.118261,E,126,58,44.441860,2025-10-22-18:26:9
Number,RSSI,,Lower,,Upper,,ACP,Latitude,,,,Longitude,,,,Time
53,-78.68,dBm,-42.64,dBm,34.86,dB,39.06,dB,N,37,33,22.118261,E,126,58,43.669491,2025-10-22-18:26:12
Number,RSSI,,Lower,,Upper,,ACP,Latitude,,,,Longitude,,,,Time
54,-77.77,dBm,-41.72,dBm,32.20,dB,45.04,dB,N,37,33,22.118261,E,126,58,43.051590,2025-10-22-18:26:14
Number,RSSI,,Lower,,Upper,,ACP,Latitude,,,,Longitude,,,,Time
55,-84.86,dBm,-43.66,dBm,25.35,dB,33.38,dB,N,37,33,22.057005,E,126,58,42.433693,2025-10-22-18:26:16
Number,RSSI,,Lower,,Upper,,ACP,Latitude,,,,Longitude,,,,Time
56,-82.01,dBm,-40.54,dBm,34.88,dB,28.16,dB,N,37,33,21.995749,E,126,58,41.815796,2025-10-22-18:26:18
Number,RSSI,,Lower,,Upper,,ACP,Latitude,,,,Longitude,,,,Time
57,-81.06,dBm,-40.85,dBm,33.18,dB,30.64,dB,N,37,33,21.934494,E,126,58,41.043423,2025-10-22-18:26:21
Number,RSSI,,Lower,,Upper,,ACP,Latitude,,,,Longitude,,,,Time
58,-82.30,dBm,-41.53,dBm,33.60,dB,43.58,dB,N,37,33,21.873238,E,126,58,40.425526,2025-10-22-18:26:24
Number,RSSI,,Lower,,Upper,,ACP,Latitude,,,,Longitude,,,,Time
59,-75.33,dBm,-35.97,dBm,38.61,dB,30.35,dB,N,37,33,21.811981,E,126,58,39.807629,2025-10-22-18:26:52
Number,RSSI,,Lower,,Upper,,ACP,Latitude,,,,Longitude,,,,Time
60,-78.18,dBm,-38.24,dBm,30.04,dB,30.14,dB,N,37,33,21.750725,E,126,58,39.112492,2025-10-22-18:26:56
Number,RSSI,,Lower,,Upper,,ACP,Latitude,,,,Longitude,,,,Time
61,-81.20,dBm,-36.21,dBm,28.56,dB,34.04,dB,N,37,33,21.628214,E,126,58,38.262882,2025-10-22-18:26:59
Number,RSSI,,Lower,,Upper,,ACP,Latitude,,,,Longitude,,,,Time
62,-81.66,dBm,-37.19,dBm,24.58,dB,24.21,dB,N,37,33,21.383188,E,126,58,37.567749,2025-10-22-18:27:2
Number,RSSI,,Lower,,Upper,,ACP,Latitude,,,,Longitude,,,,Time
63,-75.56,dBm,-36.50,dBm,20.31,dB,30.15,dB,N,37,33,20.831884,E,126,58,36.949852,2025-10-22-18:27:5
Number,RSSI,,Lower,,Upper,,ACP,Latitude,,,,Longitude,,,,Time
64,-71.82,dBm,-32.69,dBm,21.94,dB,39.18,dB,N,37,33,20.219324,E,126,58,36.486427,2025-10-22-18:27:8
Number,RSSI,,Lower,,Upper,,ACP,Latitude,,,,Longitude,,,,Time
65,-73.57,dBm,-33.10,dBm,35.00,dB,27.73,dB,N,37,33,19.545509,E,126,58,36.177479,2025-10-22-18:27:11
Number,RSSI,,Lower,,Upper,,ACP,Latitude,,,,Longitude,,,,Time
66,-65.07,dBm,-33.13,dBm,29.87,dB,22.31,dB,N,37,33,18.932949,E,126,58,36.331955,2025-10-22-18:27:14
Number,RSSI,,Lower,,Upper,,ACP,Latitude,,,,Longitude,,,,Time
67,-73.15,dBm,-34.55,dBm,26.96,dB,30.46,dB,N,37,33,18.381645,E,126,58,37.104324,2025-10-22-18:27:18
Number,RSSI,,Lower,,Upper,,ACP,Latitude,,,,Longitude,,,,Time
68,-58.75,dBm,-32.30,dBm,22.90,dB,28.61,dB,N,37,33,17.952852,E,126,58,37.799461,2025-10-22-18:27:21
Number,RSSI,,Lower,,Upper,,ACP,Latitude,,,,Longitude,,,,Time
69,-63.51,dBm,-32.41,dBm,17.98,dB,30.97,dB,N,37,33,17.585318,E,126,58,38.494595,2025-10-22-18:27:24
Number,RSSI,,Lower,,Upper,,ACP,Latitude,,,,Longitude,,,,Time
70,-67.51,dBm,-32.17,dBm,19.66,dB,38.63,dB,N,37,33,17.217781,E,126,58,39.189732,2025-10-22-18:27:27
Number,RSSI,,Lower,,Upper,,ACP,Latitude,,,,Longitude,,,,Time
71,-78.81,dBm,-36.47,dBm,25.79,dB,24.25,dB,N,37,33,16.788988,E,126,58,39.962101,2025-10-22-18:27:30
Number,RSSI,,Lower,,Upper,,ACP,Latitude,,,,Longitude,,,,Time
72,-79.62,dBm,-42.65,dBm,20.91,dB,24.54,dB,N,37,33,16.298941,E,126,58,40.734474,2025-10-22-18:27:33
Number,RSSI,,Lower,,Upper,,ACP,Latitude,,,,Longitude,,,,Time
73,-69.45,dBm,-39.40,dBm,20.89,dB,31.51,dB,N,37,33,15.870149,E,126,58,41.584084,2025-10-22-18:27:36
Number,RSSI,,Lower,,Upper,,ACP,Latitude,,,,Longitude,,,,Time
74,-78.20,dBm,-42.24,dBm,43.20,dB,35.91,dB,N,37,33,15.502612,E,126,58,42.201981,2025-10-22-18:27:38
Number,RSSI,,Lower,,Upper,,ACP,Latitude,,,,Longitude,,,,Time
75,-76.66,dBm,-44.24,dBm,35.49,dB,22.70,dB,N,37,33,15.135077,E,126,58,42.819881,2025-10-22-18:27:40
Number,RSSI,,Lower,,Upper,,ACP,Latitude,,,,Longitude,,,,Time
76,-84.08,dBm,-46.79,dBm,30.91,dB,22.70,dB,N,37,33,14.706285,E,126,58,43.437778,2025-10-22-18:27:43
Number,RSSI,,Lower,,Upper,,ACP,Latitude,,,,Longitude,,,,Time
77,-82.37,dBm,-43.90,dBm,25.78,dB,29.06,dB,N,37,33,14.216236,E,126,58,43.978439,2025-10-22-18:27:51
