VIAVI Solutions,JD785B,PLM21190,3.110.023

<Mode>
Spectrum / OTA Route Map
 
Latitude:,37'32"59.36N
Longitude:,126'58"54.33E
Time:,2025-10-22 18:44:02 
 
<Setup>
Center Frequency:,765.000000,MHz
Span:,20.000000,MHz
Start Frequency:,755.000000,MHz
Stop Frequency:,775.000000,MHz
Channel :,5350 FWD
Channel Standard :,Band Global
Preamp:,Off
Attenuation:,15,dB
External Offset:,On,0.000000,dB
Freq Reference:,GPS
Trigger Source:,Internal
Trigger:,Free Run
Mode:,Sweep
Detector:,RMS
RBW [A]:,100 kHz
VBW [A]:,100 kHz
Sweep Time:,10.73 ms
Average:,1
 
Number,RSSI,,Lower,,Upper,,ACP,Latitude,,,,Longitude,,,,Time
0,-82.03,dBm,-46.62,dBm,30.23,dB,25.06,dB,N,37,33,12.868604,E,126,58,43.283302,2025-10-22-18:41:35
Number,RSSI,,Lower,,Upper,,ACP,Latitude,,,,Longitude,,,,Time
1,-74.79,dBm,-42.73,dBm,22.97,dB,24.41,dB,N,37,33,12.378556,E,126,58,43.128830,2025-10-22-18:41:43
Number,RSSI,,Lower,,Upper,,ACP,Latitude,,,,Longitude,,,,Time
2,-83.24,dBm,-45.76,dBm,24.69,dB,20.64,dB,N,37,33,11.827252,E,126,58,43.206066,2025-10-22-18:41:48
Number,RSSI,,Lower,,Upper,,ACP,Latitude,,,,Longitude,,,,Time
3,-78.79,dBm,-48.30,dBm,28.77,dB,31.65,dB,N,37,33,11.337204,E,126,58,43.515015,2025-10-22-18:41:52
Number,RSSI,,Lower,,Upper,,ACP,Latitude,,,,Longitude,,,,Time
4,-75.99,dBm,-50.02,dBm,20.21,dB,28.85,dB,N,37,33,10.785900,E,126,58,43.901199,2025-10-22-18:41:56
Number,RSSI,,Lower,,Upper,,ACP,Latitude,,,,Longitude,,,,Time
5,-79.16,dBm,-50.65,dBm,21.54,dB,28.71,dB,N,37,33,10.295852,E,126,58,44.287388,2025-10-22-18:41:59
Number,RSSI,,Lower,,Upper,,ACP,Latitude,,,,Longitude,,,,Time
6,-84.14,dBm,-46.40,dBm,30.21,dB,25.68,dB,N,37,33,9.805804,E,126,58,44.828049,2025-10-22-18:42:3
Number,RSSI,,Lower,,Upper,,ACP,Latitude,,,,Longitude,,,,Time
7,-80.35,dBm,-46.11,dBm,30.69,dB,28.47,dB,N,37,33,9.254499,E,126,58,45.291470,2025-10-22-18:42:7
Number,RSSI,,Lower,,Upper,,ACP,Latitude,,,,Longitude,,,,Time
8,-87.54,dBm,-49.37,dBm,32.22,dB,26.77,dB,N,37,33,8.703196,E,126,58,45.754894,2025-10-22-18:42:11
Number,RSSI,,Lower,,Upper,,ACP,Latitude,,,,Longitude,,,,Time
9,-90.06,dBm,-52.00,dBm,25.67,dB,27.26,dB,N,37,33,8.151892,E,126,58,46.295555,2025-10-22-18:42:15
Number,RSSI,,Lower,,Upper,,ACP,Latitude,,,,Longitude,,,,Time
10,-83.64,dBm,-51.40,dBm,26.74,dB,26.94,dB,N,37,33,7.600587,E,126,58,46.836216,2025-10-22-18:42:19
Number,RSSI,,Lower,,Upper,,ACP,Latitude,,,,Longitude,,,,Time
11,-79.57,dBm,-42.87,dBm,33.47,dB,28.49,dB,N,37,33,7.049284,E,126,58,47.299637,2025-10-22-18:42:23
Number,RSSI,,Lower,,Upper,,ACP,Latitude,,,,Longitude,,,,Time
12,-81.26,dBm,-38.44,dBm,32.57,dB,23.78,dB,N,37,33,6.559236,E,126,58,47.608585,2025-10-22-18:42:27
Number,RSSI,,Lower,,Upper,,ACP,Latitude,,,,Longitude,,,,Time
13,-81.00,dBm,-41.05,dBm,29.87,dB,24.57,dB,N,37,33,6.252955,E,126,58,48.303722,2025-10-22-18:42:32
Number,RSSI,,Lower,,Upper,,ACP,Latitude,,,,Longitude,,,,Time
14,-75.04,dBm,-36.43,dBm,33.05,dB,18.74,dB,N,37,33,6.191700,E,126,58,48.998856,2025-10-22-18:42:36
Number,RSSI,,Lower,,Upper,,ACP,Latitude,,,,Longitude,,,,Time
15,-74.27,dBm,-36.16,dBm,29.58,dB,18.93,dB,N,37,33,6.130444,E,126,58,49.616756,2025-10-22-18:42:39
Number,RSSI,,Lower,,Upper,,ACP,Latitude,,,,Longitude,,,,Time
16,-72.52,dBm,-36.92,dBm,43.14,dB,18.64,dB,N,37,33,6.130444,E,126,58,50.311890,2025-10-22-18:42:43
Number,RSSI,,Lower,,Upper,,ACP,Latitude,,,,Longitude,,,,Time
17,-72.13,dBm,-33.72,dBm,42.17,dB,18.70,dB,N,37,33,6.069187,E,126,58,50.929787,2025-10-22-18:42:47
Number,RSSI,,Lower,,Upper,,ACP,Latitude,,,,Longitude,,,,Time
18,-66.15,dBm,-31.11,dBm,33.13,dB,37.20,dB,N,37,33,6.069187,E,126,58,51.547684,2025-10-22-18:42:52
Number,RSSI,,Lower,,Upper,,ACP,Latitude,,,,Longitude,,,,Time
19,-69.99,dBm,-31.73,dBm,28.37,dB,24.95,dB,N,37,33,6.007931,E,126,58,52.242821,2025-10-22-18:43:5
Number,RSSI,,Lower,,Upper,,ACP,Latitude,,,,Longitude,,,,Time
20,-72.89,dBm,-34.88,dBm,37.90,dB,22.93,dB,N,37,33,5.701651,E,126,58,52.860718,2025-10-22-18:43:11
Number,RSSI,,Lower,,Upper,,ACP,Latitude,,,,Longitude,,,,Time
21,-77.08,dBm,-37.27,dBm,35.57,dB,23.17,dB,N,37,33,5.150347,E,126,58,53.246902,2025-10-22-18:43:16
Number,RSSI,,Lower,,Upper,,ACP,Latitude,,,,Longitude,,,,Time
22,-76.61,dBm,-42.07,dBm,36.91,dB,23.28,dB,N,37,33,4.537787,E,126,58,53.401379,2025-10-22-18:43:20
Number,RSSI,,Lower,,Upper,,ACP,Latitude,,,,Longitude,,,,Time
23,-81.95,dBm,-44.60,dBm,35.34,dB,22.12,dB,N,37,33,4.047739,E,126,58,53.324142,2025-10-22-18:43:23
Number,RSSI,,Lower,,Upper,,ACP,Latitude,,,,Longitude,,,,Time
24,-78.90,dBm,-46.36,dBm,35.11,dB,23.55,dB,N,37,33,3.435179,E,126,58,53.169666,2025-10-22-18:43:27
Number,RSSI,,Lower,,Upper,,ACP,Latitude,,,,Longitude,,,,Time
25,-87.93,dBm,-47.04,dBm,31.94,dB,27.59,dB,N,37,33,2.945131,E,126,58,53.015194,2025-10-22-18:43:30
Number,RSSI,,Lower,,Upper,,ACP,Latitude,,,,Longitude,,,,Time
26,-84.56,dBm,-49.15,dBm,34.21,dB,26.31,dB,N,37,33,2.455083,E,126,58,52.860718,2025-10-22-18:43:33
Number,RSSI,,Lower,,Upper,,ACP,Latitude,,,,Longitude,,,,Time
27,-79.24,dBm,-43.62,dBm,27.77,dB,27.44,dB,N,37,33,1.965035,E,126,58,52.860718,2025-10-22-18:43:36
Number,RSSI,,Lower,,Upper,,ACP,Latitude,,,,Longitude,,,,Time
28,-79.52,dBm,-40.67,dBm,38.05,dB,29.93,dB,N,37,33,1.352475,E,126,58,53.246902,2025-10-22-18:43:39
Number,RSSI,,Lower,,Upper,,ACP,Latitude,,,,Longitude,,,,Time
29,-66.13,dBm,-35.17,dBm,32.52,dB,17.38,dB,N,37,33,0.862427,E,126,58,53.478615,2025-10-22-18:43:42
Number,RSSI,,Lower,,Upper,,ACP,Latitude,,,,Longitude,,,,Time
30,-84.23,dBm,-43.50,dBm,28.09,dB,20.93,dB,N,37,33,0.311123,E,126,58,53.710327,2025-10-22-18:43:46
Number,RSSI,,Lower,,Upper,,ACP,Latitude,,,,Longitude,,,,Time
31,-86.23,dBm,-46.63,dBm,35.39,dB,24.54,dB,N,37,32,59.821075,E,126,58,53.787563,2025-10-22-18:43:50
