VIAVI Solutions,JD785B,PLM21190,3.110.023

<Mode>
Spectrum / OTA Route Map
 
Latitude:,37'33"12.89N
Longitude:,126'58"43.24E
Time:,2025-10-22 18:46:35 
 
<Setup>
Center Frequency:,765.000000,MHz
Span:,20.000000,MHz
Start Frequency:,755.000000,MHz
Stop Frequency:,775.000000,MHz
Channel :,5350 FWD
Channel Standard :,Band Global
Preamp:,Off
Attenuation:,15,dB
External Offset:,On,0.000000,dB
Freq Reference:,GPS
Trigger Source:,Internal
Trigger:,Free Run
Mode:,Sweep
Detector:,RMS
RBW [A]:,100 kHz
VBW [A]:,100 kHz
Sweep Time:,10.73 ms
Average:,1
 
Number,RSSI,,Lower,,Upper,,ACP,Latitude,,,,Longitude,,,,Time
0,-71.33,dBm,-32.93,dBm,29.45,dB,20.46,dB,N,37,32,59.392284,E,126,58,54.250988,2025-10-22-18:44:6
Number,RSSI,,Lower,,Upper,,ACP,Latitude,,,,Longitude,,,,Time
1,-82.34,dBm,-41.05,dBm,31.80,dB,26.80,dB,N,37,32,59.882332,E,126,58,53.864803,2025-10-22-18:44:47
Number,RSSI,,Lower,,Upper,,ACP,Latitude,,,,Longitude,,,,Time
2,-77.04,dBm,-33.98,dBm,34.35,dB,22.63,dB,N,37,33,0.372379,E,126,58,53.787563,2025-10-22-18:44:52
Number,RSSI,,Lower,,Upper,,ACP,Latitude,,,,Longitude,,,,Time
3,-79.67,dBm,-36.31,dBm,32.31,dB,29.05,dB,N,37,33,0.862427,E,126,58,53.555851,2025-10-22-18:44:56
Number,RSSI,,Lower,,Upper,,ACP,Latitude,,,,Longitude,,,,Time
4,-82.74,dBm,-37.27,dBm,31.80,dB,20.83,dB,N,37,33,1.413731,E,126,58,53.324142,2025-10-22-18:45:0
Number,RSSI,,Lower,,Upper,,ACP,Latitude,,,,Longitude,,,,Time
5,-94.30,dBm,-46.31,dBm,34.74,dB,28.33,dB,N,37,33,2.026291,E,126,58,53.169666,2025-10-22-18:45:4
Number,RSSI,,Lower,,Upper,,ACP,Latitude,,,,Longitude,,,,Time
6,-88.77,dBm,-48.44,dBm,36.41,dB,23.80,dB,N,37,33,2.516339,E,126,58,53.246902,2025-10-22-18:45:7
Number,RSSI,,Lower,,Upper,,ACP,Latitude,,,,Longitude,,,,Time
7,-80.17,dBm,-42.97,dBm,34.64,dB,23.09,dB,N,37,33,3.006387,E,126,58,53.324142,2025-10-22-18:45:10
Number,RSSI,,Lower,,Upper,,ACP,Latitude,,,,Longitude,,,,Time
8,-76.99,dBm,-44.31,dBm,31.69,dB,25.33,dB,N,37,33,3.557691,E,126,58,53.401379,2025-10-22-18:45:13
Number,RSSI,,Lower,,Upper,,ACP,Latitude,,,,Longitude,,,,Time
9,-82.42,dBm,-47.90,dBm,27.02,dB,26.74,dB,N,37,33,4.170251,E,126,58,53.478615,2025-10-22-18:45:16
Number,RSSI,,Lower,,Upper,,ACP,Latitude,,,,Longitude,,,,Time
10,-78.63,dBm,-36.65,dBm,39.38,dB,22.89,dB,N,37,33,4.782811,E,126,58,53.324142,2025-10-22-18:45:19
Number,RSSI,,Lower,,Upper,,ACP,Latitude,,,,Longitude,,,,Time
11,-80.33,dBm,-41.18,dBm,32.38,dB,20.67,dB,N,37,33,5.272859,E,126,58,53.324142,2025-10-22-18:45:22
Number,RSSI,,Lower,,Upper,,ACP,Latitude,,,,Longitude,,,,Time
12,-83.56,dBm,-34.42,dBm,42.38,dB,33.80,dB,N,37,33,5.824163,E,126,58,52.783482,2025-10-22-18:45:27
Number,RSSI,,Lower,,Upper,,ACP,Latitude,,,,Longitude,,,,Time
13,-72.42,dBm,-30.56,dBm,35.83,dB,24.38,dB,N,37,33,6.069187,E,126,58,52.088345,2025-10-22-18:45:31
Number,RSSI,,Lower,,Upper,,ACP,Latitude,,,,Longitude,,,,Time
14,-80.06,dBm,-34.84,dBm,32.18,dB,29.73,dB,N,37,33,6.130444,E,126,58,51.393211,2025-10-22-18:45:34
Number,RSSI,,Lower,,Upper,,ACP,Latitude,,,,Longitude,,,,Time
15,-73.56,dBm,-36.65,dBm,28.52,dB,24.66,dB,N,37,33,6.130444,E,126,58,50.698074,2025-10-22-18:45:37
Number,RSSI,,Lower,,Upper,,ACP,Latitude,,,,Longitude,,,,Time
16,-74.94,dBm,-35.48,dBm,30.00,dB,17.66,dB,N,37,33,6.191700,E,126,58,49.848465,2025-10-22-18:45:40
Number,RSSI,,Lower,,Upper,,ACP,Latitude,,,,Longitude,,,,Time
17,-69.54,dBm,-35.89,dBm,33.15,dB,19.81,dB,N,37,33,6.252955,E,126,58,49.076096,2025-10-22-18:45:43
Number,RSSI,,Lower,,Upper,,ACP,Latitude,,,,Longitude,,,,Time
18,-65.52,dBm,-34.05,dBm,27.69,dB,21.28,dB,N,37,33,6.436723,E,126,58,48.303722,2025-10-22-18:45:47
Number,RSSI,,Lower,,Upper,,ACP,Latitude,,,,Longitude,,,,Time
19,-78.20,dBm,-45.25,dBm,32.12,dB,24.51,dB,N,37,33,6.926772,E,126,58,47.608585,2025-10-22-18:45:51
Number,RSSI,,Lower,,Upper,,ACP,Latitude,,,,Longitude,,,,Time
20,-89.72,dBm,-48.06,dBm,29.21,dB,30.95,dB,N,37,33,7.478076,E,126,58,47.145164,2025-10-22-18:45:54
Number,RSSI,,Lower,,Upper,,ACP,Latitude,,,,Longitude,,,,Time
21,-83.11,dBm,-48.45,dBm,37.65,dB,22.27,dB,N,37,33,8.090635,E,126,58,46.604504,2025-10-22-18:45:58
Number,RSSI,,Lower,,Upper,,ACP,Latitude,,,,Longitude,,,,Time
22,-80.10,dBm,-50.77,dBm,27.50,dB,31.34,dB,N,37,33,8.641940,E,126,58,46.063843,2025-10-22-18:46:1
Number,RSSI,,Lower,,Upper,,ACP,Latitude,,,,Longitude,,,,Time
23,-83.31,dBm,-44.26,dBm,24.87,dB,29.49,dB,N,37,33,9.254499,E,126,58,45.523182,2025-10-22-18:46:4
Number,RSSI,,Lower,,Upper,,ACP,Latitude,,,,Longitude,,,,Time
24,-87.11,dBm,-49.23,dBm,21.51,dB,26.77,dB,N,37,33,9.744548,E,126,58,45.059757,2025-10-22-18:46:7
Number,RSSI,,Lower,,Upper,,ACP,Latitude,,,,Longitude,,,,Time
25,-79.63,dBm,-45.73,dBm,26.64,dB,36.17,dB,N,37,33,10.234596,E,126,58,44.519100,2025-10-22-18:46:10
Number,RSSI,,Lower,,Upper,,ACP,Latitude,,,,Longitude,,,,Time
26,-80.92,dBm,-47.25,dBm,38.84,dB,30.11,dB,N,37,33,10.847156,E,126,58,43.978439,2025-10-22-18:46:13
Number,RSSI,,Lower,,Upper,,ACP,Latitude,,,,Longitude,,,,Time
27,-79.98,dBm,-43.48,dBm,27.49,dB,30.41,dB,N,37,33,11.398460,E,126,58,43.515015,2025-10-22-18:46:16
Number,RSSI,,Lower,,Upper,,ACP,Latitude,,,,Longitude,,,,Time
28,-81.42,dBm,-43.92,dBm,23.54,dB,49.46,dB,N,37,33,12.011020,E,126,58,43.360538,2025-10-22-18:46:19
Number,RSSI,,Lower,,Upper,,ACP,Latitude,,,,Longitude,,,,Time
29,-77.08,dBm,-44.63,dBm,20.90,dB,24.06,dB,N,37,33,12.501068,E,126,58,43.283302,2025-10-22-18:46:22
