VIAVI Solutions,JD785B,PLM21190,3.110.023

<Mode>
Spectrum / OTA Route Map
 
Latitude:,37'32"33.22N
Longitude:,126'54"59.04E
Time:,2025-10-22 14:18:17 
 
<Setup>
Center Frequency:,765.000000,MHz
Span:,20.000000,MHz
Start Frequency:,755.000000,MHz
Stop Frequency:,775.000000,MHz
Channel :,5350 FWD
Channel Standard :,Band Global
Preamp:,Off
Attenuation:,20,dB
External Offset:,On,0.000000,dB
Freq Reference:,GPS
Trigger Source:,Internal
Trigger:,Free Run
Mode:,Sweep
Detector:,RMS
RBW [A]:,100 kHz
VBW [A]:,100 kHz
Sweep Time:,10.73 ms
Average:,1
 
Number,RSSI,,Lower,,Upper,,ACP,Latitude,,,,Longitude,,,,Time
0,-91.09,dBm,-45.37,dBm,21.77,dB,24.06,dB,N,37,33,29.897774,E,126,52,13.389837,2025-10-22-14:9:1
Number,RSSI,,Lower,,Upper,,ACP,Latitude,,,,Longitude,,,,Time
1,-75.21,dBm,-47.79,dBm,26.85,dB,25.13,dB,N,37,33,29.285213,E,126,52,14.084972,2025-10-22-14:9:2
Number,RSSI,,Lower,,Upper,,ACP,Latitude,,,,Longitude,,,,Time
2,-82.49,dBm,-48.57,dBm,29.82,dB,25.92,dB,N,37,33,28.672653,E,126,52,14.780107,2025-10-22-14:9:4
Number,RSSI,,Lower,,Upper,,ACP,Latitude,,,,Longitude,,,,Time
3,-71.95,dBm,-46.26,dBm,32.24,dB,26.64,dB,N,37,33,28.060095,E,126,52,15.475242,2025-10-22-14:9:6
Number,RSSI,,Lower,,Upper,,ACP,Latitude,,,,Longitude,,,,Time
4,-81.44,dBm,-51.14,dBm,21.99,dB,20.93,dB,N,37,33,27.508789,E,126,52,16.170378,2025-10-22-14:9:8
Number,RSSI,,Lower,,Upper,,ACP,Latitude,,,,Longitude,,,,Time
5,-82.33,dBm,-48.00,dBm,35.74,dB,19.77,dB,N,37,33,26.957485,E,126,52,16.788275,2025-10-22-14:9:10
Number,RSSI,,Lower,,Upper,,ACP,Latitude,,,,Longitude,,,,Time
6,-84.09,dBm,-44.42,dBm,25.10,dB,25.68,dB,N,37,33,26.406181,E,126,52,17.406172,2025-10-22-14:9:12
Number,RSSI,,Lower,,Upper,,ACP,Latitude,,,,Longitude,,,,Time
7,-81.74,dBm,-47.20,dBm,35.29,dB,29.93,dB,N,37,33,25.793621,E,126,52,18.178545,2025-10-22-14:9:14
Number,RSSI,,Lower,,Upper,,ACP,Latitude,,,,Longitude,,,,Time
8,-82.06,dBm,-45.10,dBm,31.87,dB,21.43,dB,N,37,33,25.181061,E,126,52,18.873680,2025-10-22-14:9:16
Number,RSSI,,Lower,,Upper,,ACP,Latitude,,,,Longitude,,,,Time
9,-80.66,dBm,-46.98,dBm,31.72,dB,30.96,dB,N,37,33,24.507246,E,126,52,19.646051,2025-10-22-14:9:18
Number,RSSI,,Lower,,Upper,,ACP,Latitude,,,,Longitude,,,,Time
10,-84.56,dBm,-45.79,dBm,28.44,dB,30.53,dB,N,37,33,23.894686,E,126,52,20.418425,2025-10-22-14:9:20
Number,RSSI,,Lower,,Upper,,ACP,Latitude,,,,Longitude,,,,Time
11,-75.31,dBm,-43.67,dBm,31.99,dB,28.09,dB,N,37,33,23.220869,E,126,52,21.190796,2025-10-22-14:9:22
Number,RSSI,,Lower,,Upper,,ACP,Latitude,,,,Longitude,,,,Time
12,-76.40,dBm,-46.92,dBm,24.82,dB,31.43,dB,N,37,33,22.485798,E,126,52,21.963167,2025-10-22-14:9:24
Number,RSSI,,Lower,,Upper,,ACP,Latitude,,,,Longitude,,,,Time
13,-74.39,dBm,-44.32,dBm,26.72,dB,26.10,dB,N,37,33,21.811981,E,126,52,22.812777,2025-10-22-14:9:26
Number,RSSI,,Lower,,Upper,,ACP,Latitude,,,,Longitude,,,,Time
14,-87.05,dBm,-45.97,dBm,26.05,dB,20.17,dB,N,37,33,21.138165,E,126,52,23.585150,2025-10-22-14:9:28
Number,RSSI,,Lower,,Upper,,ACP,Latitude,,,,Longitude,,,,Time
15,-78.32,dBm,-48.38,dBm,31.42,dB,24.96,dB,N,37,33,20.464350,E,126,52,24.357521,2025-10-22-14:9:30
Number,RSSI,,Lower,,Upper,,ACP,Latitude,,,,Longitude,,,,Time
16,-79.02,dBm,-45.63,dBm,34.51,dB,22.95,dB,N,37,33,19.729277,E,126,52,25.207130,2025-10-22-14:9:32
Number,RSSI,,Lower,,Upper,,ACP,Latitude,,,,Longitude,,,,Time
17,-83.30,dBm,-46.83,dBm,33.13,dB,26.42,dB,N,37,33,19.055460,E,126,52,26.056740,2025-10-22-14:9:34
Number,RSSI,,Lower,,Upper,,ACP,Latitude,,,,Longitude,,,,Time
18,-74.77,dBm,-42.78,dBm,34.80,dB,27.39,dB,N,37,33,18.320389,E,126,52,26.906349,2025-10-22-14:9:36
Number,RSSI,,Lower,,Upper,,ACP,Latitude,,,,Longitude,,,,Time
19,-78.31,dBm,-47.97,dBm,29.24,dB,33.90,dB,N,37,33,17.585318,E,126,52,27.833197,2025-10-22-14:9:38
Number,RSSI,,Lower,,Upper,,ACP,Latitude,,,,Longitude,,,,Time
20,-76.16,dBm,-44.44,dBm,24.36,dB,22.89,dB,N,37,33,16.788988,E,126,52,28.760042,2025-10-22-14:9:40
Number,RSSI,,Lower,,Upper,,ACP,Latitude,,,,Longitude,,,,Time
21,-83.93,dBm,-48.14,dBm,23.83,dB,25.74,dB,N,37,33,15.625125,E,126,52,30.382025,2025-10-22-14:9:43
Number,RSSI,,Lower,,Upper,,ACP,Latitude,,,,Longitude,,,,Time
22,-80.21,dBm,-44.65,dBm,30.70,dB,25.19,dB,N,37,33,14.828796,E,126,52,31.617821,2025-10-22-14:9:45
Number,RSSI,,Lower,,Upper,,ACP,Latitude,,,,Longitude,,,,Time
23,-74.62,dBm,-44.18,dBm,34.32,dB,28.01,dB,N,37,33,14.032468,E,126,52,32.853615,2025-10-22-14:9:47
Number,RSSI,,Lower,,Upper,,ACP,Latitude,,,,Longitude,,,,Time
24,-74.30,dBm,-46.12,dBm,30.71,dB,24.22,dB,N,37,33,13.236140,E,126,52,34.166649,2025-10-22-14:9:49
Number,RSSI,,Lower,,Upper,,ACP,Latitude,,,,Longitude,,,,Time
25,-78.30,dBm,-44.61,dBm,20.86,dB,26.57,dB,N,37,33,12.501068,E,126,52,35.556919,2025-10-22-14:9:51
Number,RSSI,,Lower,,Upper,,ACP,Latitude,,,,Longitude,,,,Time
26,-76.54,dBm,-45.38,dBm,20.56,dB,28.64,dB,N,37,33,11.827252,E,126,52,37.024426,2025-10-22-14:9:53
Number,RSSI,,Lower,,Upper,,ACP,Latitude,,,,Longitude,,,,Time
27,-76.15,dBm,-48.37,dBm,27.41,dB,20.03,dB,N,37,33,11.214692,E,126,52,38.491932,2025-10-22-14:9:55
Number,RSSI,,Lower,,Upper,,ACP,Latitude,,,,Longitude,,,,Time
28,-74.22,dBm,-48.79,dBm,23.18,dB,31.88,dB,N,37,33,10.602132,E,126,52,40.113914,2025-10-22-14:9:57
Number,RSSI,,Lower,,Upper,,ACP,Latitude,,,,Longitude,,,,Time
29,-89.97,dBm,-54.00,dBm,19.28,dB,26.38,dB,N,37,33,9.989572,E,126,52,41.735897,2025-10-22-14:9:59
Number,RSSI,,Lower,,Upper,,ACP,Latitude,,,,Longitude,,,,Time
30,-84.51,dBm,-48.34,dBm,23.59,dB,18.16,dB,N,37,33,9.499524,E,126,52,43.280640,2025-10-22-14:10:1
Number,RSSI,,Lower,,Upper,,ACP,Latitude,,,,Longitude,,,,Time
31,-77.71,dBm,-52.62,dBm,32.15,dB,26.92,dB,N,37,33,9.070732,E,126,52,44.902622,2025-10-22-14:10:3
Number,RSSI,,Lower,,Upper,,ACP,Latitude,,,,Longitude,,,,Time
32,-77.66,dBm,-49.72,dBm,22.65,dB,21.70,dB,N,37,33,8.641940,E,126,52,46.524601,2025-10-22-14:10:5
Number,RSSI,,Lower,,Upper,,ACP,Latitude,,,,Longitude,,,,Time
33,-80.72,dBm,-51.79,dBm,24.89,dB,23.36,dB,N,37,33,8.274404,E,126,52,48.146584,2025-10-22-14:10:7
Number,RSSI,,Lower,,Upper,,ACP,Latitude,,,,Longitude,,,,Time
34,-81.84,dBm,-49.54,dBm,25.96,dB,24.02,dB,N,37,33,8.090635,E,126,52,48.996193,2025-10-22-14:10:8
Number,RSSI,,Lower,,Upper,,ACP,Latitude,,,,Longitude,,,,Time
35,-82.56,dBm,-53.21,dBm,43.98,dB,25.69,dB,N,37,33,7.845612,E,126,52,49.768566,2025-10-22-14:10:9
Number,RSSI,,Lower,,Upper,,ACP,Latitude,,,,Longitude,,,,Time
36,-85.33,dBm,-52.45,dBm,24.24,dB,20.17,dB,N,37,33,7.661844,E,126,52,50.618176,2025-10-22-14:10:10
Number,RSSI,,Lower,,Upper,,ACP,Latitude,,,,Longitude,,,,Time
37,-82.93,dBm,-51.53,dBm,38.38,dB,30.66,dB,N,37,33,7.478076,E,126,52,51.467785,2025-10-22-14:10:11
Number,RSSI,,Lower,,Upper,,ACP,Latitude,,,,Longitude,,,,Time
38,-80.00,dBm,-53.69,dBm,24.00,dB,25.81,dB,N,37,33,7.233051,E,126,52,52.394630,2025-10-22-14:10:12
Number,RSSI,,Lower,,Upper,,ACP,Latitude,,,,Longitude,,,,Time
39,-80.12,dBm,-52.69,dBm,25.88,dB,24.73,dB,N,37,33,6.988028,E,126,52,53.321476,2025-10-22-14:10:13
Number,RSSI,,Lower,,Upper,,ACP,Latitude,,,,Longitude,,,,Time
40,-86.54,dBm,-54.78,dBm,26.13,dB,27.68,dB,N,37,33,6.497980,E,126,52,55.097935,2025-10-22-14:10:15
Number,RSSI,,Lower,,Upper,,ACP,Latitude,,,,Longitude,,,,Time
41,-80.78,dBm,-54.05,dBm,27.47,dB,26.48,dB,N,37,33,5.946675,E,126,52,56.874390,2025-10-22-14:10:17
Number,RSSI,,Lower,,Upper,,ACP,Latitude,,,,Longitude,,,,Time
42,-76.21,dBm,-49.64,dBm,24.33,dB,26.32,dB,N,37,33,5.272859,E,126,52,58.573608,2025-10-22-14:10:19
Number,RSSI,,Lower,,Upper,,ACP,Latitude,,,,Longitude,,,,Time
43,-74.44,dBm,-48.04,dBm,25.51,dB,33.09,dB,N,37,33,4.537787,E,126,53,0.195590,2025-10-22-14:10:21
Number,RSSI,,Lower,,Upper,,ACP,Latitude,,,,Longitude,,,,Time
44,-78.95,dBm,-51.25,dBm,26.24,dB,35.50,dB,N,37,33,3.680203,E,126,53,1.663097,2025-10-22-14:10:23
Number,RSSI,,Lower,,Upper,,ACP,Latitude,,,,Longitude,,,,Time
45,-76.74,dBm,-52.40,dBm,26.83,dB,26.81,dB,N,37,33,2.822619,E,126,53,2.976130,2025-10-22-14:10:25
Number,RSSI,,Lower,,Upper,,ACP,Latitude,,,,Longitude,,,,Time
46,-84.82,dBm,-50.87,dBm,32.27,dB,32.39,dB,N,37,33,1.903779,E,126,53,4.289162,2025-10-22-14:10:27
Number,RSSI,,Lower,,Upper,,ACP,Latitude,,,,Longitude,,,,Time
47,-75.78,dBm,-52.61,dBm,23.05,dB,27.39,dB,N,37,33,1.046195,E,126,53,5.447721,2025-10-22-14:10:29
Number,RSSI,,Lower,,Upper,,ACP,Latitude,,,,Longitude,,,,Time
48,-79.84,dBm,-53.33,dBm,29.02,dB,26.32,dB,N,37,33,0.249867,E,126,53,6.606279,2025-10-22-14:10:31
Number,RSSI,,Lower,,Upper,,ACP,Latitude,,,,Longitude,,,,Time
49,-86.77,dBm,-53.61,dBm,27.86,dB,27.16,dB,N,37,32,59.453537,E,126,53,7.610363,2025-10-22-14:10:33
Number,RSSI,,Lower,,Upper,,ACP,Latitude,,,,Longitude,,,,Time
50,-75.95,dBm,-52.74,dBm,29.04,dB,27.92,dB,N,37,32,58.657211,E,126,53,8.691684,2025-10-22-14:10:35
Number,RSSI,,Lower,,Upper,,ACP,Latitude,,,,Longitude,,,,Time
51,-83.30,dBm,-52.00,dBm,31.76,dB,30.41,dB,N,37,32,57.860882,E,126,53,9.773005,2025-10-22-14:10:37
Number,RSSI,,Lower,,Upper,,ACP,Latitude,,,,Longitude,,,,Time
52,-79.05,dBm,-47.71,dBm,27.96,dB,19.69,dB,N,37,32,57.064556,E,126,53,10.854325,2025-10-22-14:10:39
Number,RSSI,,Lower,,Upper,,ACP,Latitude,,,,Longitude,,,,Time
53,-83.57,dBm,-49.28,dBm,25.89,dB,23.10,dB,N,37,32,56.329483,E,126,53,11.935647,2025-10-22-14:10:41
Number,RSSI,,Lower,,Upper,,ACP,Latitude,,,,Longitude,,,,Time
54,-84.16,dBm,-50.18,dBm,26.92,dB,20.52,dB,N,37,32,55.533154,E,126,53,13.094205,2025-10-22-14:10:43
Number,RSSI,,Lower,,Upper,,ACP,Latitude,,,,Longitude,,,,Time
55,-82.00,dBm,-53.92,dBm,33.98,dB,30.16,dB,N,37,32,54.798080,E,126,53,14.330001,2025-10-22-14:10:45
Number,RSSI,,Lower,,Upper,,ACP,Latitude,,,,Longitude,,,,Time
56,-81.08,dBm,-55.02,dBm,18.37,dB,22.37,dB,N,37,32,53.940498,E,126,53,15.797507,2025-10-22-14:10:47
Number,RSSI,,Lower,,Upper,,ACP,Latitude,,,,Longitude,,,,Time
57,-74.22,dBm,-53.05,dBm,30.08,dB,26.55,dB,N,37,32,53.511707,E,126,53,16.569880,2025-10-22-14:10:48
Number,RSSI,,Lower,,Upper,,ACP,Latitude,,,,Longitude,,,,Time
58,-78.80,dBm,-47.44,dBm,19.90,dB,30.75,dB,N,37,32,52.715378,E,126,53,18.114624,2025-10-22-14:10:50
Number,RSSI,,Lower,,Upper,,ACP,Latitude,,,,Longitude,,,,Time
59,-77.41,dBm,-47.09,dBm,23.80,dB,20.60,dB,N,37,32,51.857792,E,126,53,19.582130,2025-10-22-14:10:52
Number,RSSI,,Lower,,Upper,,ACP,Latitude,,,,Longitude,,,,Time
60,-77.47,dBm,-52.12,dBm,26.99,dB,27.88,dB,N,37,32,51.000210,E,126,53,20.895164,2025-10-22-14:10:54
Number,RSSI,,Lower,,Upper,,ACP,Latitude,,,,Longitude,,,,Time
61,-84.82,dBm,-52.57,dBm,34.24,dB,35.68,dB,N,37,32,50.020115,E,126,53,21.976484,2025-10-22-14:10:56
Number,RSSI,,Lower,,Upper,,ACP,Latitude,,,,Longitude,,,,Time
62,-79.11,dBm,-52.65,dBm,29.98,dB,19.04,dB,N,37,32,48.917507,E,126,53,22.980568,2025-10-22-14:10:58
Number,RSSI,,Lower,,Upper,,ACP,Latitude,,,,Longitude,,,,Time
63,-76.76,dBm,-53.89,dBm,25.86,dB,25.15,dB,N,37,32,48.304947,E,126,53,23.366755,2025-10-22-14:10:59
Number,RSSI,,Lower,,Upper,,ACP,Latitude,,,,Longitude,,,,Time
64,-80.65,dBm,-50.55,dBm,31.25,dB,31.37,dB,N,37,32,47.692387,E,126,53,23.752941,2025-10-22-14:11:0
Number,RSSI,,Lower,,Upper,,ACP,Latitude,,,,Longitude,,,,Time
65,-76.13,dBm,-48.76,dBm,18.58,dB,28.69,dB,N,37,32,47.018570,E,126,53,24.139128,2025-10-22-14:11:1
Number,RSSI,,Lower,,Upper,,ACP,Latitude,,,,Longitude,,,,Time
66,-82.18,dBm,-50.05,dBm,26.79,dB,26.06,dB,N,37,32,46.344753,E,126,53,24.525312,2025-10-22-14:11:2
Number,RSSI,,Lower,,Upper,,ACP,Latitude,,,,Longitude,,,,Time
67,-81.32,dBm,-46.43,dBm,34.64,dB,25.17,dB,N,37,32,45.732193,E,126,53,24.911499,2025-10-22-14:11:3
Number,RSSI,,Lower,,Upper,,ACP,Latitude,,,,Longitude,,,,Time
68,-83.25,dBm,-46.11,dBm,32.41,dB,31.18,dB,N,37,32,45.058376,E,126,53,25.220448,2025-10-22-14:11:4
Number,RSSI,,Lower,,Upper,,ACP,Latitude,,,,Longitude,,,,Time
69,-75.51,dBm,-50.91,dBm,37.27,dB,28.25,dB,N,37,32,44.384560,E,126,53,25.606634,2025-10-22-14:11:5
Number,RSSI,,Lower,,Upper,,ACP,Latitude,,,,Longitude,,,,Time
70,-77.14,dBm,-47.93,dBm,28.29,dB,23.33,dB,N,37,32,43.098186,E,126,53,26.379005,2025-10-22-14:11:7
Number,RSSI,,Lower,,Upper,,ACP,Latitude,,,,Longitude,,,,Time
71,-75.03,dBm,-48.71,dBm,34.18,dB,23.06,dB,N,37,32,41.811810,E,126,53,27.151379,2025-10-22-14:11:9
Number,RSSI,,Lower,,Upper,,ACP,Latitude,,,,Longitude,,,,Time
72,-78.68,dBm,-52.65,dBm,26.83,dB,24.91,dB,N,37,32,40.586689,E,126,53,28.155462,2025-10-22-14:11:11
Number,RSSI,,Lower,,Upper,,ACP,Latitude,,,,Longitude,,,,Time
73,-77.85,dBm,-53.44,dBm,27.34,dB,34.29,dB,N,37,32,39.484081,E,126,53,29.236784,2025-10-22-14:11:13
Number,RSSI,,Lower,,Upper,,ACP,Latitude,,,,Longitude,,,,Time
74,-78.97,dBm,-52.93,dBm,27.94,dB,27.25,dB,N,37,32,38.381474,E,126,53,30.627052,2025-10-22-14:11:15
Number,RSSI,,Lower,,Upper,,ACP,Latitude,,,,Longitude,,,,Time
75,-83.32,dBm,-53.30,dBm,28.11,dB,23.54,dB,N,37,32,37.401375,E,126,53,32.094559,2025-10-22-14:11:17
Number,RSSI,,Lower,,Upper,,ACP,Latitude,,,,Longitude,,,,Time
76,-80.58,dBm,-49.19,dBm,29.25,dB,31.44,dB,N,37,32,36.543793,E,126,53,33.639305,2025-10-22-14:11:19
Number,RSSI,,Lower,,Upper,,ACP,Latitude,,,,Longitude,,,,Time
77,-77.77,dBm,-47.04,dBm,23.19,dB,25.75,dB,N,37,32,35.686207,E,126,53,35.338524,2025-10-22-14:11:21
Number,RSSI,,Lower,,Upper,,ACP,Latitude,,,,Longitude,,,,Time
78,-78.19,dBm,-47.24,dBm,34.02,dB,25.97,dB,N,37,32,34.828625,E,126,53,36.960506,2025-10-22-14:11:23
Number,RSSI,,Lower,,Upper,,ACP,Latitude,,,,Longitude,,,,Time
79,-79.99,dBm,-50.28,dBm,29.89,dB,26.07,dB,N,37,32,33.909782,E,126,53,38.736961,2025-10-22-14:11:25
Number,RSSI,,Lower,,Upper,,ACP,Latitude,,,,Longitude,,,,Time
80,-80.61,dBm,-49.09,dBm,30.10,dB,29.52,dB,N,37,32,33.052200,E,126,53,40.436180,2025-10-22-14:11:27
Number,RSSI,,Lower,,Upper,,ACP,Latitude,,,,Longitude,,,,Time
81,-80.21,dBm,-51.95,dBm,31.34,dB,18.51,dB,N,37,32,32.194614,E,126,53,42.058163,2025-10-22-14:11:29
Number,RSSI,,Lower,,Upper,,ACP,Latitude,,,,Longitude,,,,Time
82,-79.90,dBm,-52.16,dBm,36.36,dB,28.30,dB,N,37,32,31.337030,E,126,53,43.680141,2025-10-22-14:11:31
Number,RSSI,,Lower,,Upper,,ACP,Latitude,,,,Longitude,,,,Time
83,-80.04,dBm,-45.86,dBm,26.30,dB,25.12,dB,N,37,32,30.418192,E,126,53,45.147648,2025-10-22-14:11:33
Number,RSSI,,Lower,,Upper,,ACP,Latitude,,,,Longitude,,,,Time
84,-78.39,dBm,-47.89,dBm,22.85,dB,22.27,dB,N,37,32,29.989399,E,126,53,45.920021,2025-10-22-14:11:34
Number,RSSI,,Lower,,Upper,,ACP,Latitude,,,,Longitude,,,,Time
85,-80.46,dBm,-46.44,dBm,32.41,dB,22.07,dB,N,37,32,29.560608,E,126,53,46.615158,2025-10-22-14:11:35
Number,RSSI,,Lower,,Upper,,ACP,Latitude,,,,Longitude,,,,Time
86,-77.11,dBm,-46.00,dBm,33.73,dB,27.88,dB,N,37,32,29.131815,E,126,53,47.310291,2025-10-22-14:11:36
Number,RSSI,,Lower,,Upper,,ACP,Latitude,,,,Longitude,,,,Time
87,-83.87,dBm,-48.57,dBm,28.40,dB,20.45,dB,N,37,32,28.703024,E,126,53,48.005428,2025-10-22-14:11:37
Number,RSSI,,Lower,,Upper,,ACP,Latitude,,,,Longitude,,,,Time
88,-81.96,dBm,-47.20,dBm,35.07,dB,21.17,dB,N,37,32,28.274231,E,126,53,48.623325,2025-10-22-14:11:38
Number,RSSI,,Lower,,Upper,,ACP,Latitude,,,,Longitude,,,,Time
89,-80.11,dBm,-42.28,dBm,36.70,dB,29.09,dB,N,37,32,27.355391,E,126,53,49.936356,2025-10-22-14:11:40
Number,RSSI,,Lower,,Upper,,ACP,Latitude,,,,Longitude,,,,Time
90,-78.05,dBm,-50.49,dBm,38.26,dB,28.38,dB,N,37,32,26.559063,E,126,53,51.249390,2025-10-22-14:11:42
Number,RSSI,,Lower,,Upper,,ACP,Latitude,,,,Longitude,,,,Time
91,-79.21,dBm,-48.98,dBm,24.89,dB,25.41,dB,N,37,32,25.762735,E,126,53,52.330711,2025-10-22-14:11:44
Number,RSSI,,Lower,,Upper,,ACP,Latitude,,,,Longitude,,,,Time
92,-77.31,dBm,-48.63,dBm,29.40,dB,25.92,dB,N,37,32,25.027662,E,126,53,53.412033,2025-10-22-14:11:46
Number,RSSI,,Lower,,Upper,,ACP,Latitude,,,,Longitude,,,,Time
93,-75.96,dBm,-46.09,dBm,31.29,dB,26.88,dB,N,37,32,24.292591,E,126,53,54.570591,2025-10-22-14:11:48
Number,RSSI,,Lower,,Upper,,ACP,Latitude,,,,Longitude,,,,Time
94,-80.57,dBm,-46.57,dBm,30.06,dB,21.55,dB,N,37,32,23.618774,E,126,53,55.806385,2025-10-22-14:11:50
Number,RSSI,,Lower,,Upper,,ACP,Latitude,,,,Longitude,,,,Time
95,-80.04,dBm,-50.91,dBm,27.11,dB,28.18,dB,N,37,32,22.883703,E,126,53,57.042179,2025-10-22-14:11:52
Number,RSSI,,Lower,,Upper,,ACP,Latitude,,,,Longitude,,,,Time
96,-74.95,dBm,-51.37,dBm,27.02,dB,22.96,dB,N,37,32,22.271143,E,126,53,58.123501,2025-10-22-14:11:54
Number,RSSI,,Lower,,Upper,,ACP,Latitude,,,,Longitude,,,,Time
97,-82.28,dBm,-51.77,dBm,32.82,dB,23.52,dB,N,37,32,21.842350,E,126,53,58.973110,2025-10-22-14:11:56
Number,RSSI,,Lower,,Upper,,ACP,Latitude,,,,Longitude,,,,Time
98,-80.31,dBm,-52.44,dBm,37.07,dB,19.64,dB,N,37,32,21.474813,E,126,53,59.591007,2025-10-22-14:11:58
Number,RSSI,,Lower,,Upper,,ACP,Latitude,,,,Longitude,,,,Time
99,-78.23,dBm,-52.43,dBm,26.40,dB,25.78,dB,N,37,32,21.107279,E,126,54,0.208907,2025-10-22-14:12:2
Number,RSSI,,Lower,,Upper,,ACP,Latitude,,,,Longitude,,,,Time
100,-78.67,dBm,-48.61,dBm,27.88,dB,27.59,dB,N,37,32,20.923510,E,126,54,0.826804,2025-10-22-14:12:16
Number,RSSI,,Lower,,Upper,,ACP,Latitude,,,,Longitude,,,,Time
101,-86.72,dBm,-47.00,dBm,32.62,dB,25.49,dB,N,37,32,20.555975,E,126,54,1.521939,2025-10-22-14:12:20
Number,RSSI,,Lower,,Upper,,ACP,Latitude,,,,Longitude,,,,Time
102,-79.45,dBm,-42.66,dBm,29.38,dB,20.66,dB,N,37,32,20.004669,E,126,54,2.603260,2025-10-22-14:12:24
Number,RSSI,,Lower,,Upper,,ACP,Latitude,,,,Longitude,,,,Time
103,-78.75,dBm,-47.34,dBm,22.01,dB,18.72,dB,N,37,32,19.637135,E,126,54,3.221158,2025-10-22-14:12:26
Number,RSSI,,Lower,,Upper,,ACP,Latitude,,,,Longitude,,,,Time
104,-76.15,dBm,-50.29,dBm,25.33,dB,22.59,dB,N,37,32,19.208342,E,126,54,3.839056,2025-10-22-14:12:28
Number,RSSI,,Lower,,Upper,,ACP,Latitude,,,,Longitude,,,,Time
105,-83.20,dBm,-49.36,dBm,25.86,dB,20.00,dB,N,37,32,18.657038,E,126,54,4.379716,2025-10-22-14:12:30
Number,RSSI,,Lower,,Upper,,ACP,Latitude,,,,Longitude,,,,Time
106,-78.78,dBm,-53.02,dBm,26.69,dB,27.81,dB,N,37,32,18.166990,E,126,54,4.920377,2025-10-22-14:12:32
Number,RSSI,,Lower,,Upper,,ACP,Latitude,,,,Longitude,,,,Time
107,-81.35,dBm,-53.50,dBm,25.40,dB,19.73,dB,N,37,32,17.370661,E,126,54,5.847223,2025-10-22-14:12:36
Number,RSSI,,Lower,,Upper,,ACP,Latitude,,,,Longitude,,,,Time
108,-83.75,dBm,-50.80,dBm,24.84,dB,32.70,dB,N,37,32,16.880613,E,126,54,6.387884,2025-10-22-14:12:39
Number,RSSI,,Lower,,Upper,,ACP,Latitude,,,,Longitude,,,,Time
109,-80.30,dBm,-50.85,dBm,28.80,dB,25.08,dB,N,37,32,16.268053,E,126,54,7.005782,2025-10-22-14:12:42
Number,RSSI,,Lower,,Upper,,ACP,Latitude,,,,Longitude,,,,Time
110,-87.47,dBm,-53.56,dBm,20.60,dB,22.26,dB,N,37,32,15.532982,E,126,54,7.855391,2025-10-22-14:12:46
Number,RSSI,,Lower,,Upper,,ACP,Latitude,,,,Longitude,,,,Time
111,-76.24,dBm,-51.45,dBm,31.55,dB,31.65,dB,N,37,32,14.920422,E,126,54,8.550526,2025-10-22-14:12:50
Number,RSSI,,Lower,,Upper,,ACP,Latitude,,,,Longitude,,,,Time
112,-83.41,dBm,-52.76,dBm,24.93,dB,28.20,dB,N,37,32,14.430373,E,126,54,9.013949,2025-10-22-14:12:54
Number,RSSI,,Lower,,Upper,,ACP,Latitude,,,,Longitude,,,,Time
113,-75.23,dBm,-51.60,dBm,34.17,dB,22.62,dB,N,37,32,13.940326,E,126,54,9.631847,2025-10-22-14:12:58
Number,RSSI,,Lower,,Upper,,ACP,Latitude,,,,Longitude,,,,Time
114,-77.46,dBm,-51.11,dBm,30.62,dB,28.83,dB,N,37,32,13.450277,E,126,54,10.326982,2025-10-22-14:13:2
Number,RSSI,,Lower,,Upper,,ACP,Latitude,,,,Longitude,,,,Time
115,-77.20,dBm,-50.63,dBm,24.81,dB,30.63,dB,N,37,32,13.082741,E,126,54,10.944880,2025-10-22-14:13:13
Number,RSSI,,Lower,,Upper,,ACP,Latitude,,,,Longitude,,,,Time
116,-82.20,dBm,-46.96,dBm,25.59,dB,26.30,dB,N,37,32,12.715205,E,126,54,11.562778,2025-10-22-14:13:17
Number,RSSI,,Lower,,Upper,,ACP,Latitude,,,,Longitude,,,,Time
117,-77.04,dBm,-51.76,dBm,24.75,dB,21.76,dB,N,37,32,12.347669,E,126,54,12.257913,2025-10-22-14:13:19
Number,RSSI,,Lower,,Upper,,ACP,Latitude,,,,Longitude,,,,Time
118,-76.91,dBm,-39.96,dBm,37.03,dB,19.93,dB,N,37,32,11.857621,E,126,54,13.261996,2025-10-22-14:13:21
Number,RSSI,,Lower,,Upper,,ACP,Latitude,,,,Longitude,,,,Time
119,-79.45,dBm,-48.58,dBm,29.02,dB,28.42,dB,N,37,32,11.306317,E,126,54,14.266080,2025-10-22-14:13:23
Number,RSSI,,Lower,,Upper,,ACP,Latitude,,,,Longitude,,,,Time
120,-75.51,dBm,-46.01,dBm,36.32,dB,36.84,dB,N,37,32,10.816269,E,126,54,15.424638,2025-10-22-14:13:25
Number,RSSI,,Lower,,Upper,,ACP,Latitude,,,,Longitude,,,,Time
121,-80.85,dBm,-47.55,dBm,32.14,dB,20.92,dB,N,37,32,10.326221,E,126,54,16.505959,2025-10-22-14:13:27
Number,RSSI,,Lower,,Upper,,ACP,Latitude,,,,Longitude,,,,Time
122,-79.47,dBm,-48.06,dBm,25.44,dB,23.22,dB,N,37,32,9.774917,E,126,54,17.587280,2025-10-22-14:13:29
Number,RSSI,,Lower,,Upper,,ACP,Latitude,,,,Longitude,,,,Time
123,-79.76,dBm,-51.17,dBm,27.74,dB,22.71,dB,N,37,32,9.223613,E,126,54,18.745838,2025-10-22-14:13:31
Number,RSSI,,Lower,,Upper,,ACP,Latitude,,,,Longitude,,,,Time
124,-74.99,dBm,-49.97,dBm,24.58,dB,21.20,dB,N,37,32,8.549797,E,126,54,19.981634,2025-10-22-14:13:33
Number,RSSI,,Lower,,Upper,,ACP,Latitude,,,,Longitude,,,,Time
125,-82.69,dBm,-51.05,dBm,25.53,dB,25.47,dB,N,37,32,7.875980,E,126,54,21.217430,2025-10-22-14:13:35
Number,RSSI,,Lower,,Upper,,ACP,Latitude,,,,Longitude,,,,Time
126,-74.15,dBm,-46.34,dBm,24.31,dB,25.23,dB,N,37,32,7.140909,E,126,54,22.453224,2025-10-22-14:13:37
Number,RSSI,,Lower,,Upper,,ACP,Latitude,,,,Longitude,,,,Time
127,-85.04,dBm,-49.69,dBm,20.24,dB,23.30,dB,N,37,32,6.099556,E,126,54,24.075207,2025-10-22-14:13:40
Number,RSSI,,Lower,,Upper,,ACP,Latitude,,,,Longitude,,,,Time
128,-81.19,dBm,-48.79,dBm,29.36,dB,26.26,dB,N,37,32,5.303228,E,126,54,25.156527,2025-10-22-14:13:42
Number,RSSI,,Lower,,Upper,,ACP,Latitude,,,,Longitude,,,,Time
129,-81.57,dBm,-50.90,dBm,25.83,dB,27.89,dB,N,37,32,4.813180,E,126,54,25.774426,2025-10-22-14:13:43
Number,RSSI,,Lower,,Upper,,ACP,Latitude,,,,Longitude,,,,Time
130,-83.64,dBm,-50.83,dBm,26.55,dB,30.67,dB,N,37,32,4.323132,E,126,54,26.392323,2025-10-22-14:13:44
Number,RSSI,,Lower,,Upper,,ACP,Latitude,,,,Longitude,,,,Time
131,-82.40,dBm,-50.30,dBm,36.30,dB,21.87,dB,N,37,32,3.771828,E,126,54,27.010221,2025-10-22-14:13:45
Number,RSSI,,Lower,,Upper,,ACP,Latitude,,,,Longitude,,,,Time
132,-82.68,dBm,-51.68,dBm,35.33,dB,27.00,dB,N,37,32,3.159268,E,126,54,27.628119,2025-10-22-14:13:46
Number,RSSI,,Lower,,Upper,,ACP,Latitude,,,,Longitude,,,,Time
133,-82.97,dBm,-52.00,dBm,29.05,dB,28.79,dB,N,37,32,2.546708,E,126,54,28.246016,2025-10-22-14:13:47
Number,RSSI,,Lower,,Upper,,ACP,Latitude,,,,Longitude,,,,Time
134,-84.08,dBm,-50.67,dBm,36.96,dB,24.36,dB,N,37,32,1.934148,E,126,54,28.863914,2025-10-22-14:13:48
Number,RSSI,,Lower,,Upper,,ACP,Latitude,,,,Longitude,,,,Time
135,-72.49,dBm,-46.35,dBm,27.28,dB,27.15,dB,N,37,32,1.260332,E,126,54,29.481812,2025-10-22-14:13:49
Number,RSSI,,Lower,,Upper,,ACP,Latitude,,,,Longitude,,,,Time
136,-85.61,dBm,-50.88,dBm,27.87,dB,29.01,dB,N,37,32,0.525260,E,126,54,30.022472,2025-10-22-14:13:50
Number,RSSI,,Lower,,Upper,,ACP,Latitude,,,,Longitude,,,,Time
137,-72.33,dBm,-47.73,dBm,24.86,dB,24.38,dB,N,37,31,59.055115,E,126,54,31.103792,2025-10-22-14:13:52
Number,RSSI,,Lower,,Upper,,ACP,Latitude,,,,Longitude,,,,Time
138,-75.98,dBm,-45.33,dBm,22.59,dB,25.72,dB,N,37,31,57.462460,E,126,54,32.107876,2025-10-22-14:13:54
Number,RSSI,,Lower,,Upper,,ACP,Latitude,,,,Longitude,,,,Time
139,-78.22,dBm,-47.46,dBm,25.49,dB,26.30,dB,N,37,31,55.808548,E,126,54,32.957485,2025-10-22-14:13:56
Number,RSSI,,Lower,,Upper,,ACP,Latitude,,,,Longitude,,,,Time
140,-74.68,dBm,-49.41,dBm,30.80,dB,24.25,dB,N,37,31,54.215893,E,126,54,33.652622,2025-10-22-14:13:58
Number,RSSI,,Lower,,Upper,,ACP,Latitude,,,,Longitude,,,,Time
141,-77.78,dBm,-45.99,dBm,25.30,dB,27.15,dB,N,37,31,52.807003,E,126,54,34.193283,2025-10-22-14:14:0
Number,RSSI,,Lower,,Upper,,ACP,Latitude,,,,Longitude,,,,Time
142,-81.14,dBm,-49.57,dBm,31.36,dB,26.29,dB,N,37,31,51.520626,E,126,54,34.579468,2025-10-22-14:14:2
Number,RSSI,,Lower,,Upper,,ACP,Latitude,,,,Longitude,,,,Time
143,-72.39,dBm,-48.97,dBm,30.98,dB,23.57,dB,N,37,31,50.295506,E,126,54,34.811180,2025-10-22-14:14:4
Number,RSSI,,Lower,,Upper,,ACP,Latitude,,,,Longitude,,,,Time
144,-77.25,dBm,-51.56,dBm,27.57,dB,27.73,dB,N,37,31,49.192898,E,126,54,35.042892,2025-10-22-14:14:6
Number,RSSI,,Lower,,Upper,,ACP,Latitude,,,,Longitude,,,,Time
145,-86.21,dBm,-49.91,dBm,28.07,dB,29.01,dB,N,37,31,48.335316,E,126,54,35.274601,2025-10-22-14:14:8
Number,RSSI,,Lower,,Upper,,ACP,Latitude,,,,Longitude,,,,Time
146,-77.86,dBm,-45.78,dBm,26.65,dB,38.44,dB,N,37,31,47.600243,E,126,54,35.429077,2025-10-22-14:14:10
Number,RSSI,,Lower,,Upper,,ACP,Latitude,,,,Longitude,,,,Time
147,-80.57,dBm,-43.98,dBm,34.61,dB,26.66,dB,N,37,31,47.048939,E,126,54,35.429077,2025-10-22-14:14:12
Number,RSSI,,Lower,,Upper,,ACP,Latitude,,,,Longitude,,,,Time
148,-81.50,dBm,-48.01,dBm,23.22,dB,26.44,dB,N,37,31,46.497635,E,126,54,34.579468,2025-10-22-14:14:16
Number,RSSI,,Lower,,Upper,,ACP,Latitude,,,,Longitude,,,,Time
149,-83.21,dBm,-50.05,dBm,25.15,dB,22.74,dB,N,37,31,47.171452,E,126,54,34.116043,2025-10-22-14:14:20
Number,RSSI,,Lower,,Upper,,ACP,Latitude,,,,Longitude,,,,Time
150,-80.69,dBm,-51.38,dBm,32.96,dB,21.76,dB,N,37,31,47.784012,E,126,54,33.961571,2025-10-22-14:14:22
Number,RSSI,,Lower,,Upper,,ACP,Latitude,,,,Longitude,,,,Time
151,-81.07,dBm,-52.92,dBm,24.01,dB,24.00,dB,N,37,31,48.396572,E,126,54,33.729858,2025-10-22-14:14:24
Number,RSSI,,Lower,,Upper,,ACP,Latitude,,,,Longitude,,,,Time
152,-80.82,dBm,-52.56,dBm,27.17,dB,32.30,dB,N,37,31,49.070385,E,126,54,33.575382,2025-10-22-14:14:26
Number,RSSI,,Lower,,Upper,,ACP,Latitude,,,,Longitude,,,,Time
153,-84.69,dBm,-52.73,dBm,24.20,dB,22.44,dB,N,37,31,49.866714,E,126,54,33.343674,2025-10-22-14:14:28
Number,RSSI,,Lower,,Upper,,ACP,Latitude,,,,Longitude,,,,Time
154,-75.34,dBm,-52.85,dBm,25.97,dB,23.80,dB,N,37,31,50.785553,E,126,54,33.034725,2025-10-22-14:14:30
Number,RSSI,,Lower,,Upper,,ACP,Latitude,,,,Longitude,,,,Time
155,-78.64,dBm,-53.06,dBm,24.59,dB,23.96,dB,N,37,31,51.826908,E,126,54,32.648537,2025-10-22-14:14:32
Number,RSSI,,Lower,,Upper,,ACP,Latitude,,,,Longitude,,,,Time
156,-78.67,dBm,-52.81,dBm,27.88,dB,29.58,dB,N,37,31,52.745747,E,126,54,32.339588,2025-10-22-14:14:34
Number,RSSI,,Lower,,Upper,,ACP,Latitude,,,,Longitude,,,,Time
157,-82.77,dBm,-53.75,dBm,19.46,dB,27.90,dB,N,37,31,53.664585,E,126,54,32.030640,2025-10-22-14:14:36
Number,RSSI,,Lower,,Upper,,ACP,Latitude,,,,Longitude,,,,Time
158,-79.13,dBm,-51.38,dBm,27.92,dB,20.77,dB,N,37,31,54.705940,E,126,54,31.489979,2025-10-22-14:14:38
Number,RSSI,,Lower,,Upper,,ACP,Latitude,,,,Longitude,,,,Time
159,-78.29,dBm,-52.78,dBm,27.68,dB,29.42,dB,N,37,31,55.747292,E,126,54,30.949318,2025-10-22-14:14:40
Number,RSSI,,Lower,,Upper,,ACP,Latitude,,,,Longitude,,,,Time
160,-82.60,dBm,-51.45,dBm,27.40,dB,19.53,dB,N,37,31,56.911156,E,126,54,30.176947,2025-10-22-14:14:42
Number,RSSI,,Lower,,Upper,,ACP,Latitude,,,,Longitude,,,,Time
161,-80.42,dBm,-50.78,dBm,26.82,dB,28.43,dB,N,37,31,58.136276,E,126,54,29.250099,2025-10-22-14:14:44
Number,RSSI,,Lower,,Upper,,ACP,Latitude,,,,Longitude,,,,Time
162,-88.61,dBm,-48.77,dBm,25.54,dB,27.96,dB,N,37,31,59.300140,E,126,54,28.323254,2025-10-22-14:14:46
Number,RSSI,,Lower,,Upper,,ACP,Latitude,,,,Longitude,,,,Time
163,-78.07,dBm,-46.03,dBm,30.51,dB,29.86,dB,N,37,32,0.402748,E,126,54,27.319170,2025-10-22-14:14:48
Number,RSSI,,Lower,,Upper,,ACP,Latitude,,,,Longitude,,,,Time
164,-76.05,dBm,-49.12,dBm,24.37,dB,26.05,dB,N,37,32,1.505356,E,126,54,26.160612,2025-10-22-14:14:50
Number,RSSI,,Lower,,Upper,,ACP,Latitude,,,,Longitude,,,,Time
165,-80.53,dBm,-50.38,dBm,27.91,dB,22.16,dB,N,37,32,2.485452,E,126,54,24.924816,2025-10-22-14:14:52
Number,RSSI,,Lower,,Upper,,ACP,Latitude,,,,Longitude,,,,Time
166,-76.20,dBm,-50.27,dBm,29.75,dB,26.70,dB,N,37,32,3.036756,E,126,54,24.306917,2025-10-22-14:14:53
Number,RSSI,,Lower,,Upper,,ACP,Latitude,,,,Longitude,,,,Time
167,-84.92,dBm,-49.35,dBm,37.67,dB,31.37,dB,N,37,32,3.526804,E,126,54,23.689020,2025-10-22-14:14:54
Number,RSSI,,Lower,,Upper,,ACP,Latitude,,,,Longitude,,,,Time
168,-83.87,dBm,-51.46,dBm,29.45,dB,29.59,dB,N,37,32,4.078108,E,126,54,23.148359,2025-10-22-14:14:55
Number,RSSI,,Lower,,Upper,,ACP,Latitude,,,,Longitude,,,,Time
169,-76.09,dBm,-50.77,dBm,22.93,dB,23.46,dB,N,37,32,4.996948,E,126,54,21.989801,2025-10-22-14:14:57
Number,RSSI,,Lower,,Upper,,ACP,Latitude,,,,Longitude,,,,Time
170,-75.18,dBm,-50.64,dBm,34.92,dB,21.45,dB,N,37,32,5.854532,E,126,54,20.908480,2025-10-22-14:14:59
Number,RSSI,,Lower,,Upper,,ACP,Latitude,,,,Longitude,,,,Time
171,-76.60,dBm,-49.90,dBm,29.56,dB,21.90,dB,N,37,32,6.589604,E,126,54,19.827160,2025-10-22-14:15:1
Number,RSSI,,Lower,,Upper,,ACP,Latitude,,,,Longitude,,,,Time
172,-83.44,dBm,-49.64,dBm,23.54,dB,15.52,dB,N,37,32,7.202165,E,126,54,18.591364,2025-10-22-14:15:3
Number,RSSI,,Lower,,Upper,,ACP,Latitude,,,,Longitude,,,,Time
173,-82.76,dBm,-50.90,dBm,21.66,dB,30.30,dB,N,37,32,7.814724,E,126,54,17.201094,2025-10-22-14:15:5
Number,RSSI,,Lower,,Upper,,ACP,Latitude,,,,Longitude,,,,Time
174,-82.32,dBm,-50.58,dBm,29.98,dB,27.58,dB,N,37,32,8.121005,E,126,54,16.428722,2025-10-22-14:15:6
Number,RSSI,,Lower,,Upper,,ACP,Latitude,,,,Longitude,,,,Time
175,-79.76,dBm,-50.15,dBm,29.65,dB,26.39,dB,N,37,32,8.366029,E,126,54,15.733587,2025-10-22-14:15:7
Number,RSSI,,Lower,,Upper,,ACP,Latitude,,,,Longitude,,,,Time
176,-82.80,dBm,-50.29,dBm,26.76,dB,28.91,dB,N,37,32,8.611053,E,126,54,15.038452,2025-10-22-14:15:8
Number,RSSI,,Lower,,Upper,,ACP,Latitude,,,,Longitude,,,,Time
177,-81.64,dBm,-49.61,dBm,23.78,dB,28.24,dB,N,37,32,8.917333,E,126,54,14.343317,2025-10-22-14:15:9
Number,RSSI,,Lower,,Upper,,ACP,Latitude,,,,Longitude,,,,Time
178,-76.97,dBm,-47.55,dBm,25.40,dB,23.44,dB,N,37,32,9.162356,E,126,54,13.648182,2025-10-22-14:15:10
Number,RSSI,,Lower,,Upper,,ACP,Latitude,,,,Longitude,,,,Time
179,-75.91,dBm,-49.36,dBm,40.09,dB,23.25,dB,N,37,32,9.407381,E,126,54,13.030285,2025-10-22-14:15:11
Number,RSSI,,Lower,,Upper,,ACP,Latitude,,,,Longitude,,,,Time
180,-75.95,dBm,-51.36,dBm,26.63,dB,27.06,dB,N,37,32,9.652405,E,126,54,12.335150,2025-10-22-14:15:12
Number,RSSI,,Lower,,Upper,,ACP,Latitude,,,,Longitude,,,,Time
181,-81.11,dBm,-48.29,dBm,28.68,dB,12.74,dB,N,37,32,9.958685,E,126,54,11.717252,2025-10-22-14:15:13
Number,RSSI,,Lower,,Upper,,ACP,Latitude,,,,Longitude,,,,Time
182,-79.58,dBm,-49.35,dBm,26.35,dB,27.79,dB,N,37,32,10.326221,E,126,54,11.099354,2025-10-22-14:15:14
Number,RSSI,,Lower,,Upper,,ACP,Latitude,,,,Longitude,,,,Time
183,-77.61,dBm,-51.16,dBm,25.05,dB,20.55,dB,N,37,32,11.061293,E,126,54,9.940796,2025-10-22-14:15:16
Number,RSSI,,Lower,,Upper,,ACP,Latitude,,,,Longitude,,,,Time
184,-74.25,dBm,-48.82,dBm,22.04,dB,27.44,dB,N,37,32,11.796365,E,126,54,8.859475,2025-10-22-14:15:18
Number,RSSI,,Lower,,Upper,,ACP,Latitude,,,,Longitude,,,,Time
185,-80.39,dBm,-51.90,dBm,29.04,dB,22.43,dB,N,37,32,12.592693,E,126,54,7.855391,2025-10-22-14:15:20
Number,RSSI,,Lower,,Upper,,ACP,Latitude,,,,Longitude,,,,Time
186,-86.13,dBm,-52.14,dBm,32.94,dB,25.95,dB,N,37,32,13.389021,E,126,54,6.851307,2025-10-22-14:15:22
Number,RSSI,,Lower,,Upper,,ACP,Latitude,,,,Longitude,,,,Time
187,-72.54,dBm,-51.50,dBm,28.57,dB,20.29,dB,N,37,32,14.185349,E,126,54,6.001698,2025-10-22-14:15:24
Number,RSSI,,Lower,,Upper,,ACP,Latitude,,,,Longitude,,,,Time
188,-81.48,dBm,-51.55,dBm,36.01,dB,24.86,dB,N,37,32,14.920422,E,126,54,5.152089,2025-10-22-14:15:26
Number,RSSI,,Lower,,Upper,,ACP,Latitude,,,,Longitude,,,,Time
189,-84.31,dBm,-49.31,dBm,21.53,dB,18.01,dB,N,37,32,15.594237,E,126,54,4.302479,2025-10-22-14:15:28
Number,RSSI,,Lower,,Upper,,ACP,Latitude,,,,Longitude,,,,Time
190,-78.84,dBm,-48.06,dBm,37.08,dB,31.30,dB,N,37,32,16.268053,E,126,54,3.530107,2025-10-22-14:15:30
Number,RSSI,,Lower,,Upper,,ACP,Latitude,,,,Longitude,,,,Time
191,-77.18,dBm,-48.60,dBm,34.52,dB,28.86,dB,N,37,32,17.003126,E,126,54,2.757735,2025-10-22-14:15:32
Number,RSSI,,Lower,,Upper,,ACP,Latitude,,,,Longitude,,,,Time
192,-80.49,dBm,-49.89,dBm,29.20,dB,31.18,dB,N,37,32,17.615686,E,126,54,2.062600,2025-10-22-14:15:34
Number,RSSI,,Lower,,Upper,,ACP,Latitude,,,,Longitude,,,,Time
193,-81.10,dBm,-47.11,dBm,25.89,dB,26.86,dB,N,37,32,18.105734,E,126,54,1.521939,2025-10-22-14:15:36
Number,RSSI,,Lower,,Upper,,ACP,Latitude,,,,Longitude,,,,Time
194,-74.67,dBm,-52.08,dBm,33.31,dB,27.05,dB,N,37,32,18.840805,E,126,54,1.135753,2025-10-22-14:15:40
Number,RSSI,,Lower,,Upper,,ACP,Latitude,,,,Longitude,,,,Time
195,-78.66,dBm,-48.91,dBm,25.40,dB,25.52,dB,N,37,32,19.575878,E,126,54,1.212991,2025-10-22-14:15:44
Number,RSSI,,Lower,,Upper,,ACP,Latitude,,,,Longitude,,,,Time
196,-74.50,dBm,-52.05,dBm,22.59,dB,25.07,dB,N,37,32,20.127182,E,126,54,1.521939,2025-10-22-14:15:48
Number,RSSI,,Lower,,Upper,,ACP,Latitude,,,,Longitude,,,,Time
197,-75.47,dBm,-52.17,dBm,29.58,dB,30.49,dB,N,37,32,20.923510,E,126,54,1.985363,2025-10-22-14:15:53
Number,RSSI,,Lower,,Upper,,ACP,Latitude,,,,Longitude,,,,Time
198,-80.85,dBm,-50.55,dBm,28.78,dB,27.48,dB,N,37,32,21.413559,E,126,54,2.371549,2025-10-22-14:15:55
Number,RSSI,,Lower,,Upper,,ACP,Latitude,,,,Longitude,,,,Time
199,-79.64,dBm,-52.29,dBm,26.19,dB,24.01,dB,N,37,32,22.026117,E,126,54,2.757735,2025-10-22-14:15:57
Number,RSSI,,Lower,,Upper,,ACP,Latitude,,,,Longitude,,,,Time
200,-81.69,dBm,-51.13,dBm,33.89,dB,29.68,dB,N,37,32,22.577423,E,126,54,3.221158,2025-10-22-14:15:59
Number,RSSI,,Lower,,Upper,,ACP,Latitude,,,,Longitude,,,,Time
201,-78.95,dBm,-50.11,dBm,26.29,dB,18.38,dB,N,37,32,23.128727,E,126,54,3.684582,2025-10-22-14:16:1
Number,RSSI,,Lower,,Upper,,ACP,Latitude,,,,Longitude,,,,Time
202,-76.91,dBm,-50.14,dBm,23.60,dB,24.17,dB,N,37,32,23.802542,E,126,54,4.148005,2025-10-22-14:16:3
Number,RSSI,,Lower,,Upper,,ACP,Latitude,,,,Longitude,,,,Time
203,-85.56,dBm,-50.29,dBm,30.41,dB,24.56,dB,N,37,32,24.476358,E,126,54,4.765903,2025-10-22-14:16:5
Number,RSSI,,Lower,,Upper,,ACP,Latitude,,,,Longitude,,,,Time
204,-81.02,dBm,-49.96,dBm,25.19,dB,25.90,dB,N,37,32,25.272686,E,126,54,5.306563,2025-10-22-14:16:7
Number,RSSI,,Lower,,Upper,,ACP,Latitude,,,,Longitude,,,,Time
205,-85.57,dBm,-50.21,dBm,29.33,dB,20.94,dB,N,37,32,26.069016,E,126,54,6.001698,2025-10-22-14:16:9
Number,RSSI,,Lower,,Upper,,ACP,Latitude,,,,Longitude,,,,Time
206,-86.11,dBm,-51.08,dBm,28.69,dB,26.05,dB,N,37,32,26.987854,E,126,54,6.696833,2025-10-22-14:16:11
Number,RSSI,,Lower,,Upper,,ACP,Latitude,,,,Longitude,,,,Time
207,-79.35,dBm,-50.61,dBm,35.79,dB,30.09,dB,N,37,32,27.967951,E,126,54,7.391968,2025-10-22-14:16:13
Number,RSSI,,Lower,,Upper,,ACP,Latitude,,,,Longitude,,,,Time
208,-84.01,dBm,-50.18,dBm,23.70,dB,32.79,dB,N,37,32,28.948048,E,126,54,8.164340,2025-10-22-14:16:15
Number,RSSI,,Lower,,Upper,,ACP,Latitude,,,,Longitude,,,,Time
209,-86.85,dBm,-47.96,dBm,26.83,dB,25.50,dB,N,37,32,29.928143,E,126,54,8.936712,2025-10-22-14:16:17
Number,RSSI,,Lower,,Upper,,ACP,Latitude,,,,Longitude,,,,Time
210,-73.28,dBm,-47.17,dBm,27.15,dB,22.12,dB,N,37,32,30.418192,E,126,54,9.322898,2025-10-22-14:16:18
Number,RSSI,,Lower,,Upper,,ACP,Latitude,,,,Longitude,,,,Time
211,-79.95,dBm,-47.60,dBm,27.55,dB,23.30,dB,N,37,32,30.908239,E,126,54,9.786322,2025-10-22-14:16:19
Number,RSSI,,Lower,,Upper,,ACP,Latitude,,,,Longitude,,,,Time
212,-81.31,dBm,-44.84,dBm,27.04,dB,26.47,dB,N,37,32,31.398287,E,126,54,10.172507,2025-10-22-14:16:20
Number,RSSI,,Lower,,Upper,,ACP,Latitude,,,,Longitude,,,,Time
213,-81.92,dBm,-45.76,dBm,31.64,dB,15.70,dB,N,37,32,31.888336,E,126,54,10.558694,2025-10-22-14:16:21
Number,RSSI,,Lower,,Upper,,ACP,Latitude,,,,Longitude,,,,Time
214,-75.37,dBm,-45.90,dBm,28.46,dB,28.08,dB,N,37,32,32.745918,E,126,54,11.408303,2025-10-22-14:16:23
Number,RSSI,,Lower,,Upper,,ACP,Latitude,,,,Longitude,,,,Time
215,-80.80,dBm,-48.38,dBm,27.05,dB,25.71,dB,N,37,32,33.542248,E,126,54,12.335150,2025-10-22-14:16:25
Number,RSSI,,Lower,,Upper,,ACP,Latitude,,,,Longitude,,,,Time
216,-82.47,dBm,-51.81,dBm,30.85,dB,28.06,dB,N,37,32,34.277321,E,126,54,13.261996,2025-10-22-14:16:27
Number,RSSI,,Lower,,Upper,,ACP,Latitude,,,,Longitude,,,,Time
217,-77.83,dBm,-49.86,dBm,26.47,dB,26.11,dB,N,37,32,35.012390,E,126,54,14.111606,2025-10-22-14:16:29
Number,RSSI,,Lower,,Upper,,ACP,Latitude,,,,Longitude,,,,Time
218,-89.53,dBm,-49.75,dBm,18.43,dB,27.90,dB,N,37,32,35.747463,E,126,54,14.961215,2025-10-22-14:16:31
Number,RSSI,,Lower,,Upper,,ACP,Latitude,,,,Longitude,,,,Time
219,-74.94,dBm,-49.16,dBm,31.98,dB,26.56,dB,N,37,32,36.421280,E,126,54,15.888062,2025-10-22-14:16:33
Number,RSSI,,Lower,,Upper,,ACP,Latitude,,,,Longitude,,,,Time
220,-83.82,dBm,-42.92,dBm,28.66,dB,25.84,dB,N,37,32,37.156353,E,126,54,16.814909,2025-10-22-14:16:35
Number,RSSI,,Lower,,Upper,,ACP,Latitude,,,,Longitude,,,,Time
221,-83.58,dBm,-41.21,dBm,37.27,dB,25.84,dB,N,37,32,37.952679,E,126,54,17.741755,2025-10-22-14:16:37
Number,RSSI,,Lower,,Upper,,ACP,Latitude,,,,Longitude,,,,Time
222,-77.39,dBm,-46.40,dBm,26.79,dB,26.72,dB,N,37,32,38.687752,E,126,54,18.668602,2025-10-22-14:16:39
Number,RSSI,,Lower,,Upper,,ACP,Latitude,,,,Longitude,,,,Time
223,-79.74,dBm,-41.54,dBm,22.52,dB,25.62,dB,N,37,32,39.422825,E,126,54,19.518211,2025-10-22-14:16:41
Number,RSSI,,Lower,,Upper,,ACP,Latitude,,,,Longitude,,,,Time
224,-78.31,dBm,-45.18,dBm,27.41,dB,31.27,dB,N,37,32,40.157898,E,126,54,20.367821,2025-10-22-14:16:43
Number,RSSI,,Lower,,Upper,,ACP,Latitude,,,,Longitude,,,,Time
225,-81.67,dBm,-50.25,dBm,24.25,dB,28.64,dB,N,37,32,40.954224,E,126,54,21.294666,2025-10-22-14:16:45
Number,RSSI,,Lower,,Upper,,ACP,Latitude,,,,Longitude,,,,Time
226,-74.49,dBm,-46.59,dBm,27.34,dB,22.78,dB,N,37,32,41.750553,E,126,54,22.221514,2025-10-22-14:16:47
Number,RSSI,,Lower,,Upper,,ACP,Latitude,,,,Longitude,,,,Time
227,-84.91,dBm,-49.85,dBm,27.14,dB,25.80,dB,N,37,32,42.546879,E,126,54,23.225597,2025-10-22-14:16:49
Number,RSSI,,Lower,,Upper,,ACP,Latitude,,,,Longitude,,,,Time
228,-79.85,dBm,-50.21,dBm,23.96,dB,19.76,dB,N,37,32,43.343208,E,126,54,24.152443,2025-10-22-14:16:51
Number,RSSI,,Lower,,Upper,,ACP,Latitude,,,,Longitude,,,,Time
229,-78.98,dBm,-52.12,dBm,27.15,dB,27.43,dB,N,37,32,44.139538,E,126,54,25.156527,2025-10-22-14:16:53
Number,RSSI,,Lower,,Upper,,ACP,Latitude,,,,Longitude,,,,Time
230,-88.07,dBm,-54.84,dBm,30.70,dB,20.32,dB,N,37,32,44.935863,E,126,54,26.160612,2025-10-22-14:16:55
Number,RSSI,,Lower,,Upper,,ACP,Latitude,,,,Longitude,,,,Time
231,-88.58,dBm,-52.78,dBm,32.17,dB,25.56,dB,N,37,32,46.160984,E,126,54,27.628119,2025-10-22-14:16:58
Number,RSSI,,Lower,,Upper,,ACP,Latitude,,,,Longitude,,,,Time
232,-85.64,dBm,-53.03,dBm,21.79,dB,27.17,dB,N,37,32,46.834801,E,126,54,28.400490,2025-10-22-14:17:0
Number,RSSI,,Lower,,Upper,,ACP,Latitude,,,,Longitude,,,,Time
233,-86.19,dBm,-51.17,dBm,21.62,dB,26.16,dB,N,37,32,47.324848,E,126,54,29.095625,2025-10-22-14:17:2
Number,RSSI,,Lower,,Upper,,ACP,Latitude,,,,Longitude,,,,Time
234,-81.14,dBm,-52.24,dBm,24.96,dB,25.66,dB,N,37,32,47.814896,E,126,54,29.713524,2025-10-22-14:17:6
Number,RSSI,,Lower,,Upper,,ACP,Latitude,,,,Longitude,,,,Time
235,-76.62,dBm,-52.16,dBm,27.86,dB,31.08,dB,N,37,32,36.360023,E,126,54,42.534901,2025-10-22-14:17:55
