VIAVI Solutions,JD785B,PLM21190,3.110.023

<Mode>
Spectrum / OTA Route Map
 
Latitude:,37'32"59.33N
Longitude:,126'58"54.17E
Time:,2025-10-22 18:38:30 
 
<Setup>
Center Frequency:,765.000000,MHz
Span:,20.000000,MHz
Start Frequency:,755.000000,MHz
Stop Frequency:,775.000000,MHz
Channel :,5350 FWD
Channel Standard :,Band Global
Preamp:,Off
Attenuation:,15,dB
External Offset:,On,0.000000,dB
Freq Reference:,GPS
Trigger Source:,Internal
Trigger:,Free Run
Mode:,Sweep
Detector:,RMS
RBW [A]:,100 kHz
VBW [A]:,100 kHz
Sweep Time:,10.73 ms
Average:,1
 
Number,RSSI,,Lower,,Upper,,ACP,Latitude,,,,Longitude,,,,Time
0,-78.41,dBm,-47.94,dBm,22.49,dB,23.05,dB,N,37,33,12.439812,E,126,58,43.978439,2025-10-22-18:32:11
Number,RSSI,,Lower,,Upper,,ACP,Latitude,,,,Longitude,,,,Time
1,-82.44,dBm,-44.61,dBm,31.47,dB,33.12,dB,N,37,33,11.949764,E,126,58,44.132912,2025-10-22-18:32:13
Number,RSSI,,Lower,,Upper,,ACP,Latitude,,,,Longitude,,,,Time
2,-79.88,dBm,-45.69,dBm,23.73,dB,26.73,dB,N,37,33,11.459716,E,126,58,44.519100,2025-10-22-18:32:17
Number,RSSI,,Lower,,Upper,,ACP,Latitude,,,,Longitude,,,,Time
3,-81.44,dBm,-47.06,dBm,28.82,dB,21.71,dB,N,37,33,11.214692,E,126,58,45.136997,2025-10-22-18:32:29
Number,RSSI,,Lower,,Upper,,ACP,Latitude,,,,Longitude,,,,Time
4,-81.87,dBm,-46.64,dBm,34.18,dB,34.47,dB,N,37,33,11.765996,E,126,58,45.523182,2025-10-22-18:32:37
Number,RSSI,,Lower,,Upper,,ACP,Latitude,,,,Longitude,,,,Time
5,-80.00,dBm,-46.11,dBm,21.90,dB,29.96,dB,N,37,33,12.317300,E,126,58,45.600418,2025-10-22-18:32:41
Number,RSSI,,Lower,,Upper,,ACP,Latitude,,,,Longitude,,,,Time
6,-84.65,dBm,-43.38,dBm,26.13,dB,29.31,dB,N,37,33,12.807348,E,126,58,45.754894,2025-10-22-18:32:46
Number,RSSI,,Lower,,Upper,,ACP,Latitude,,,,Longitude,,,,Time
7,-83.52,dBm,-47.74,dBm,21.99,dB,27.62,dB,N,37,33,13.297397,E,126,58,45.909367,2025-10-22-18:33:9
Number,RSSI,,Lower,,Upper,,ACP,Latitude,,,,Longitude,,,,Time
8,-77.82,dBm,-47.22,dBm,29.79,dB,29.07,dB,N,37,33,13.909956,E,126,58,46.218319,2025-10-22-18:33:14
Number,RSSI,,Lower,,Upper,,ACP,Latitude,,,,Longitude,,,,Time
9,-79.26,dBm,-43.63,dBm,24.38,dB,31.49,dB,N,37,33,14.461261,E,126,58,46.527267,2025-10-22-18:33:17
Number,RSSI,,Lower,,Upper,,ACP,Latitude,,,,Longitude,,,,Time
10,-67.05,dBm,-40.65,dBm,25.02,dB,28.86,dB,N,37,33,14.951308,E,126,58,46.913452,2025-10-22-18:33:20
Number,RSSI,,Lower,,Upper,,ACP,Latitude,,,,Longitude,,,,Time
11,-81.13,dBm,-49.00,dBm,18.72,dB,33.63,dB,N,37,33,15.502612,E,126,58,47.376877,2025-10-22-18:33:23
Number,RSSI,,Lower,,Upper,,ACP,Latitude,,,,Longitude,,,,Time
12,-79.62,dBm,-52.01,dBm,22.18,dB,29.05,dB,N,37,33,15.992661,E,126,58,47.531349,2025-10-22-18:33:26
Number,RSSI,,Lower,,Upper,,ACP,Latitude,,,,Longitude,,,,Time
13,-79.76,dBm,-46.53,dBm,23.63,dB,28.79,dB,N,37,33,16.543964,E,126,58,47.763062,2025-10-22-18:33:29
Number,RSSI,,Lower,,Upper,,ACP,Latitude,,,,Longitude,,,,Time
14,-64.86,dBm,-33.98,dBm,23.87,dB,41.40,dB,N,37,33,16.911501,E,126,58,48.458195,2025-10-22-18:33:31
Number,RSSI,,Lower,,Upper,,ACP,Latitude,,,,Longitude,,,,Time
15,-77.82,dBm,-49.01,dBm,19.77,dB,35.09,dB,N,37,33,17.095268,E,126,58,49.230568,2025-10-22-18:33:33
Number,RSSI,,Lower,,Upper,,ACP,Latitude,,,,Longitude,,,,Time
16,-79.81,dBm,-50.70,dBm,35.00,dB,26.65,dB,N,37,33,17.279037,E,126,58,49.848465,2025-10-22-18:33:35
Number,RSSI,,Lower,,Upper,,ACP,Latitude,,,,Longitude,,,,Time
17,-77.35,dBm,-51.53,dBm,31.30,dB,31.42,dB,N,37,33,17.462805,E,126,58,50.698074,2025-10-22-18:33:38
Number,RSSI,,Lower,,Upper,,ACP,Latitude,,,,Longitude,,,,Time
18,-76.59,dBm,-48.85,dBm,21.94,dB,23.97,dB,N,37,33,17.524061,E,126,58,51.393211,2025-10-22-18:33:41
Number,RSSI,,Lower,,Upper,,ACP,Latitude,,,,Longitude,,,,Time
19,-85.85,dBm,-43.43,dBm,21.68,dB,24.60,dB,N,37,33,18.014109,E,126,58,51.779396,2025-10-22-18:33:47
Number,RSSI,,Lower,,Upper,,ACP,Latitude,,,,Longitude,,,,Time
20,-78.03,dBm,-36.44,dBm,26.94,dB,45.19,dB,N,37,33,18.504156,E,126,58,51.161499,2025-10-22-18:33:51
Number,RSSI,,Lower,,Upper,,ACP,Latitude,,,,Longitude,,,,Time
21,-73.71,dBm,-39.40,dBm,26.74,dB,29.15,dB,N,37,33,18.871693,E,126,58,50.543602,2025-10-22-18:33:54
Number,RSSI,,Lower,,Upper,,ACP,Latitude,,,,Longitude,,,,Time
22,-78.59,dBm,-43.40,dBm,25.11,dB,33.17,dB,N,37,33,19.361740,E,126,58,49.693993,2025-10-22-18:33:57
Number,RSSI,,Lower,,Upper,,ACP,Latitude,,,,Longitude,,,,Time
23,-79.06,dBm,-44.73,dBm,38.92,dB,30.53,dB,N,37,33,19.851789,E,126,58,48.844383,2025-10-22-18:34:0
Number,RSSI,,Lower,,Upper,,ACP,Latitude,,,,Longitude,,,,Time
24,-84.01,dBm,-44.33,dBm,27.54,dB,25.49,dB,N,37,33,20.158070,E,126,58,48.226486,2025-10-22-18:34:2
Number,RSSI,,Lower,,Upper,,ACP,Latitude,,,,Longitude,,,,Time
25,-82.11,dBm,-41.03,dBm,28.59,dB,31.46,dB,N,37,33,20.525604,E,126,58,47.531349,2025-10-22-18:34:4
Number,RSSI,,Lower,,Upper,,ACP,Latitude,,,,Longitude,,,,Time
26,-77.88,dBm,-40.50,dBm,22.02,dB,31.63,dB,N,37,33,20.893141,E,126,58,46.913452,2025-10-22-18:34:6
Number,RSSI,,Lower,,Upper,,ACP,Latitude,,,,Longitude,,,,Time
27,-79.25,dBm,-38.99,dBm,24.12,dB,27.81,dB,N,37,33,21.383188,E,126,58,46.063843,2025-10-22-18:34:9
Number,RSSI,,Lower,,Upper,,ACP,Latitude,,,,Longitude,,,,Time
28,-73.39,dBm,-41.24,dBm,19.19,dB,27.39,dB,N,37,33,21.811981,E,126,58,45.368710,2025-10-22-18:34:12
Number,RSSI,,Lower,,Upper,,ACP,Latitude,,,,Longitude,,,,Time
29,-77.80,dBm,-40.15,dBm,33.90,dB,22.72,dB,N,37,33,22.118261,E,126,58,44.673573,2025-10-22-18:34:15
Number,RSSI,,Lower,,Upper,,ACP,Latitude,,,,Longitude,,,,Time
30,-76.10,dBm,-43.91,dBm,22.61,dB,22.56,dB,N,37,33,22.240774,E,126,58,44.055676,2025-10-22-18:34:18
Number,RSSI,,Lower,,Upper,,ACP,Latitude,,,,Longitude,,,,Time
31,-82.00,dBm,-43.51,dBm,21.90,dB,23.78,dB,N,37,33,22.179518,E,126,58,43.437778,2025-10-22-18:34:21
Number,RSSI,,Lower,,Upper,,ACP,Latitude,,,,Longitude,,,,Time
32,-79.00,dBm,-45.22,dBm,25.25,dB,24.86,dB,N,37,33,22.118261,E,126,58,42.742641,2025-10-22-18:34:24
Number,RSSI,,Lower,,Upper,,ACP,Latitude,,,,Longitude,,,,Time
33,-78.96,dBm,-42.23,dBm,35.40,dB,23.13,dB,N,37,33,22.057005,E,126,58,41.970272,2025-10-22-18:34:27
Number,RSSI,,Lower,,Upper,,ACP,Latitude,,,,Longitude,,,,Time
34,-82.04,dBm,-38.45,dBm,28.22,dB,26.13,dB,N,37,33,21.934494,E,126,58,41.120663,2025-10-22-18:34:30
Number,RSSI,,Lower,,Upper,,ACP,Latitude,,,,Longitude,,,,Time
35,-81.83,dBm,-37.89,dBm,34.25,dB,33.88,dB,N,37,33,21.873238,E,126,58,40.348289,2025-10-22-18:34:33
Number,RSSI,,Lower,,Upper,,ACP,Latitude,,,,Longitude,,,,Time
36,-73.73,dBm,-37.18,dBm,25.13,dB,32.39,dB,N,37,33,21.873238,E,126,58,39.730392,2025-10-22-18:34:35
Number,RSSI,,Lower,,Upper,,ACP,Latitude,,,,Longitude,,,,Time
37,-83.86,dBm,-42.04,dBm,29.36,dB,35.79,dB,N,37,33,21.750725,E,126,58,38.880783,2025-10-22-18:34:38
Number,RSSI,,Lower,,Upper,,ACP,Latitude,,,,Longitude,,,,Time
38,-76.19,dBm,-34.89,dBm,31.45,dB,22.33,dB,N,37,33,21.566957,E,126,58,38.031174,2025-10-22-18:34:41
Number,RSSI,,Lower,,Upper,,ACP,Latitude,,,,Longitude,,,,Time
39,-80.91,dBm,-36.26,dBm,25.07,dB,24.09,dB,N,37,33,21.076910,E,126,58,37.258801,2025-10-22-18:34:44
Number,RSSI,,Lower,,Upper,,ACP,Latitude,,,,Longitude,,,,Time
40,-72.14,dBm,-34.87,dBm,19.88,dB,40.57,dB,N,37,33,20.464350,E,126,58,36.718140,2025-10-22-18:34:47
Number,RSSI,,Lower,,Upper,,ACP,Latitude,,,,Longitude,,,,Time
41,-73.24,dBm,-32.38,dBm,22.94,dB,27.95,dB,N,37,33,19.851789,E,126,58,36.331955,2025-10-22-18:34:50
Number,RSSI,,Lower,,Upper,,ACP,Latitude,,,,Longitude,,,,Time
42,-63.93,dBm,-33.75,dBm,24.93,dB,33.20,dB,N,37,33,19.361740,E,126,58,36.254715,2025-10-22-18:34:53
Number,RSSI,,Lower,,Upper,,ACP,Latitude,,,,Longitude,,,,Time
43,-69.42,dBm,-32.08,dBm,36.07,dB,27.33,dB,N,37,33,18.871693,E,126,58,36.486427,2025-10-22-18:35:20
Number,RSSI,,Lower,,Upper,,ACP,Latitude,,,,Longitude,,,,Time
44,-72.97,dBm,-35.10,dBm,42.52,dB,28.56,dB,N,37,33,18.381645,E,126,58,37.104324,2025-10-22-18:35:27
Number,RSSI,,Lower,,Upper,,ACP,Latitude,,,,Longitude,,,,Time
45,-65.87,dBm,-29.05,dBm,21.90,dB,38.74,dB,N,37,33,17.891596,E,126,58,37.953934,2025-10-22-18:35:31
Number,RSSI,,Lower,,Upper,,ACP,Latitude,,,,Longitude,,,,Time
46,-71.90,dBm,-35.69,dBm,25.60,dB,34.85,dB,N,37,33,17.462805,E,126,58,38.649071,2025-10-22-18:35:34
Number,RSSI,,Lower,,Upper,,ACP,Latitude,,,,Longitude,,,,Time
47,-72.17,dBm,-33.31,dBm,25.19,dB,35.24,dB,N,37,33,16.972757,E,126,58,39.344204,2025-10-22-18:35:37
Number,RSSI,,Lower,,Upper,,ACP,Latitude,,,,Longitude,,,,Time
48,-71.68,dBm,-34.57,dBm,24.15,dB,28.51,dB,N,37,33,16.543964,E,126,58,40.116577,2025-10-22-18:35:40
Number,RSSI,,Lower,,Upper,,ACP,Latitude,,,,Longitude,,,,Time
49,-72.41,dBm,-35.54,dBm,26.02,dB,39.79,dB,N,37,33,16.176428,E,126,58,40.811710,2025-10-22-18:35:43
Number,RSSI,,Lower,,Upper,,ACP,Latitude,,,,Longitude,,,,Time
50,-79.91,dBm,-39.69,dBm,28.10,dB,27.10,dB,N,37,33,15.747637,E,126,58,41.506847,2025-10-22-18:35:46
Number,RSSI,,Lower,,Upper,,ACP,Latitude,,,,Longitude,,,,Time
51,-77.70,dBm,-44.04,dBm,27.66,dB,16.65,dB,N,37,33,15.318845,E,126,58,42.201981,2025-10-22-18:35:49
Number,RSSI,,Lower,,Upper,,ACP,Latitude,,,,Longitude,,,,Time
52,-73.64,dBm,-43.39,dBm,15.95,dB,33.43,dB,N,37,33,14.890053,E,126,58,42.819881,2025-10-22-18:35:52
Number,RSSI,,Lower,,Upper,,ACP,Latitude,,,,Longitude,,,,Time
53,-79.84,dBm,-45.68,dBm,27.90,dB,18.80,dB,N,37,33,14.400004,E,126,58,43.360538,2025-10-22-18:35:56
Number,RSSI,,Lower,,Upper,,ACP,Latitude,,,,Longitude,,,,Time
54,-73.64,dBm,-40.35,dBm,26.25,dB,21.22,dB,N,37,33,13.909956,E,126,58,43.437778,2025-10-22-18:35:59
Number,RSSI,,Lower,,Upper,,ACP,Latitude,,,,Longitude,,,,Time
55,-80.29,dBm,-42.38,dBm,26.23,dB,31.26,dB,N,37,33,13.419909,E,126,58,43.283302,2025-10-22-18:36:2
Number,RSSI,,Lower,,Upper,,ACP,Latitude,,,,Longitude,,,,Time
56,-81.90,dBm,-46.17,dBm,27.28,dB,32.19,dB,N,37,33,12.929860,E,126,58,43.206066,2025-10-22-18:36:5
Number,RSSI,,Lower,,Upper,,ACP,Latitude,,,,Longitude,,,,Time
57,-85.28,dBm,-49.03,dBm,25.80,dB,25.17,dB,N,37,33,12.439812,E,126,58,43.128830,2025-10-22-18:36:8
Number,RSSI,,Lower,,Upper,,ACP,Latitude,,,,Longitude,,,,Time
58,-82.11,dBm,-44.68,dBm,25.48,dB,25.49,dB,N,37,33,11.827252,E,126,58,43.283302,2025-10-22-18:36:12
Number,RSSI,,Lower,,Upper,,ACP,Latitude,,,,Longitude,,,,Time
59,-85.43,dBm,-39.83,dBm,21.82,dB,37.23,dB,N,37,33,11.275948,E,126,58,43.592251,2025-10-22-18:36:17
Number,RSSI,,Lower,,Upper,,ACP,Latitude,,,,Longitude,,,,Time
60,-77.11,dBm,-49.17,dBm,29.91,dB,35.36,dB,N,37,33,10.724644,E,126,58,43.978439,2025-10-22-18:36:21
Number,RSSI,,Lower,,Upper,,ACP,Latitude,,,,Longitude,,,,Time
61,-82.76,dBm,-49.19,dBm,28.77,dB,26.84,dB,N,37,33,10.112083,E,126,58,44.519100,2025-10-22-18:36:25
Number,RSSI,,Lower,,Upper,,ACP,Latitude,,,,Longitude,,,,Time
62,-83.84,dBm,-47.28,dBm,34.67,dB,22.20,dB,N,37,33,9.499524,E,126,58,45.136997,2025-10-22-18:36:29
Number,RSSI,,Lower,,Upper,,ACP,Latitude,,,,Longitude,,,,Time
63,-77.20,dBm,-46.06,dBm,24.41,dB,18.94,dB,N,37,33,8.948219,E,126,58,45.600418,2025-10-22-18:36:33
Number,RSSI,,Lower,,Upper,,ACP,Latitude,,,,Longitude,,,,Time
64,-82.31,dBm,-46.50,dBm,22.91,dB,25.01,dB,N,37,33,8.396915,E,126,58,46.141079,2025-10-22-18:36:37
Number,RSSI,,Lower,,Upper,,ACP,Latitude,,,,Longitude,,,,Time
65,-84.69,dBm,-50.58,dBm,24.79,dB,23.25,dB,N,37,33,7.845612,E,126,58,46.681740,2025-10-22-18:36:41
Number,RSSI,,Lower,,Upper,,ACP,Latitude,,,,Longitude,,,,Time
66,-93.07,dBm,-46.62,dBm,31.99,dB,24.83,dB,N,37,33,7.294308,E,126,58,47.067928,2025-10-22-18:36:45
Number,RSSI,,Lower,,Upper,,ACP,Latitude,,,,Longitude,,,,Time
67,-79.78,dBm,-34.05,dBm,29.67,dB,25.17,dB,N,37,33,6.681747,E,126,58,47.531349,2025-10-22-18:36:49
Number,RSSI,,Lower,,Upper,,ACP,Latitude,,,,Longitude,,,,Time
68,-78.00,dBm,-40.27,dBm,35.42,dB,28.61,dB,N,37,33,6.314211,E,126,58,48.226486,2025-10-22-18:36:54
Number,RSSI,,Lower,,Upper,,ACP,Latitude,,,,Longitude,,,,Time
69,-78.00,dBm,-31.83,dBm,43.95,dB,22.41,dB,N,37,33,6.252955,E,126,58,48.844383,2025-10-22-18:36:58
Number,RSSI,,Lower,,Upper,,ACP,Latitude,,,,Longitude,,,,Time
70,-71.14,dBm,-32.84,dBm,29.66,dB,20.99,dB,N,37,33,6.191700,E,126,58,49.462280,2025-10-22-18:37:2
Number,RSSI,,Lower,,Upper,,ACP,Latitude,,,,Longitude,,,,Time
71,-66.02,dBm,-32.67,dBm,43.39,dB,29.34,dB,N,37,33,6.130444,E,126,58,50.080177,2025-10-22-18:37:6
Number,RSSI,,Lower,,Upper,,ACP,Latitude,,,,Longitude,,,,Time
72,-69.26,dBm,-34.76,dBm,31.26,dB,20.80,dB,N,37,33,6.130444,E,126,58,50.775314,2025-10-22-18:37:11
Number,RSSI,,Lower,,Upper,,ACP,Latitude,,,,Longitude,,,,Time
73,-68.78,dBm,-30.29,dBm,36.87,dB,38.19,dB,N,37,33,6.069187,E,126,58,51.470448,2025-10-22-18:37:16
Number,RSSI,,Lower,,Upper,,ACP,Latitude,,,,Longitude,,,,Time
74,-75.70,dBm,-28.99,dBm,30.88,dB,28.36,dB,N,37,33,6.007931,E,126,58,52.088345,2025-10-22-18:37:20
Number,RSSI,,Lower,,Upper,,ACP,Latitude,,,,Longitude,,,,Time
75,-74.43,dBm,-34.05,dBm,36.80,dB,29.15,dB,N,37,33,5.701651,E,126,58,52.706242,2025-10-22-18:37:25
Number,RSSI,,Lower,,Upper,,ACP,Latitude,,,,Longitude,,,,Time
76,-88.39,dBm,-44.00,dBm,26.80,dB,27.48,dB,N,37,33,5.211603,E,126,58,53.169666,2025-10-22-18:37:30
Number,RSSI,,Lower,,Upper,,ACP,Latitude,,,,Longitude,,,,Time
77,-76.47,dBm,-43.97,dBm,38.34,dB,35.88,dB,N,37,33,4.660299,E,126,58,53.324142,2025-10-22-18:37:33
Number,RSSI,,Lower,,Upper,,ACP,Latitude,,,,Longitude,,,,Time
78,-84.58,dBm,-47.54,dBm,33.06,dB,20.71,dB,N,37,33,4.108995,E,126,58,53.246902,2025-10-22-18:37:36
Number,RSSI,,Lower,,Upper,,ACP,Latitude,,,,Longitude,,,,Time
79,-81.40,dBm,-48.24,dBm,37.04,dB,19.83,dB,N,37,33,3.618947,E,126,58,53.169666,2025-10-22-18:37:39
Number,RSSI,,Lower,,Upper,,ACP,Latitude,,,,Longitude,,,,Time
80,-78.79,dBm,-45.26,dBm,27.84,dB,20.52,dB,N,37,33,3.067643,E,126,58,53.015194,2025-10-22-18:37:42
Number,RSSI,,Lower,,Upper,,ACP,Latitude,,,,Longitude,,,,Time
81,-86.93,dBm,-49.02,dBm,30.24,dB,25.78,dB,N,37,33,2.516339,E,126,58,52.860718,2025-10-22-18:37:45
Number,RSSI,,Lower,,Upper,,ACP,Latitude,,,,Longitude,,,,Time
82,-83.94,dBm,-43.15,dBm,31.93,dB,23.31,dB,N,37,33,1.965035,E,126,58,52.860718,2025-10-22-18:37:48
Number,RSSI,,Lower,,Upper,,ACP,Latitude,,,,Longitude,,,,Time
83,-79.07,dBm,-35.91,dBm,32.05,dB,26.30,dB,N,37,33,1.413731,E,126,58,53.169666,2025-10-22-18:37:51
Number,RSSI,,Lower,,Upper,,ACP,Latitude,,,,Longitude,,,,Time
84,-79.59,dBm,-35.92,dBm,32.73,dB,21.78,dB,N,37,33,0.923683,E,126,58,53.401379,2025-10-22-18:37:54
Number,RSSI,,Lower,,Upper,,ACP,Latitude,,,,Longitude,,,,Time
85,-82.23,dBm,-42.09,dBm,30.21,dB,21.64,dB,N,37,33,0.433635,E,126,58,53.555851,2025-10-22-18:37:58
Number,RSSI,,Lower,,Upper,,ACP,Latitude,,,,Longitude,,,,Time
86,-83.70,dBm,-47.62,dBm,30.15,dB,33.07,dB,N,37,32,59.943588,E,126,58,53.633091,2025-10-22-18:38:2
