VIAVI Solutions,JD785B,PLM21190,3.110.023

<Mode>
Spectrum / OTA Route Map
 
Latitude:,37'33"22.24N
Longitude:,126'58"43.34E
Time:,2025-10-22 17:08:27 
 
<Setup>
Center Frequency:,765.000000,MHz
Span:,20.000000,MHz
Start Frequency:,755.000000,MHz
Stop Frequency:,775.000000,MHz
Channel :,5350 FWD
Channel Standard :,Band Global
Preamp:,Off
Attenuation:,15,dB
External Offset:,On,0.000000,dB
Freq Reference:,GPS
Trigger Source:,Internal
Trigger:,Free Run
Mode:,Sweep
Detector:,RMS
RBW [A]:,100 kHz
VBW [A]:,100 kHz
Sweep Time:,10.73 ms
Average:,1
 
Number,RSSI,,Lower,,Upper,,ACP,Latitude,,,,Longitude,,,,Time
0,-79.52,dBm,-41.34,dBm,29.65,dB,24.79,dB,N,37,33,22.118261,E,126,58,44.519100,2025-10-22-17:2:55
Number,RSSI,,Lower,,Upper,,ACP,Latitude,,,,Longitude,,,,Time
1,-78.26,dBm,-41.12,dBm,32.04,dB,20.89,dB,N,37,33,22.179518,E,126,58,43.901199,2025-10-22-17:3:13
Number,RSSI,,Lower,,Upper,,ACP,Latitude,,,,Longitude,,,,Time
2,-78.80,dBm,-42.12,dBm,27.89,dB,22.63,dB,N,37,33,22.179518,E,126,58,43.206066,2025-10-22-17:3:17
Number,RSSI,,Lower,,Upper,,ACP,Latitude,,,,Longitude,,,,Time
3,-76.11,dBm,-39.79,dBm,27.98,dB,19.63,dB,N,37,33,22.179518,E,126,58,42.588169,2025-10-22-17:3:37
Number,RSSI,,Lower,,Upper,,ACP,Latitude,,,,Longitude,,,,Time
4,-78.91,dBm,-39.77,dBm,41.51,dB,26.50,dB,N,37,33,22.179518,E,126,58,41.893032,2025-10-22-17:4:14
Number,RSSI,,Lower,,Upper,,ACP,Latitude,,,,Longitude,,,,Time
5,-81.54,dBm,-41.50,dBm,27.39,dB,26.88,dB,N,37,33,22.118261,E,126,58,41.197899,2025-10-22-17:4:18
Number,RSSI,,Lower,,Upper,,ACP,Latitude,,,,Longitude,,,,Time
6,-74.59,dBm,-40.20,dBm,26.12,dB,38.03,dB,N,37,33,22.057005,E,126,58,40.502762,2025-10-22-17:4:22
Number,RSSI,,Lower,,Upper,,ACP,Latitude,,,,Longitude,,,,Time
7,-75.60,dBm,-39.23,dBm,27.63,dB,24.86,dB,N,37,33,21.995749,E,126,58,39.884865,2025-10-22-17:4:26
Number,RSSI,,Lower,,Upper,,ACP,Latitude,,,,Longitude,,,,Time
8,-80.51,dBm,-38.16,dBm,36.86,dB,27.58,dB,N,37,33,21.934494,E,126,58,39.266968,2025-10-22-17:4:31
Number,RSSI,,Lower,,Upper,,ACP,Latitude,,,,Longitude,,,,Time
9,-71.42,dBm,-36.65,dBm,17.85,dB,28.48,dB,N,37,33,21.873238,E,126,58,38.571835,2025-10-22-17:4:36
Number,RSSI,,Lower,,Upper,,ACP,Latitude,,,,Longitude,,,,Time
10,-74.87,dBm,-35.85,dBm,43.52,dB,22.23,dB,N,37,33,21.689468,E,126,58,37.953934,2025-10-22-17:4:40
Number,RSSI,,Lower,,Upper,,ACP,Latitude,,,,Longitude,,,,Time
11,-70.75,dBm,-37.80,dBm,37.21,dB,17.23,dB,N,37,33,21.505701,E,126,58,37.336037,2025-10-22-17:4:47
Number,RSSI,,Lower,,Upper,,ACP,Latitude,,,,Longitude,,,,Time
12,-79.49,dBm,-35.13,dBm,24.46,dB,21.90,dB,N,37,33,20.893141,E,126,58,36.718140,2025-10-22-17:4:54
Number,RSSI,,Lower,,Upper,,ACP,Latitude,,,,Longitude,,,,Time
13,-68.85,dBm,-33.76,dBm,37.36,dB,38.84,dB,N,37,33,20.403093,E,126,58,36.331955,2025-10-22-17:4:56
Number,RSSI,,Lower,,Upper,,ACP,Latitude,,,,Longitude,,,,Time
14,-57.83,dBm,-27.18,dBm,23.15,dB,25.06,dB,N,37,33,19.851789,E,126,58,36.100243,2025-10-22-17:4:58
Number,RSSI,,Lower,,Upper,,ACP,Latitude,,,,Longitude,,,,Time
15,-73.15,dBm,-34.63,dBm,31.55,dB,29.49,dB,N,37,33,19.361740,E,126,58,36.177479,2025-10-22-17:5:0
Number,RSSI,,Lower,,Upper,,ACP,Latitude,,,,Longitude,,,,Time
16,-71.59,dBm,-37.11,dBm,21.90,dB,31.02,dB,N,37,33,18.810436,E,126,58,36.563663,2025-10-22-17:5:3
Number,RSSI,,Lower,,Upper,,ACP,Latitude,,,,Longitude,,,,Time
17,-65.21,dBm,-30.79,dBm,21.40,dB,37.91,dB,N,37,33,18.381645,E,126,58,37.181564,2025-10-22-17:5:21
Number,RSSI,,Lower,,Upper,,ACP,Latitude,,,,Longitude,,,,Time
18,-67.85,dBm,-31.09,dBm,19.82,dB,29.69,dB,N,37,33,18.014109,E,126,58,37.799461,2025-10-22-17:5:27
Number,RSSI,,Lower,,Upper,,ACP,Latitude,,,,Longitude,,,,Time
19,-70.95,dBm,-33.84,dBm,31.09,dB,34.26,dB,N,37,33,17.707829,E,126,58,38.417358,2025-10-22-17:5:30
Number,RSSI,,Lower,,Upper,,ACP,Latitude,,,,Longitude,,,,Time
20,-74.60,dBm,-32.22,dBm,22.59,dB,38.89,dB,N,37,33,17.279037,E,126,58,39.189732,2025-10-22-17:5:33
Number,RSSI,,Lower,,Upper,,ACP,Latitude,,,,Longitude,,,,Time
21,-67.03,dBm,-35.24,dBm,28.99,dB,35.93,dB,N,37,33,16.911501,E,126,58,39.884865,2025-10-22-17:5:35
Number,RSSI,,Lower,,Upper,,ACP,Latitude,,,,Longitude,,,,Time
22,-74.00,dBm,-39.92,dBm,23.57,dB,28.47,dB,N,37,33,16.605221,E,126,58,40.580002,2025-10-22-17:5:37
Number,RSSI,,Lower,,Upper,,ACP,Latitude,,,,Longitude,,,,Time
23,-73.80,dBm,-41.65,dBm,43.14,dB,23.81,dB,N,37,33,16.176428,E,126,58,41.275135,2025-10-22-17:5:39
Number,RSSI,,Lower,,Upper,,ACP,Latitude,,,,Longitude,,,,Time
24,-71.44,dBm,-39.88,dBm,32.73,dB,34.60,dB,N,37,33,15.808892,E,126,58,42.047508,2025-10-22-17:5:41
Number,RSSI,,Lower,,Upper,,ACP,Latitude,,,,Longitude,,,,Time
25,-73.95,dBm,-43.94,dBm,24.33,dB,29.88,dB,N,37,33,15.380100,E,126,58,42.742641,2025-10-22-17:5:43
Number,RSSI,,Lower,,Upper,,ACP,Latitude,,,,Longitude,,,,Time
26,-86.72,dBm,-45.17,dBm,32.33,dB,34.44,dB,N,37,33,14.767540,E,126,58,43.515015,2025-10-22-17:5:46
Number,RSSI,,Lower,,Upper,,ACP,Latitude,,,,Longitude,,,,Time
27,-75.40,dBm,-38.27,dBm,30.17,dB,33.46,dB,N,37,33,14.093724,E,126,58,43.978439,2025-10-22-17:5:49
Number,RSSI,,Lower,,Upper,,ACP,Latitude,,,,Longitude,,,,Time
28,-89.19,dBm,-46.98,dBm,32.10,dB,19.81,dB,N,37,33,13.542420,E,126,58,44.055676,2025-10-22-17:5:51
Number,RSSI,,Lower,,Upper,,ACP,Latitude,,,,Longitude,,,,Time
29,-77.99,dBm,-47.47,dBm,23.88,dB,27.37,dB,N,37,33,12.929860,E,126,58,44.055676,2025-10-22-17:5:53
Number,RSSI,,Lower,,Upper,,ACP,Latitude,,,,Longitude,,,,Time
30,-79.51,dBm,-49.26,dBm,21.57,dB,22.82,dB,N,37,33,12.378556,E,126,58,44.132912,2025-10-22-17:5:55
Number,RSSI,,Lower,,Upper,,ACP,Latitude,,,,Longitude,,,,Time
31,-75.31,dBm,-39.68,dBm,20.27,dB,30.23,dB,N,37,33,11.888508,E,126,58,44.364624,2025-10-22-17:5:57
Number,RSSI,,Lower,,Upper,,ACP,Latitude,,,,Longitude,,,,Time
32,-84.22,dBm,-45.53,dBm,30.79,dB,28.80,dB,N,37,33,11.520972,E,126,58,44.982521,2025-10-22-17:6:0
Number,RSSI,,Lower,,Upper,,ACP,Latitude,,,,Longitude,,,,Time
33,-78.41,dBm,-47.23,dBm,27.11,dB,20.61,dB,N,37,33,12.133533,E,126,58,45.523182,2025-10-22-17:6:7
Number,RSSI,,Lower,,Upper,,ACP,Latitude,,,,Longitude,,,,Time
34,-82.00,dBm,-46.37,dBm,27.20,dB,33.23,dB,N,37,33,12.807348,E,126,58,45.600418,2025-10-22-17:6:10
Number,RSSI,,Lower,,Upper,,ACP,Latitude,,,,Longitude,,,,Time
35,-85.43,dBm,-46.68,dBm,21.67,dB,31.71,dB,N,37,33,13.358652,E,126,58,45.754894,2025-10-22-17:6:12
Number,RSSI,,Lower,,Upper,,ACP,Latitude,,,,Longitude,,,,Time
36,-84.54,dBm,-45.27,dBm,25.23,dB,31.39,dB,N,37,33,13.971212,E,126,58,46.063843,2025-10-22-17:6:14
Number,RSSI,,Lower,,Upper,,ACP,Latitude,,,,Longitude,,,,Time
37,-80.55,dBm,-43.38,dBm,29.72,dB,32.11,dB,N,37,33,14.522516,E,126,58,46.450027,2025-10-22-17:6:16
Number,RSSI,,Lower,,Upper,,ACP,Latitude,,,,Longitude,,,,Time
38,-76.98,dBm,-43.10,dBm,27.61,dB,35.44,dB,N,37,33,15.012565,E,126,58,46.836216,2025-10-22-17:6:18
Number,RSSI,,Lower,,Upper,,ACP,Latitude,,,,Longitude,,,,Time
39,-76.67,dBm,-40.95,dBm,22.10,dB,29.74,dB,N,37,33,15.502612,E,126,58,47.222401,2025-10-22-17:6:20
Number,RSSI,,Lower,,Upper,,ACP,Latitude,,,,Longitude,,,,Time
40,-80.81,dBm,-54.93,dBm,19.68,dB,26.15,dB,N,37,33,16.053917,E,126,58,47.840298,2025-10-22-17:6:23
Number,RSSI,,Lower,,Upper,,ACP,Latitude,,,,Longitude,,,,Time
41,-78.05,dBm,-42.26,dBm,19.89,dB,26.41,dB,N,37,33,16.666477,E,126,58,48.535435,2025-10-22-17:6:26
Number,RSSI,,Lower,,Upper,,ACP,Latitude,,,,Longitude,,,,Time
42,-83.76,dBm,-49.08,dBm,23.22,dB,25.01,dB,N,37,33,16.911501,E,126,58,49.462280,2025-10-22-17:6:29
Number,RSSI,,Lower,,Upper,,ACP,Latitude,,,,Longitude,,,,Time
43,-89.52,dBm,-49.18,dBm,28.37,dB,27.16,dB,N,37,33,17.156525,E,126,58,50.234653,2025-10-22-17:6:31
Number,RSSI,,Lower,,Upper,,ACP,Latitude,,,,Longitude,,,,Time
44,-80.55,dBm,-50.32,dBm,23.81,dB,23.22,dB,N,37,33,17.279037,E,126,58,50.929787,2025-10-22-17:6:33
Number,RSSI,,Lower,,Upper,,ACP,Latitude,,,,Longitude,,,,Time
45,-83.25,dBm,-47.84,dBm,32.83,dB,22.62,dB,N,37,33,17.401548,E,126,58,51.624924,2025-10-22-17:6:36
Number,RSSI,,Lower,,Upper,,ACP,Latitude,,,,Longitude,,,,Time
46,-75.47,dBm,-43.46,dBm,21.75,dB,19.05,dB,N,37,33,17.952852,E,126,58,51.779396,2025-10-22-17:6:40
Number,RSSI,,Lower,,Upper,,ACP,Latitude,,,,Longitude,,,,Time
47,-67.98,dBm,-34.75,dBm,29.32,dB,28.45,dB,N,37,33,18.442902,E,126,58,51.161499,2025-10-22-17:6:44
Number,RSSI,,Lower,,Upper,,ACP,Latitude,,,,Longitude,,,,Time
48,-72.33,dBm,-35.91,dBm,32.76,dB,23.57,dB,N,37,33,18.810436,E,126,58,50.543602,2025-10-22-17:7:13
Number,RSSI,,Lower,,Upper,,ACP,Latitude,,,,Longitude,,,,Time
49,-78.03,dBm,-40.81,dBm,35.64,dB,34.81,dB,N,37,33,19.239229,E,126,58,49.771229,2025-10-22-17:7:16
Number,RSSI,,Lower,,Upper,,ACP,Latitude,,,,Longitude,,,,Time
50,-66.24,dBm,-38.78,dBm,26.57,dB,31.38,dB,N,37,33,19.729277,E,126,58,48.844383,2025-10-22-17:7:19
Number,RSSI,,Lower,,Upper,,ACP,Latitude,,,,Longitude,,,,Time
51,-80.01,dBm,-43.96,dBm,25.97,dB,21.33,dB,N,37,33,20.035557,E,126,58,48.226486,2025-10-22-17:7:21
Number,RSSI,,Lower,,Upper,,ACP,Latitude,,,,Longitude,,,,Time
52,-79.91,dBm,-42.12,dBm,18.66,dB,26.25,dB,N,37,33,20.341837,E,126,58,47.608585,2025-10-22-17:7:23
Number,RSSI,,Lower,,Upper,,ACP,Latitude,,,,Longitude,,,,Time
53,-76.86,dBm,-39.56,dBm,29.02,dB,31.58,dB,N,37,33,20.831884,E,126,58,46.836216,2025-10-22-17:7:26
Number,RSSI,,Lower,,Upper,,ACP,Latitude,,,,Longitude,,,,Time
54,-79.29,dBm,-36.48,dBm,37.96,dB,27.23,dB,N,37,33,21.260677,E,126,58,46.141079,2025-10-22-17:7:30
Number,RSSI,,Lower,,Upper,,ACP,Latitude,,,,Longitude,,,,Time
55,-90.09,dBm,-40.47,dBm,44.87,dB,20.17,dB,N,37,33,21.628214,E,126,58,45.523182,2025-10-22-17:7:41
Number,RSSI,,Lower,,Upper,,ACP,Latitude,,,,Longitude,,,,Time
56,-76.87,dBm,-40.88,dBm,24.01,dB,27.12,dB,N,37,33,22.057005,E,126,58,44.905285,2025-10-22-17:8:18
