VIAVI Solutions,JD785B,PLM21190,3.110.023

<Mode>
Spectrum / OTA Route Map
 
Latitude:,37'32"49.96N
Longitude:,126'58"54.45E
Time:,2025-10-14 17:40:52 
 
<Setup>
Center Frequency:,765.000000,MHz
Span:,20.000000,MHz
Start Frequency:,755.000000,MHz
Stop Frequency:,775.000000,MHz
Channel :,5350 FWD
Channel Standard :,Band Global
Preamp:,Off
Attenuation:,10,dB
External Offset:,On,0.000000,dB
Freq Reference:,GPS
Trigger Source:,Internal
Trigger:,Free Run
Mode:,Sweep
Detector:,RMS
RBW [A]:,100 kHz
VBW [A]:,100 kHz
Sweep Time:,10.73 ms
Average:,1
 
Number,RSSI,,Lower,,Upper,,ACP,Latitude,,,,Longitude,,,,Time
0,-88.31,dBm,-47.89,dBm,-66.95,dB,4.52,dB,N,37,32,50.693928,E,126,58,53.787563,2025-10-14-17:33:25
Number,RSSI,,Lower,,Upper,,ACP,Latitude,,,,Longitude,,,,Time
1,-86.77,dBm,-41.47,dBm,-60.53,dB,12.47,dB,N,37,32,50.265137,E,126,58,54.405460,2025-10-14-17:34:4
Number,RSSI,,Lower,,Upper,,ACP,Latitude,,,,Longitude,,,,Time
2,-76.55,dBm,-31.33,dBm,-50.40,dB,31.26,dB,N,37,32,49.958858,E,126,58,55.023361,2025-10-14-17:34:11
Number,RSSI,,Lower,,Upper,,ACP,Latitude,,,,Longitude,,,,Time
3,-78.40,dBm,-42.72,dBm,-61.78,dB,18.27,dB,N,37,32,49.591320,E,126,58,55.718494,2025-10-14-17:34:17
Number,RSSI,,Lower,,Upper,,ACP,Latitude,,,,Longitude,,,,Time
4,-80.96,dBm,-38.25,dBm,-57.31,dB,18.53,dB,N,37,32,49.407555,E,126,58,56.413631,2025-10-14-17:34:23
Number,RSSI,,Lower,,Upper,,ACP,Latitude,,,,Longitude,,,,Time
5,-72.37,dBm,-36.34,dBm,-55.40,dB,13.94,dB,N,37,32,49.407555,E,126,58,57.031528,2025-10-14-17:34:29
Number,RSSI,,Lower,,Upper,,ACP,Latitude,,,,Longitude,,,,Time
6,-80.27,dBm,-35.01,dBm,-54.07,dB,20.61,dB,N,37,32,49.591320,E,126,58,57.649426,2025-10-14-17:34:34
Number,RSSI,,Lower,,Upper,,ACP,Latitude,,,,Longitude,,,,Time
7,-77.84,dBm,-35.28,dBm,-54.34,dB,14.70,dB,N,37,32,49.713833,E,126,58,58.267323,2025-10-14-17:34:39
Number,RSSI,,Lower,,Upper,,ACP,Latitude,,,,Longitude,,,,Time
8,-70.16,dBm,-35.54,dBm,-54.60,dB,25.47,dB,N,37,32,49.591320,E,126,58,58.885220,2025-10-14-17:34:46
Number,RSSI,,Lower,,Upper,,ACP,Latitude,,,,Longitude,,,,Time
9,-73.88,dBm,-33.33,dBm,-52.39,dB,19.93,dB,N,37,32,49.285042,E,126,58,59.503117,2025-10-14-17:34:53
Number,RSSI,,Lower,,Upper,,ACP,Latitude,,,,Longitude,,,,Time
10,-83.05,dBm,-43.82,dBm,-62.88,dB,13.25,dB,N,37,32,49.040016,E,126,59,0.198253,2025-10-14-17:35:1
Number,RSSI,,Lower,,Upper,,ACP,Latitude,,,,Longitude,,,,Time
11,-83.59,dBm,-46.40,dBm,-65.46,dB,12.93,dB,N,37,32,48.733738,E,126,59,0.816151,2025-10-14-17:35:17
Number,RSSI,,Lower,,Upper,,ACP,Latitude,,,,Longitude,,,,Time
12,-74.05,dBm,-38.68,dBm,-57.74,dB,22.23,dB,N,37,32,48.243690,E,126,59,1.356812,2025-10-14-17:35:32
Number,RSSI,,Lower,,Upper,,ACP,Latitude,,,,Longitude,,,,Time
13,-97.13,dBm,-44.81,dBm,-63.87,dB,15.67,dB,N,37,32,47.753643,E,126,59,1.665760,2025-10-14-17:35:41
Number,RSSI,,Lower,,Upper,,ACP,Latitude,,,,Longitude,,,,Time
14,-87.17,dBm,-53.84,dBm,-72.90,dB,5.32,dB,N,37,32,47.263592,E,126,59,1.820235,2025-10-14-17:35:48
Number,RSSI,,Lower,,Upper,,ACP,Latitude,,,,Longitude,,,,Time
15,-80.37,dBm,-47.24,dBm,-66.30,dB,10.35,dB,N,37,32,46.773544,E,126,59,2.438133,2025-10-14-17:36:0
Number,RSSI,,Lower,,Upper,,ACP,Latitude,,,,Longitude,,,,Time
16,-90.73,dBm,-50.41,dBm,-69.47,dB,8.51,dB,N,37,32,46.222240,E,126,59,2.978793,2025-10-14-17:36:6
Number,RSSI,,Lower,,Upper,,ACP,Latitude,,,,Longitude,,,,Time
17,-86.93,dBm,-48.89,dBm,-67.95,dB,6.05,dB,N,37,32,45.732193,E,126,59,3.364979,2025-10-14-17:36:11
Number,RSSI,,Lower,,Upper,,ACP,Latitude,,,,Longitude,,,,Time
18,-83.70,dBm,-47.93,dBm,-67.00,dB,12.05,dB,N,37,32,45.180889,E,126,59,3.982877,2025-10-14-17:36:18
Number,RSSI,,Lower,,Upper,,ACP,Latitude,,,,Longitude,,,,Time
19,-77.31,dBm,-40.33,dBm,-59.39,dB,24.75,dB,N,37,32,44.690842,E,126,59,4.678012,2025-10-14-17:36:23
Number,RSSI,,Lower,,Upper,,ACP,Latitude,,,,Longitude,,,,Time
20,-78.95,dBm,-42.69,dBm,-61.75,dB,18.99,dB,N,37,32,44.262051,E,126,59,5.295909,2025-10-14-17:36:28
Number,RSSI,,Lower,,Upper,,ACP,Latitude,,,,Longitude,,,,Time
21,-78.11,dBm,-40.42,dBm,-59.49,dB,25.59,dB,N,37,32,43.771999,E,126,59,5.682096,2025-10-14-17:36:38
Number,RSSI,,Lower,,Upper,,ACP,Latitude,,,,Longitude,,,,Time
22,-77.83,dBm,-34.24,dBm,-53.30,dB,20.77,dB,N,37,32,43.281952,E,126,59,5.527621,2025-10-14-17:36:58
Number,RSSI,,Lower,,Upper,,ACP,Latitude,,,,Longitude,,,,Time
23,-80.14,dBm,-36.22,dBm,-55.28,dB,19.25,dB,N,37,32,42.730648,E,126,59,5.218672,2025-10-14-17:37:4
Number,RSSI,,Lower,,Upper,,ACP,Latitude,,,,Longitude,,,,Time
24,-80.07,dBm,-42.38,dBm,-61.45,dB,9.04,dB,N,37,32,42.240601,E,126,59,4.909723,2025-10-14-17:37:8
Number,RSSI,,Lower,,Upper,,ACP,Latitude,,,,Longitude,,,,Time
25,-70.04,dBm,-34.67,dBm,-53.73,dB,28.82,dB,N,37,32,42.118088,E,126,59,4.214589,2025-10-14-17:37:12
Number,RSSI,,Lower,,Upper,,ACP,Latitude,,,,Longitude,,,,Time
26,-71.65,dBm,-37.60,dBm,-56.66,dB,15.84,dB,N,37,32,41.934322,E,126,59,3.596691,2025-10-14-17:37:19
Number,RSSI,,Lower,,Upper,,ACP,Latitude,,,,Longitude,,,,Time
27,-71.84,dBm,-34.32,dBm,-53.38,dB,13.40,dB,N,37,32,41.750553,E,126,59,2.978793,2025-10-14-17:37:24
Number,RSSI,,Lower,,Upper,,ACP,Latitude,,,,Longitude,,,,Time
28,-72.61,dBm,-38.36,dBm,-57.42,dB,22.50,dB,N,37,32,41.628040,E,126,59,2.360895,2025-10-14-17:37:27
Number,RSSI,,Lower,,Upper,,ACP,Latitude,,,,Longitude,,,,Time
29,-74.71,dBm,-42.60,dBm,-61.66,dB,16.79,dB,N,37,32,41.444271,E,126,59,1.665760,2025-10-14-17:37:30
Number,RSSI,,Lower,,Upper,,ACP,Latitude,,,,Longitude,,,,Time
30,-81.04,dBm,-43.06,dBm,-62.12,dB,9.29,dB,N,37,32,41.260506,E,126,59,1.047863,2025-10-14-17:37:33
Number,RSSI,,Lower,,Upper,,ACP,Latitude,,,,Longitude,,,,Time
31,-84.11,dBm,-48.85,dBm,-67.91,dB,8.64,dB,N,37,32,41.137993,E,126,59,0.429965,2025-10-14-17:37:36
Number,RSSI,,Lower,,Upper,,ACP,Latitude,,,,Longitude,,,,Time
32,-92.27,dBm,-47.54,dBm,-66.60,dB,2.20,dB,N,37,32,41.076736,E,126,58,59.812069,2025-10-14-17:37:39
Number,RSSI,,Lower,,Upper,,ACP,Latitude,,,,Longitude,,,,Time
33,-79.98,dBm,-47.66,dBm,-66.72,dB,8.47,dB,N,37,32,41.321762,E,126,58,59.116932,2025-10-14-17:37:43
Number,RSSI,,Lower,,Upper,,ACP,Latitude,,,,Longitude,,,,Time
34,-67.22,dBm,-37.71,dBm,-56.77,dB,19.81,dB,N,37,32,41.444271,E,126,58,58.421799,2025-10-14-17:37:48
Number,RSSI,,Lower,,Upper,,ACP,Latitude,,,,Longitude,,,,Time
35,-73.75,dBm,-39.55,dBm,-58.61,dB,6.30,dB,N,37,32,41.260506,E,126,58,57.803898,2025-10-14-17:37:52
Number,RSSI,,Lower,,Upper,,ACP,Latitude,,,,Longitude,,,,Time
36,-75.77,dBm,-37.83,dBm,-56.90,dB,7.38,dB,N,37,32,40.831711,E,126,58,57.186001,2025-10-14-17:37:57
Number,RSSI,,Lower,,Upper,,ACP,Latitude,,,,Longitude,,,,Time
37,-82.00,dBm,-43.63,dBm,-62.69,dB,18.19,dB,N,37,32,40.525433,E,126,58,56.490868,2025-10-14-17:38:1
Number,RSSI,,Lower,,Upper,,ACP,Latitude,,,,Longitude,,,,Time
38,-81.52,dBm,-42.37,dBm,-61.43,dB,3.23,dB,N,37,32,40.341663,E,126,58,55.872971,2025-10-14-17:38:4
Number,RSSI,,Lower,,Upper,,ACP,Latitude,,,,Longitude,,,,Time
39,-79.71,dBm,-43.44,dBm,-62.50,dB,15.17,dB,N,37,32,40.402920,E,126,58,55.255070,2025-10-14-17:38:8
Number,RSSI,,Lower,,Upper,,ACP,Latitude,,,,Longitude,,,,Time
40,-82.04,dBm,-47.53,dBm,-66.59,dB,3.97,dB,N,37,32,41.015480,E,126,58,54.868885,2025-10-14-17:38:13
Number,RSSI,,Lower,,Upper,,ACP,Latitude,,,,Longitude,,,,Time
41,-81.02,dBm,-45.39,dBm,-64.45,dB,18.73,dB,N,37,32,41.566784,E,126,58,54.714413,2025-10-14-17:38:16
Number,RSSI,,Lower,,Upper,,ACP,Latitude,,,,Longitude,,,,Time
42,-75.04,dBm,-41.08,dBm,-60.14,dB,20.91,dB,N,37,32,42.118088,E,126,58,54.714413,2025-10-14-17:38:19
Number,RSSI,,Lower,,Upper,,ACP,Latitude,,,,Longitude,,,,Time
43,-82.78,dBm,-43.24,dBm,-62.30,dB,6.92,dB,N,37,32,42.669392,E,126,58,54.637173,2025-10-14-17:38:24
Number,RSSI,,Lower,,Upper,,ACP,Latitude,,,,Longitude,,,,Time
44,-83.06,dBm,-49.18,dBm,-68.24,dB,14.92,dB,N,37,32,43.159439,E,126,58,54.559937,2025-10-14-17:38:32
Number,RSSI,,Lower,,Upper,,ACP,Latitude,,,,Longitude,,,,Time
45,-77.17,dBm,-46.93,dBm,-65.99,dB,6.32,dB,N,37,32,43.649490,E,126,58,54.482700,2025-10-14-17:38:37
Number,RSSI,,Lower,,Upper,,ACP,Latitude,,,,Longitude,,,,Time
46,-75.12,dBm,-43.02,dBm,-62.08,dB,21.23,dB,N,37,32,44.139538,E,126,58,54.328224,2025-10-14-17:38:42
Number,RSSI,,Lower,,Upper,,ACP,Latitude,,,,Longitude,,,,Time
47,-80.60,dBm,-44.09,dBm,-63.15,dB,17.49,dB,N,37,32,44.690842,E,126,58,54.328224,2025-10-14-17:38:55
Number,RSSI,,Lower,,Upper,,ACP,Latitude,,,,Longitude,,,,Time
48,-86.56,dBm,-46.82,dBm,-65.88,dB,9.41,dB,N,37,32,45.180889,E,126,58,54.173752,2025-10-14-17:38:59
Number,RSSI,,Lower,,Upper,,ACP,Latitude,,,,Longitude,,,,Time
49,-78.28,dBm,-43.21,dBm,-62.27,dB,12.27,dB,N,37,32,45.732193,E,126,58,54.019276,2025-10-14-17:39:3
Number,RSSI,,Lower,,Upper,,ACP,Latitude,,,,Longitude,,,,Time
50,-87.91,dBm,-44.23,dBm,-63.29,dB,8.17,dB,N,37,32,46.344753,E,126,58,53.942039,2025-10-14-17:39:6
Number,RSSI,,Lower,,Upper,,ACP,Latitude,,,,Longitude,,,,Time
51,-83.55,dBm,-47.07,dBm,-66.14,dB,18.83,dB,N,37,32,46.834801,E,126,58,53.942039,2025-10-14-17:39:9
Number,RSSI,,Lower,,Upper,,ACP,Latitude,,,,Longitude,,,,Time
52,-77.75,dBm,-46.64,dBm,-65.70,dB,20.26,dB,N,37,32,47.324848,E,126,58,53.633091,2025-10-14-17:39:13
Number,RSSI,,Lower,,Upper,,ACP,Latitude,,,,Longitude,,,,Time
53,-74.69,dBm,-44.28,dBm,-63.34,dB,17.86,dB,N,37,32,47.876152,E,126,58,52.937954,2025-10-14-17:39:17
Number,RSSI,,Lower,,Upper,,ACP,Latitude,,,,Longitude,,,,Time
54,-71.95,dBm,-39.68,dBm,-58.74,dB,17.65,dB,N,37,32,48.366199,E,126,58,52.397293,2025-10-14-17:39:22
Number,RSSI,,Lower,,Upper,,ACP,Latitude,,,,Longitude,,,,Time
55,-63.93,dBm,-30.17,dBm,-49.23,dB,33.31,dB,N,37,32,48.917507,E,126,58,52.629005,2025-10-14-17:39:28
Number,RSSI,,Lower,,Upper,,ACP,Latitude,,,,Longitude,,,,Time
56,-76.26,dBm,-36.70,dBm,-55.76,dB,28.61,dB,N,37,32,49.407555,E,126,58,53.246902,2025-10-14-17:39:34
Number,RSSI,,Lower,,Upper,,ACP,Latitude,,,,Longitude,,,,Time
57,-80.46,dBm,-35.35,dBm,-54.41,dB,27.96,dB,N,37,32,49.836346,E,126,58,53.864803,2025-10-14-17:39:40
Number,RSSI,,Lower,,Upper,,ACP,Latitude,,,,Longitude,,,,Time
58,-71.66,dBm,-40.19,dBm,-59.25,dB,21.45,dB,N,37,32,49.958858,E,126,58,54.482700,2025-10-14-17:40:4
