VIAVI Solutions,JD785B,PLM21190,3.110.023

<Mode>
Spectrum / OTA Route Map
 
Latitude:,37'32"49.81N
Longitude:,126'58"54.65E
Time:,2025-10-22 19:01:39 
 
<Setup>
Center Frequency:,765.000000,MHz
Span:,20.000000,MHz
Start Frequency:,755.000000,MHz
Stop Frequency:,775.000000,MHz
Channel :,5350 FWD
Channel Standard :,Band Global
Preamp:,Off
Attenuation:,15,dB
External Offset:,On,0.000000,dB
Freq Reference:,GPS
Trigger Source:,Internal
Trigger:,Free Run
Mode:,Sweep
Detector:,RMS
RBW [A]:,100 kHz
VBW [A]:,100 kHz
Sweep Time:,10.73 ms
Average:,1
 
Number,RSSI,,Lower,,Upper,,ACP,Latitude,,,,Longitude,,,,Time
0,-83.38,dBm,-48.72,dBm,34.23,dB,22.23,dB,N,37,33,12.807348,E,126,58,43.206066,2025-10-22-18:51:51
Number,RSSI,,Lower,,Upper,,ACP,Latitude,,,,Longitude,,,,Time
1,-78.96,dBm,-46.42,dBm,25.42,dB,28.27,dB,N,37,33,12.194788,E,126,58,43.128830,2025-10-22-18:51:58
Number,RSSI,,Lower,,Upper,,ACP,Latitude,,,,Longitude,,,,Time
2,-74.60,dBm,-47.69,dBm,22.43,dB,22.03,dB,N,37,33,11.643484,E,126,58,43.206066,2025-10-22-18:52:2
Number,RSSI,,Lower,,Upper,,ACP,Latitude,,,,Longitude,,,,Time
3,-79.38,dBm,-47.57,dBm,25.46,dB,24.49,dB,N,37,33,11.092180,E,126,58,43.592251,2025-10-22-18:52:7
Number,RSSI,,Lower,,Upper,,ACP,Latitude,,,,Longitude,,,,Time
4,-82.69,dBm,-48.01,dBm,32.20,dB,28.66,dB,N,37,33,10.602132,E,126,58,44.055676,2025-10-22-18:52:10
Number,RSSI,,Lower,,Upper,,ACP,Latitude,,,,Longitude,,,,Time
5,-84.64,dBm,-45.57,dBm,37.60,dB,32.66,dB,N,37,33,10.050828,E,126,58,44.596336,2025-10-22-18:52:14
Number,RSSI,,Lower,,Upper,,ACP,Latitude,,,,Longitude,,,,Time
6,-82.97,dBm,-51.12,dBm,37.02,dB,40.53,dB,N,37,33,9.499524,E,126,58,45.136997,2025-10-22-18:52:18
Number,RSSI,,Lower,,Upper,,ACP,Latitude,,,,Longitude,,,,Time
7,-89.58,dBm,-46.23,dBm,29.54,dB,29.34,dB,N,37,33,8.948219,E,126,58,45.600418,2025-10-22-18:52:22
Number,RSSI,,Lower,,Upper,,ACP,Latitude,,,,Longitude,,,,Time
8,-76.55,dBm,-50.90,dBm,29.09,dB,23.41,dB,N,37,33,8.396915,E,126,58,46.063843,2025-10-22-18:52:26
Number,RSSI,,Lower,,Upper,,ACP,Latitude,,,,Longitude,,,,Time
9,-83.09,dBm,-50.60,dBm,31.71,dB,24.57,dB,N,37,33,7.845612,E,126,58,46.604504,2025-10-22-18:52:30
Number,RSSI,,Lower,,Upper,,ACP,Latitude,,,,Longitude,,,,Time
10,-85.63,dBm,-51.41,dBm,28.97,dB,24.13,dB,N,37,33,7.294308,E,126,58,47.145164,2025-10-22-18:52:34
Number,RSSI,,Lower,,Upper,,ACP,Latitude,,,,Longitude,,,,Time
11,-75.27,dBm,-41.31,dBm,38.59,dB,31.28,dB,N,37,33,6.681747,E,126,58,47.531349,2025-10-22-18:52:38
Number,RSSI,,Lower,,Upper,,ACP,Latitude,,,,Longitude,,,,Time
12,-74.24,dBm,-36.24,dBm,27.69,dB,36.76,dB,N,37,33,6.252955,E,126,58,48.149246,2025-10-22-18:52:43
Number,RSSI,,Lower,,Upper,,ACP,Latitude,,,,Longitude,,,,Time
13,-71.15,dBm,-35.13,dBm,49.10,dB,20.20,dB,N,37,33,6.191700,E,126,58,48.844383,2025-10-22-18:52:47
Number,RSSI,,Lower,,Upper,,ACP,Latitude,,,,Longitude,,,,Time
14,-71.54,dBm,-33.47,dBm,25.05,dB,17.24,dB,N,37,33,6.130444,E,126,58,49.616756,2025-10-22-18:52:51
Number,RSSI,,Lower,,Upper,,ACP,Latitude,,,,Longitude,,,,Time
15,-81.87,dBm,-34.08,dBm,34.96,dB,22.59,dB,N,37,33,6.130444,E,126,58,50.234653,2025-10-22-18:52:54
Number,RSSI,,Lower,,Upper,,ACP,Latitude,,,,Longitude,,,,Time
16,-76.96,dBm,-36.06,dBm,52.64,dB,19.62,dB,N,37,33,6.130444,E,126,58,50.929787,2025-10-22-18:52:58
Number,RSSI,,Lower,,Upper,,ACP,Latitude,,,,Longitude,,,,Time
17,-64.05,dBm,-31.21,dBm,39.83,dB,23.05,dB,N,37,33,6.069187,E,126,58,51.624924,2025-10-22-18:53:2
Number,RSSI,,Lower,,Upper,,ACP,Latitude,,,,Longitude,,,,Time
18,-78.93,dBm,-33.02,dBm,45.02,dB,23.69,dB,N,37,33,6.007931,E,126,58,52.242821,2025-10-22-18:53:6
Number,RSSI,,Lower,,Upper,,ACP,Latitude,,,,Longitude,,,,Time
19,-67.62,dBm,-37.87,dBm,33.63,dB,20.07,dB,N,37,33,5.640395,E,126,58,52.937954,2025-10-22-18:53:10
Number,RSSI,,Lower,,Upper,,ACP,Latitude,,,,Longitude,,,,Time
20,-67.92,dBm,-41.52,dBm,35.87,dB,19.92,dB,N,37,33,5.150347,E,126,58,53.246902,2025-10-22-18:53:14
Number,RSSI,,Lower,,Upper,,ACP,Latitude,,,,Longitude,,,,Time
21,-79.28,dBm,-42.90,dBm,30.98,dB,25.86,dB,N,37,33,4.660299,E,126,58,53.401379,2025-10-22-18:53:17
Number,RSSI,,Lower,,Upper,,ACP,Latitude,,,,Longitude,,,,Time
22,-76.32,dBm,-43.79,dBm,34.28,dB,20.44,dB,N,37,33,4.170251,E,126,58,53.324142,2025-10-22-18:53:20
Number,RSSI,,Lower,,Upper,,ACP,Latitude,,,,Longitude,,,,Time
23,-74.71,dBm,-37.14,dBm,43.08,dB,20.46,dB,N,37,33,3.618947,E,126,58,53.246902,2025-10-22-18:53:23
Number,RSSI,,Lower,,Upper,,ACP,Latitude,,,,Longitude,,,,Time
24,-85.98,dBm,-45.74,dBm,29.79,dB,21.54,dB,N,37,33,3.067643,E,126,58,53.169666,2025-10-22-18:53:26
Number,RSSI,,Lower,,Upper,,ACP,Latitude,,,,Longitude,,,,Time
25,-92.99,dBm,-42.29,dBm,31.44,dB,23.35,dB,N,37,33,2.516339,E,126,58,52.937954,2025-10-22-18:53:29
Number,RSSI,,Lower,,Upper,,ACP,Latitude,,,,Longitude,,,,Time
26,-77.18,dBm,-41.71,dBm,25.50,dB,29.67,dB,N,37,33,1.965035,E,126,58,52.860718,2025-10-22-18:53:32
Number,RSSI,,Lower,,Upper,,ACP,Latitude,,,,Longitude,,,,Time
27,-78.02,dBm,-44.07,dBm,32.87,dB,24.85,dB,N,37,33,1.413731,E,126,58,53.169666,2025-10-22-18:53:35
Number,RSSI,,Lower,,Upper,,ACP,Latitude,,,,Longitude,,,,Time
28,-81.69,dBm,-35.78,dBm,34.90,dB,30.36,dB,N,37,33,0.923683,E,126,58,53.324142,2025-10-22-18:53:38
Number,RSSI,,Lower,,Upper,,ACP,Latitude,,,,Longitude,,,,Time
29,-82.18,dBm,-45.27,dBm,27.27,dB,19.77,dB,N,37,33,0.372379,E,126,58,53.555851,2025-10-22-18:53:42
Number,RSSI,,Lower,,Upper,,ACP,Latitude,,,,Longitude,,,,Time
30,-84.40,dBm,-45.18,dBm,34.26,dB,17.31,dB,N,37,32,59.821075,E,126,58,53.633091,2025-10-22-18:53:47
Number,RSSI,,Lower,,Upper,,ACP,Latitude,,,,Longitude,,,,Time
31,-67.29,dBm,-30.37,dBm,38.48,dB,20.39,dB,N,37,32,59.269772,E,126,58,54.019276,2025-10-22-18:53:51
Number,RSSI,,Lower,,Upper,,ACP,Latitude,,,,Longitude,,,,Time
32,-69.62,dBm,-32.08,dBm,29.56,dB,24.69,dB,N,37,32,58.657211,E,126,58,54.250988,2025-10-22-18:53:55
Number,RSSI,,Lower,,Upper,,ACP,Latitude,,,,Longitude,,,,Time
33,-70.24,dBm,-32.29,dBm,40.42,dB,19.20,dB,N,37,32,58.167164,E,126,58,54.482700,2025-10-22-18:53:58
Number,RSSI,,Lower,,Upper,,ACP,Latitude,,,,Longitude,,,,Time
34,-71.34,dBm,-28.47,dBm,33.51,dB,19.37,dB,N,37,32,57.615860,E,126,58,54.714413,2025-10-22-18:54:1
Number,RSSI,,Lower,,Upper,,ACP,Latitude,,,,Longitude,,,,Time
35,-75.74,dBm,-43.34,dBm,45.14,dB,27.32,dB,N,37,32,57.064556,E,126,58,55.023361,2025-10-22-18:54:4
Number,RSSI,,Lower,,Upper,,ACP,Latitude,,,,Longitude,,,,Time
36,-71.96,dBm,-29.26,dBm,40.78,dB,28.01,dB,N,37,32,56.451996,E,126,58,55.332310,2025-10-22-18:54:7
Number,RSSI,,Lower,,Upper,,ACP,Latitude,,,,Longitude,,,,Time
37,-78.70,dBm,-37.43,dBm,30.43,dB,24.80,dB,N,37,32,55.900692,E,126,58,55.641258,2025-10-22-18:54:10
Number,RSSI,,Lower,,Upper,,ACP,Latitude,,,,Longitude,,,,Time
38,-89.69,dBm,-46.56,dBm,32.95,dB,15.16,dB,N,37,32,55.288132,E,126,58,55.872971,2025-10-22-18:54:13
Number,RSSI,,Lower,,Upper,,ACP,Latitude,,,,Longitude,,,,Time
39,-81.33,dBm,-37.80,dBm,36.11,dB,22.35,dB,N,37,32,54.798080,E,126,58,55.950207,2025-10-22-18:54:16
Number,RSSI,,Lower,,Upper,,ACP,Latitude,,,,Longitude,,,,Time
40,-70.06,dBm,-36.64,dBm,40.69,dB,18.23,dB,N,37,32,54.246777,E,126,58,56.104679,2025-10-22-18:54:19
Number,RSSI,,Lower,,Upper,,ACP,Latitude,,,,Longitude,,,,Time
41,-82.69,dBm,-46.01,dBm,25.31,dB,24.38,dB,N,37,32,53.634216,E,126,58,56.336391,2025-10-22-18:54:22
Number,RSSI,,Lower,,Upper,,ACP,Latitude,,,,Longitude,,,,Time
42,-72.51,dBm,-36.91,dBm,33.77,dB,18.70,dB,N,37,32,53.144169,E,126,58,56.413631,2025-10-22-18:54:25
Number,RSSI,,Lower,,Upper,,ACP,Latitude,,,,Longitude,,,,Time
43,-79.60,dBm,-44.69,dBm,33.15,dB,26.01,dB,N,37,32,52.592865,E,126,58,56.490868,2025-10-22-18:54:28
Number,RSSI,,Lower,,Upper,,ACP,Latitude,,,,Longitude,,,,Time
44,-79.73,dBm,-44.13,dBm,24.24,dB,30.08,dB,N,37,32,52.102818,E,126,58,56.413631,2025-10-22-18:54:31
Number,RSSI,,Lower,,Upper,,ACP,Latitude,,,,Longitude,,,,Time
45,-76.77,dBm,-39.91,dBm,38.09,dB,23.35,dB,N,37,32,51.551514,E,126,58,55.950207,2025-10-22-18:54:34
Number,RSSI,,Lower,,Upper,,ACP,Latitude,,,,Longitude,,,,Time
46,-71.64,dBm,-35.80,dBm,32.34,dB,26.57,dB,N,37,32,51.061466,E,126,58,55.332310,2025-10-22-18:54:37
Number,RSSI,,Lower,,Upper,,ACP,Latitude,,,,Longitude,,,,Time
47,-71.80,dBm,-34.11,dBm,55.26,dB,29.20,dB,N,37,32,50.510162,E,126,58,54.714413,2025-10-22-18:54:42
Number,RSSI,,Lower,,Upper,,ACP,Latitude,,,,Longitude,,,,Time
48,-76.21,dBm,-40.71,dBm,35.00,dB,18.92,dB,N,37,32,50.265137,E,126,58,54.019276,2025-10-22-18:54:49
Number,RSSI,,Lower,,Upper,,ACP,Latitude,,,,Longitude,,,,Time
49,-76.44,dBm,-34.02,dBm,30.07,dB,25.73,dB,N,37,32,49.897602,E,126,58,54.637173,2025-10-22-18:55:47
Number,RSSI,,Lower,,Upper,,ACP,Latitude,,,,Longitude,,,,Time
50,-77.54,dBm,-38.25,dBm,20.60,dB,31.32,dB,N,37,32,49.652576,E,126,58,55.255070,2025-10-22-18:55:57
Number,RSSI,,Lower,,Upper,,ACP,Latitude,,,,Longitude,,,,Time
51,-75.23,dBm,-41.39,dBm,29.47,dB,33.99,dB,N,37,32,49.468811,E,126,58,55.872971,2025-10-22-18:56:5
Number,RSSI,,Lower,,Upper,,ACP,Latitude,,,,Longitude,,,,Time
52,-68.09,dBm,-34.51,dBm,32.04,dB,22.87,dB,N,37,32,49.346298,E,126,58,56.490868,2025-10-22-18:56:12
Number,RSSI,,Lower,,Upper,,ACP,Latitude,,,,Longitude,,,,Time
53,-70.83,dBm,-34.33,dBm,31.27,dB,38.91,dB,N,37,32,49.407555,E,126,58,57.108765,2025-10-22-18:56:20
Number,RSSI,,Lower,,Upper,,ACP,Latitude,,,,Longitude,,,,Time
54,-72.88,dBm,-31.15,dBm,36.42,dB,23.35,dB,N,37,32,49.591320,E,126,58,57.726662,2025-10-22-18:56:25
Number,RSSI,,Lower,,Upper,,ACP,Latitude,,,,Longitude,,,,Time
55,-85.36,dBm,-29.67,dBm,40.83,dB,23.13,dB,N,37,32,49.713833,E,126,58,58.344559,2025-10-22-18:56:33
Number,RSSI,,Lower,,Upper,,ACP,Latitude,,,,Longitude,,,,Time
56,-77.80,dBm,-45.01,dBm,31.92,dB,13.86,dB,N,37,32,49.530064,E,126,58,58.962460,2025-10-22-18:56:43
Number,RSSI,,Lower,,Upper,,ACP,Latitude,,,,Longitude,,,,Time
57,-78.05,dBm,-41.80,dBm,33.76,dB,25.59,dB,N,37,32,49.285042,E,126,58,59.580357,2025-10-22-18:56:50
Number,RSSI,,Lower,,Upper,,ACP,Latitude,,,,Longitude,,,,Time
58,-83.02,dBm,-41.57,dBm,42.02,dB,26.88,dB,N,37,32,48.856251,E,126,59,0.198253,2025-10-22-18:56:56
Number,RSSI,,Lower,,Upper,,ACP,Latitude,,,,Longitude,,,,Time
59,-73.14,dBm,-40.41,dBm,26.88,dB,24.60,dB,N,37,32,48.304947,E,126,59,0.816151,2025-10-22-18:57:2
Number,RSSI,,Lower,,Upper,,ACP,Latitude,,,,Longitude,,,,Time
60,-83.34,dBm,-42.94,dBm,34.90,dB,23.88,dB,N,37,32,47.814896,E,126,59,1.279574,2025-10-22-18:57:13
Number,RSSI,,Lower,,Upper,,ACP,Latitude,,,,Longitude,,,,Time
61,-85.44,dBm,-46.58,dBm,31.48,dB,38.13,dB,N,37,32,47.324848,E,126,59,1.434049,2025-10-22-18:57:21
Number,RSSI,,Lower,,Upper,,ACP,Latitude,,,,Longitude,,,,Time
62,-82.37,dBm,-47.77,dBm,29.96,dB,22.59,dB,N,37,32,46.834801,E,126,59,1.897472,2025-10-22-18:57:28
Number,RSSI,,Lower,,Upper,,ACP,Latitude,,,,Longitude,,,,Time
63,-77.65,dBm,-47.76,dBm,26.78,dB,21.68,dB,N,37,32,46.344753,E,126,59,2.515370,2025-10-22-18:57:35
Number,RSSI,,Lower,,Upper,,ACP,Latitude,,,,Longitude,,,,Time
64,-83.91,dBm,-46.26,dBm,37.31,dB,22.61,dB,N,37,32,45.793449,E,126,59,3.056030,2025-10-22-18:57:43
Number,RSSI,,Lower,,Upper,,ACP,Latitude,,,,Longitude,,,,Time
65,-81.20,dBm,-46.14,dBm,30.15,dB,26.31,dB,N,37,32,45.364658,E,126,59,2.438133,2025-10-22-18:58:1
Number,RSSI,,Lower,,Upper,,ACP,Latitude,,,,Longitude,,,,Time
66,-83.67,dBm,-49.67,dBm,26.64,dB,27.35,dB,N,37,32,45.242146,E,126,59,1.820235,2025-10-22-18:58:7
Number,RSSI,,Lower,,Upper,,ACP,Latitude,,,,Longitude,,,,Time
67,-79.53,dBm,-44.83,dBm,38.27,dB,29.42,dB,N,37,32,45.058376,E,126,59,1.202337,2025-10-22-18:58:14
Number,RSSI,,Lower,,Upper,,ACP,Latitude,,,,Longitude,,,,Time
68,-80.40,dBm,-44.84,dBm,35.19,dB,32.38,dB,N,37,32,44.568329,E,126,59,1.047863,2025-10-22-18:58:23
Number,RSSI,,Lower,,Upper,,ACP,Latitude,,,,Longitude,,,,Time
69,-83.15,dBm,-49.77,dBm,29.59,dB,17.62,dB,N,37,32,44.078281,E,126,59,1.125100,2025-10-22-18:58:30
Number,RSSI,,Lower,,Upper,,ACP,Latitude,,,,Longitude,,,,Time
70,-83.80,dBm,-43.70,dBm,21.45,dB,20.69,dB,N,37,32,43.588234,E,126,59,0.970625,2025-10-22-18:58:39
Number,RSSI,,Lower,,Upper,,ACP,Latitude,,,,Longitude,,,,Time
71,-75.84,dBm,-45.02,dBm,19.69,dB,42.42,dB,N,37,32,43.098186,E,126,59,0.429965,2025-10-22-18:58:47
Number,RSSI,,Lower,,Upper,,ACP,Latitude,,,,Longitude,,,,Time
72,-80.46,dBm,-34.80,dBm,33.10,dB,27.05,dB,N,37,32,42.791904,E,126,58,59.734829,2025-10-22-18:58:53
Number,RSSI,,Lower,,Upper,,ACP,Latitude,,,,Longitude,,,,Time
73,-79.88,dBm,-43.15,dBm,27.37,dB,19.27,dB,N,37,32,42.301857,E,126,58,59.194168,2025-10-22-18:58:59
Number,RSSI,,Lower,,Upper,,ACP,Latitude,,,,Longitude,,,,Time
74,-84.06,dBm,-37.55,dBm,18.18,dB,27.76,dB,N,37,32,41.811810,E,126,58,58.730747,2025-10-22-18:59:7
Number,RSSI,,Lower,,Upper,,ACP,Latitude,,,,Longitude,,,,Time
75,-82.33,dBm,-40.74,dBm,23.47,dB,30.79,dB,N,37,32,41.383015,E,126,58,58.112850,2025-10-22-18:59:14
Number,RSSI,,Lower,,Upper,,ACP,Latitude,,,,Longitude,,,,Time
76,-77.70,dBm,-41.60,dBm,27.03,dB,37.40,dB,N,37,32,40.892967,E,126,58,57.417713,2025-10-22-18:59:19
Number,RSSI,,Lower,,Upper,,ACP,Latitude,,,,Longitude,,,,Time
77,-87.71,dBm,-38.37,dBm,23.52,dB,28.97,dB,N,37,32,40.525433,E,126,58,56.799816,2025-10-22-18:59:23
Number,RSSI,,Lower,,Upper,,ACP,Latitude,,,,Longitude,,,,Time
78,-85.86,dBm,-46.67,dBm,24.43,dB,22.73,dB,N,37,32,40.219151,E,126,58,56.181919,2025-10-22-18:59:29
Number,RSSI,,Lower,,Upper,,ACP,Latitude,,,,Longitude,,,,Time
79,-71.94,dBm,-43.14,dBm,24.72,dB,27.91,dB,N,37,32,40.157898,E,126,58,55.564022,2025-10-22-18:59:43
Number,RSSI,,Lower,,Upper,,ACP,Latitude,,,,Longitude,,,,Time
80,-68.63,dBm,-39.79,dBm,21.16,dB,29.14,dB,N,37,32,40.525433,E,126,58,54.946121,2025-10-22-18:59:50
Number,RSSI,,Lower,,Upper,,ACP,Latitude,,,,Longitude,,,,Time
81,-87.21,dBm,-48.56,dBm,30.31,dB,34.11,dB,N,37,32,41.015480,E,126,58,54.946121,2025-10-22-18:59:56
Number,RSSI,,Lower,,Upper,,ACP,Latitude,,,,Longitude,,,,Time
82,-89.58,dBm,-45.14,dBm,26.82,dB,23.34,dB,N,37,32,41.505527,E,126,58,54.946121,2025-10-22-19:0:0
Number,RSSI,,Lower,,Upper,,ACP,Latitude,,,,Longitude,,,,Time
83,-79.06,dBm,-46.20,dBm,21.59,dB,32.19,dB,N,37,32,42.056831,E,126,58,54.868885,2025-10-22-19:0:4
Number,RSSI,,Lower,,Upper,,ACP,Latitude,,,,Longitude,,,,Time
84,-78.33,dBm,-43.55,dBm,29.61,dB,28.18,dB,N,37,32,42.546879,E,126,58,54.868885,2025-10-22-19:0:8
Number,RSSI,,Lower,,Upper,,ACP,Latitude,,,,Longitude,,,,Time
85,-82.95,dBm,-50.48,dBm,26.85,dB,28.37,dB,N,37,32,43.036930,E,126,58,54.791649,2025-10-22-19:0:15
Number,RSSI,,Lower,,Upper,,ACP,Latitude,,,,Longitude,,,,Time
86,-79.46,dBm,-45.67,dBm,23.04,dB,26.50,dB,N,37,32,43.526978,E,126,58,54.637173,2025-10-22-19:0:26
Number,RSSI,,Lower,,Upper,,ACP,Latitude,,,,Longitude,,,,Time
87,-68.27,dBm,-37.52,dBm,25.42,dB,26.14,dB,N,37,32,44.017025,E,126,58,54.637173,2025-10-22-19:0:31
Number,RSSI,,Lower,,Upper,,ACP,Latitude,,,,Longitude,,,,Time
88,-80.45,dBm,-45.70,dBm,22.57,dB,39.01,dB,N,37,32,44.568329,E,126,58,54.559937,2025-10-22-19:0:37
Number,RSSI,,Lower,,Upper,,ACP,Latitude,,,,Longitude,,,,Time
89,-82.86,dBm,-45.88,dBm,31.08,dB,20.48,dB,N,37,32,45.119633,E,126,58,54.559937,2025-10-22-19:0:41
Number,RSSI,,Lower,,Upper,,ACP,Latitude,,,,Longitude,,,,Time
90,-85.52,dBm,-43.05,dBm,28.66,dB,24.16,dB,N,37,32,45.670937,E,126,58,54.405460,2025-10-22-19:0:45
Number,RSSI,,Lower,,Upper,,ACP,Latitude,,,,Longitude,,,,Time
91,-76.36,dBm,-43.15,dBm,25.10,dB,23.49,dB,N,37,32,46.222240,E,126,58,54.328224,2025-10-22-19:0:49
Number,RSSI,,Lower,,Upper,,ACP,Latitude,,,,Longitude,,,,Time
92,-80.02,dBm,-39.84,dBm,31.28,dB,19.96,dB,N,37,32,46.773544,E,126,58,54.250988,2025-10-22-19:0:53
Number,RSSI,,Lower,,Upper,,ACP,Latitude,,,,Longitude,,,,Time
93,-79.91,dBm,-41.33,dBm,30.09,dB,31.80,dB,N,37,32,47.324848,E,126,58,54.019276,2025-10-22-19:0:58
Number,RSSI,,Lower,,Upper,,ACP,Latitude,,,,Longitude,,,,Time
94,-76.66,dBm,-46.38,dBm,38.35,dB,29.87,dB,N,37,32,47.692387,E,126,58,53.401379,2025-10-22-19:1:3
Number,RSSI,,Lower,,Upper,,ACP,Latitude,,,,Longitude,,,,Time
95,-82.41,dBm,-46.25,dBm,23.18,dB,31.07,dB,N,37,32,48.182434,E,126,58,52.706242,2025-10-22-19:1:8
Number,RSSI,,Lower,,Upper,,ACP,Latitude,,,,Longitude,,,,Time
96,-72.83,dBm,-35.60,dBm,46.47,dB,21.24,dB,N,37,32,48.672482,E,126,58,52.397293,2025-10-22-19:1:13
Number,RSSI,,Lower,,Upper,,ACP,Latitude,,,,Longitude,,,,Time
97,-71.96,dBm,-38.13,dBm,28.20,dB,26.54,dB,N,37,32,49.162529,E,126,58,52.860718,2025-10-22-19:1:17
Number,RSSI,,Lower,,Upper,,ACP,Latitude,,,,Longitude,,,,Time
98,-71.38,dBm,-36.97,dBm,25.47,dB,33.91,dB,N,37,32,49.652576,E,126,58,53.478615,2025-10-22-19:1:21
Number,RSSI,,Lower,,Upper,,ACP,Latitude,,,,Longitude,,,,Time
99,-79.09,dBm,-33.61,dBm,35.86,dB,23.43,dB,N,37,32,50.020115,E,126,58,54.096512,2025-10-22-19:1:27
