VIAVI Solutions,JD785B,PLM21190,3.110.023

<Mode>
Spectrum / OTA Route Map
 
Latitude:,37'32"59.69N
Longitude:,126'58"53.78E
Time:,2025-10-22 20:00:06 
 
<Setup>
Center Frequency:,765.000000,MHz
Span:,20.000000,MHz
Start Frequency:,755.000000,MHz
Stop Frequency:,775.000000,MHz
Channel :,5350 FWD
Channel Standard :,Band Global
Preamp:,Off
Attenuation:,15,dB
External Offset:,On,0.000000,dB
Freq Reference:,GPS
Trigger Source:,Internal
Trigger:,Free Run
Mode:,Sweep
Detector:,RMS
RBW [A]:,100 kHz
VBW [A]:,100 kHz
Sweep Time:,10.73 ms
Average:,1
 
Number,RSSI,,Lower,,Upper,,ACP,Latitude,,,,Longitude,,,,Time
0,-80.66,dBm,-43.02,dBm,25.89,dB,29.34,dB,N,37,33,14.154981,E,126,58,46.527267,2025-10-22-19:55:58
Number,RSSI,,Lower,,Upper,,ACP,Latitude,,,,Longitude,,,,Time
1,-80.12,dBm,-44.89,dBm,30.13,dB,24.43,dB,N,37,33,14.645028,E,126,58,46.836216,2025-10-22-19:56:0
Number,RSSI,,Lower,,Upper,,ACP,Latitude,,,,Longitude,,,,Time
2,-83.97,dBm,-50.81,dBm,26.40,dB,32.97,dB,N,37,33,15.318845,E,126,58,47.299637,2025-10-22-19:56:3
Number,RSSI,,Lower,,Upper,,ACP,Latitude,,,,Longitude,,,,Time
3,-80.98,dBm,-52.81,dBm,27.34,dB,34.69,dB,N,37,33,15.931404,E,126,58,47.685825,2025-10-22-19:56:6
Number,RSSI,,Lower,,Upper,,ACP,Latitude,,,,Longitude,,,,Time
4,-75.63,dBm,-41.67,dBm,23.13,dB,46.49,dB,N,37,33,16.543964,E,126,58,47.994774,2025-10-22-19:56:9
Number,RSSI,,Lower,,Upper,,ACP,Latitude,,,,Longitude,,,,Time
5,-83.57,dBm,-48.08,dBm,23.30,dB,24.22,dB,N,37,33,17.034012,E,126,58,48.380959,2025-10-22-19:56:11
Number,RSSI,,Lower,,Upper,,ACP,Latitude,,,,Longitude,,,,Time
6,-84.33,dBm,-49.78,dBm,27.32,dB,27.35,dB,N,37,33,17.156525,E,126,58,49.385044,2025-10-22-19:56:13
Number,RSSI,,Lower,,Upper,,ACP,Latitude,,,,Longitude,,,,Time
7,-85.05,dBm,-50.03,dBm,30.95,dB,20.94,dB,N,37,33,17.279037,E,126,58,50.157413,2025-10-22-19:56:15
Number,RSSI,,Lower,,Upper,,ACP,Latitude,,,,Longitude,,,,Time
8,-87.38,dBm,-47.97,dBm,33.12,dB,24.24,dB,N,37,33,17.340292,E,126,58,50.852551,2025-10-22-19:56:17
Number,RSSI,,Lower,,Upper,,ACP,Latitude,,,,Longitude,,,,Time
9,-76.42,dBm,-46.08,dBm,22.65,dB,20.84,dB,N,37,33,17.524061,E,126,58,51.470448,2025-10-22-19:56:20
Number,RSSI,,Lower,,Upper,,ACP,Latitude,,,,Longitude,,,,Time
10,-73.44,dBm,-39.89,dBm,31.68,dB,15.43,dB,N,37,33,18.075365,E,126,58,51.547684,2025-10-22-19:56:24
Number,RSSI,,Lower,,Upper,,ACP,Latitude,,,,Longitude,,,,Time
11,-80.94,dBm,-37.55,dBm,26.84,dB,31.65,dB,N,37,33,18.565413,E,126,58,50.852551,2025-10-22-19:56:27
Number,RSSI,,Lower,,Upper,,ACP,Latitude,,,,Longitude,,,,Time
12,-76.16,dBm,-39.71,dBm,28.18,dB,27.40,dB,N,37,33,19.055460,E,126,58,50.002941,2025-10-22-19:56:30
Number,RSSI,,Lower,,Upper,,ACP,Latitude,,,,Longitude,,,,Time
13,-70.62,dBm,-40.47,dBm,27.97,dB,18.74,dB,N,37,33,19.361740,E,126,58,49.385044,2025-10-22-19:56:32
Number,RSSI,,Lower,,Upper,,ACP,Latitude,,,,Longitude,,,,Time
14,-77.37,dBm,-39.16,dBm,24.96,dB,47.73,dB,N,37,33,19.729277,E,126,58,48.689907,2025-10-22-19:56:34
Number,RSSI,,Lower,,Upper,,ACP,Latitude,,,,Longitude,,,,Time
15,-73.57,dBm,-42.37,dBm,19.38,dB,32.14,dB,N,37,33,20.096813,E,126,58,48.072010,2025-10-22-19:56:36
Number,RSSI,,Lower,,Upper,,ACP,Latitude,,,,Longitude,,,,Time
16,-78.95,dBm,-42.68,dBm,23.42,dB,21.58,dB,N,37,33,20.464350,E,126,58,47.376877,2025-10-22-19:56:38
Number,RSSI,,Lower,,Upper,,ACP,Latitude,,,,Longitude,,,,Time
17,-80.33,dBm,-41.55,dBm,27.85,dB,31.63,dB,N,37,33,20.770630,E,126,58,46.758976,2025-10-22-19:56:40
Number,RSSI,,Lower,,Upper,,ACP,Latitude,,,,Longitude,,,,Time
18,-71.71,dBm,-39.33,dBm,17.55,dB,29.67,dB,N,37,33,21.138165,E,126,58,46.063843,2025-10-22-19:56:42
Number,RSSI,,Lower,,Upper,,ACP,Latitude,,,,Longitude,,,,Time
19,-72.24,dBm,-37.56,dBm,26.97,dB,38.52,dB,N,37,33,21.628214,E,126,58,45.214233,2025-10-22-19:56:45
Number,RSSI,,Lower,,Upper,,ACP,Latitude,,,,Longitude,,,,Time
20,-74.68,dBm,-41.73,dBm,19.54,dB,22.03,dB,N,37,33,21.934494,E,126,58,44.364624,2025-10-22-19:56:48
Number,RSSI,,Lower,,Upper,,ACP,Latitude,,,,Longitude,,,,Time
21,-79.20,dBm,-43.47,dBm,22.82,dB,30.17,dB,N,37,33,22.057005,E,126,58,43.746727,2025-10-22-19:56:50
Number,RSSI,,Lower,,Upper,,ACP,Latitude,,,,Longitude,,,,Time
22,-76.33,dBm,-41.68,dBm,30.29,dB,24.77,dB,N,37,33,21.995749,E,126,58,43.051590,2025-10-22-19:56:52
Number,RSSI,,Lower,,Upper,,ACP,Latitude,,,,Longitude,,,,Time
23,-90.21,dBm,-42.51,dBm,24.67,dB,29.08,dB,N,37,33,21.934494,E,126,58,42.433693,2025-10-22-19:56:54
Number,RSSI,,Lower,,Upper,,ACP,Latitude,,,,Longitude,,,,Time
24,-79.43,dBm,-40.20,dBm,25.22,dB,21.63,dB,N,37,33,21.873238,E,126,58,41.738560,2025-10-22-19:56:56
Number,RSSI,,Lower,,Upper,,ACP,Latitude,,,,Longitude,,,,Time
25,-70.71,dBm,-37.77,dBm,26.89,dB,28.44,dB,N,37,33,21.750725,E,126,58,40.734474,2025-10-22-19:56:58
Number,RSSI,,Lower,,Upper,,ACP,Latitude,,,,Longitude,,,,Time
26,-77.15,dBm,-37.55,dBm,35.96,dB,25.47,dB,N,37,33,21.750725,E,126,58,40.039341,2025-10-22-19:57:1
Number,RSSI,,Lower,,Upper,,ACP,Latitude,,,,Longitude,,,,Time
27,-74.54,dBm,-36.02,dBm,30.15,dB,29.73,dB,N,37,33,21.628214,E,126,58,39.344204,2025-10-22-19:57:3
Number,RSSI,,Lower,,Upper,,ACP,Latitude,,,,Longitude,,,,Time
28,-80.72,dBm,-40.61,dBm,36.80,dB,18.03,dB,N,37,33,21.628214,E,126,58,38.726307,2025-10-22-19:57:5
Number,RSSI,,Lower,,Upper,,ACP,Latitude,,,,Longitude,,,,Time
29,-70.92,dBm,-33.30,dBm,26.81,dB,28.95,dB,N,37,33,21.383188,E,126,58,37.876698,2025-10-22-19:57:8
Number,RSSI,,Lower,,Upper,,ACP,Latitude,,,,Longitude,,,,Time
30,-69.51,dBm,-36.03,dBm,33.24,dB,23.66,dB,N,37,33,20.954397,E,126,58,37.181564,2025-10-22-19:57:11
Number,RSSI,,Lower,,Upper,,ACP,Latitude,,,,Longitude,,,,Time
31,-67.12,dBm,-31.53,dBm,25.48,dB,23.50,dB,N,37,33,20.341837,E,126,58,36.718140,2025-10-22-19:57:14
Number,RSSI,,Lower,,Upper,,ACP,Latitude,,,,Longitude,,,,Time
32,-76.10,dBm,-36.26,dBm,31.63,dB,21.02,dB,N,37,33,19.851789,E,126,58,36.409191,2025-10-22-19:57:16
Number,RSSI,,Lower,,Upper,,ACP,Latitude,,,,Longitude,,,,Time
33,-70.78,dBm,-36.70,dBm,26.50,dB,23.34,dB,N,37,33,19.239229,E,126,58,36.254715,2025-10-22-19:57:19
Number,RSSI,,Lower,,Upper,,ACP,Latitude,,,,Longitude,,,,Time
34,-72.19,dBm,-33.19,dBm,34.25,dB,25.60,dB,N,37,33,18.687925,E,126,58,36.563663,2025-10-22-19:57:22
Number,RSSI,,Lower,,Upper,,ACP,Latitude,,,,Longitude,,,,Time
35,-58.34,dBm,-30.26,dBm,37.84,dB,40.88,dB,N,37,33,18.197876,E,126,58,37.104324,2025-10-22-19:57:30
Number,RSSI,,Lower,,Upper,,ACP,Latitude,,,,Longitude,,,,Time
36,-76.50,dBm,-30.72,dBm,39.23,dB,33.71,dB,N,37,33,17.891596,E,126,58,37.722225,2025-10-22-19:57:45
Number,RSSI,,Lower,,Upper,,ACP,Latitude,,,,Longitude,,,,Time
37,-65.26,dBm,-31.77,dBm,30.94,dB,33.63,dB,N,37,33,17.462805,E,126,58,38.417358,2025-10-22-19:57:49
Number,RSSI,,Lower,,Upper,,ACP,Latitude,,,,Longitude,,,,Time
38,-74.91,dBm,-35.35,dBm,26.19,dB,23.97,dB,N,37,33,17.095268,E,126,58,39.112492,2025-10-22-19:57:52
Number,RSSI,,Lower,,Upper,,ACP,Latitude,,,,Longitude,,,,Time
39,-73.85,dBm,-35.36,dBm,39.43,dB,40.02,dB,N,37,33,16.727732,E,126,58,39.807629,2025-10-22-19:57:55
Number,RSSI,,Lower,,Upper,,ACP,Latitude,,,,Longitude,,,,Time
40,-66.55,dBm,-36.82,dBm,26.38,dB,30.95,dB,N,37,33,16.298941,E,126,58,40.502762,2025-10-22-19:57:58
Number,RSSI,,Lower,,Upper,,ACP,Latitude,,,,Longitude,,,,Time
41,-85.02,dBm,-39.49,dBm,24.06,dB,25.79,dB,N,37,33,15.870149,E,126,58,41.275135,2025-10-22-19:58:1
Number,RSSI,,Lower,,Upper,,ACP,Latitude,,,,Longitude,,,,Time
42,-74.42,dBm,-40.96,dBm,18.94,dB,38.60,dB,N,37,33,15.380100,E,126,58,42.047508,2025-10-22-19:58:4
Number,RSSI,,Lower,,Upper,,ACP,Latitude,,,,Longitude,,,,Time
43,-74.34,dBm,-43.98,dBm,23.50,dB,24.31,dB,N,37,33,14.951308,E,126,58,42.742641,2025-10-22-19:58:7
Number,RSSI,,Lower,,Upper,,ACP,Latitude,,,,Longitude,,,,Time
44,-77.10,dBm,-44.23,dBm,20.00,dB,28.05,dB,N,37,33,14.461261,E,126,58,43.360538,2025-10-22-19:58:11
Number,RSSI,,Lower,,Upper,,ACP,Latitude,,,,Longitude,,,,Time
45,-84.52,dBm,-43.96,dBm,27.31,dB,25.54,dB,N,37,33,13.909956,E,126,58,43.360538,2025-10-22-19:58:14
Number,RSSI,,Lower,,Upper,,ACP,Latitude,,,,Longitude,,,,Time
46,-81.70,dBm,-44.29,dBm,27.19,dB,24.13,dB,N,37,33,13.358652,E,126,58,43.283302,2025-10-22-19:58:17
Number,RSSI,,Lower,,Upper,,ACP,Latitude,,,,Longitude,,,,Time
47,-79.07,dBm,-50.12,dBm,28.39,dB,35.15,dB,N,37,33,12.868604,E,126,58,43.128830,2025-10-22-19:58:20
Number,RSSI,,Lower,,Upper,,ACP,Latitude,,,,Longitude,,,,Time
48,-74.38,dBm,-42.70,dBm,28.12,dB,27.56,dB,N,37,33,12.256044,E,126,58,43.128830,2025-10-22-19:58:23
Number,RSSI,,Lower,,Upper,,ACP,Latitude,,,,Longitude,,,,Time
49,-84.79,dBm,-47.39,dBm,36.02,dB,32.81,dB,N,37,33,11.765996,E,126,58,43.206066,2025-10-22-19:58:26
Number,RSSI,,Lower,,Upper,,ACP,Latitude,,,,Longitude,,,,Time
50,-75.50,dBm,-46.72,dBm,19.35,dB,26.35,dB,N,37,33,11.275948,E,126,58,43.515015,2025-10-22-19:58:29
Number,RSSI,,Lower,,Upper,,ACP,Latitude,,,,Longitude,,,,Time
51,-81.30,dBm,-45.68,dBm,25.35,dB,28.99,dB,N,37,33,10.724644,E,126,58,43.978439,2025-10-22-19:58:32
Number,RSSI,,Lower,,Upper,,ACP,Latitude,,,,Longitude,,,,Time
52,-81.02,dBm,-48.60,dBm,19.29,dB,31.64,dB,N,37,33,10.234596,E,126,58,44.441860,2025-10-22-19:58:35
Number,RSSI,,Lower,,Upper,,ACP,Latitude,,,,Longitude,,,,Time
53,-75.77,dBm,-45.93,dBm,21.47,dB,21.91,dB,N,37,33,9.744548,E,126,58,44.905285,2025-10-22-19:58:38
Number,RSSI,,Lower,,Upper,,ACP,Latitude,,,,Longitude,,,,Time
54,-87.55,dBm,-50.15,dBm,29.23,dB,30.91,dB,N,37,33,9.254499,E,126,58,45.368710,2025-10-22-19:58:41
Number,RSSI,,Lower,,Upper,,ACP,Latitude,,,,Longitude,,,,Time
55,-85.89,dBm,-49.38,dBm,19.52,dB,23.14,dB,N,37,33,8.764452,E,126,58,45.832130,2025-10-22-19:58:44
Number,RSSI,,Lower,,Upper,,ACP,Latitude,,,,Longitude,,,,Time
56,-83.02,dBm,-48.72,dBm,24.89,dB,28.03,dB,N,37,33,8.213147,E,126,58,46.295555,2025-10-22-19:58:47
Number,RSSI,,Lower,,Upper,,ACP,Latitude,,,,Longitude,,,,Time
57,-79.69,dBm,-49.45,dBm,31.62,dB,25.28,dB,N,37,33,7.600587,E,126,58,46.913452,2025-10-22-19:58:51
Number,RSSI,,Lower,,Upper,,ACP,Latitude,,,,Longitude,,,,Time
58,-86.62,dBm,-42.04,dBm,34.81,dB,18.66,dB,N,37,33,6.988028,E,126,58,47.299637,2025-10-22-19:58:55
Number,RSSI,,Lower,,Upper,,ACP,Latitude,,,,Longitude,,,,Time
59,-80.97,dBm,-38.21,dBm,24.70,dB,35.76,dB,N,37,33,6.497980,E,126,58,47.840298,2025-10-22-19:59:0
Number,RSSI,,Lower,,Upper,,ACP,Latitude,,,,Longitude,,,,Time
60,-75.92,dBm,-32.94,dBm,37.52,dB,17.65,dB,N,37,33,6.375467,E,126,58,48.612671,2025-10-22-19:59:4
Number,RSSI,,Lower,,Upper,,ACP,Latitude,,,,Longitude,,,,Time
61,-77.58,dBm,-35.68,dBm,23.79,dB,25.63,dB,N,37,33,6.314211,E,126,58,49.230568,2025-10-22-19:59:7
Number,RSSI,,Lower,,Upper,,ACP,Latitude,,,,Longitude,,,,Time
62,-72.40,dBm,-32.46,dBm,32.55,dB,35.47,dB,N,37,33,6.314211,E,126,58,49.848465,2025-10-22-19:59:10
Number,RSSI,,Lower,,Upper,,ACP,Latitude,,,,Longitude,,,,Time
63,-69.31,dBm,-28.77,dBm,32.32,dB,29.68,dB,N,37,33,6.314211,E,126,58,50.466366,2025-10-22-19:59:13
Number,RSSI,,Lower,,Upper,,ACP,Latitude,,,,Longitude,,,,Time
64,-67.15,dBm,-30.14,dBm,36.56,dB,17.50,dB,N,37,33,6.252955,E,126,58,51.084263,2025-10-22-19:59:16
Number,RSSI,,Lower,,Upper,,ACP,Latitude,,,,Longitude,,,,Time
65,-63.87,dBm,-31.70,dBm,32.18,dB,17.52,dB,N,37,33,6.252955,E,126,58,51.702160,2025-10-22-19:59:19
Number,RSSI,,Lower,,Upper,,ACP,Latitude,,,,Longitude,,,,Time
66,-77.81,dBm,-35.72,dBm,33.06,dB,19.09,dB,N,37,33,6.130444,E,126,58,52.397293,2025-10-22-19:59:23
Number,RSSI,,Lower,,Upper,,ACP,Latitude,,,,Longitude,,,,Time
67,-73.80,dBm,-34.20,dBm,35.82,dB,26.56,dB,N,37,33,5.701651,E,126,58,53.015194,2025-10-22-19:59:27
Number,RSSI,,Lower,,Upper,,ACP,Latitude,,,,Longitude,,,,Time
68,-79.18,dBm,-36.26,dBm,41.05,dB,21.74,dB,N,37,33,5.089091,E,126,58,53.324142,2025-10-22-19:59:32
Number,RSSI,,Lower,,Upper,,ACP,Latitude,,,,Longitude,,,,Time
69,-82.27,dBm,-41.63,dBm,38.14,dB,29.32,dB,N,37,33,4.476531,E,126,58,53.401379,2025-10-22-19:59:35
Number,RSSI,,Lower,,Upper,,ACP,Latitude,,,,Longitude,,,,Time
70,-77.61,dBm,-38.72,dBm,42.97,dB,27.22,dB,N,37,33,3.925227,E,126,58,53.401379,2025-10-22-19:59:38
Number,RSSI,,Lower,,Upper,,ACP,Latitude,,,,Longitude,,,,Time
71,-75.33,dBm,-45.47,dBm,32.31,dB,20.93,dB,N,37,33,3.312667,E,126,58,53.015194,2025-10-22-19:59:42
Number,RSSI,,Lower,,Upper,,ACP,Latitude,,,,Longitude,,,,Time
72,-84.94,dBm,-44.14,dBm,32.45,dB,28.84,dB,N,37,33,2.700107,E,126,58,52.937954,2025-10-22-19:59:45
Number,RSSI,,Lower,,Upper,,ACP,Latitude,,,,Longitude,,,,Time
73,-77.97,dBm,-44.26,dBm,23.24,dB,19.04,dB,N,37,33,2.148803,E,126,58,52.937954,2025-10-22-19:59:48
Number,RSSI,,Lower,,Upper,,ACP,Latitude,,,,Longitude,,,,Time
74,-83.45,dBm,-41.21,dBm,43.35,dB,26.04,dB,N,37,33,1.597499,E,126,58,53.092430,2025-10-22-19:59:51
Number,RSSI,,Lower,,Upper,,ACP,Latitude,,,,Longitude,,,,Time
75,-69.23,dBm,-34.99,dBm,36.30,dB,24.47,dB,N,37,33,0.984939,E,126,58,53.246902,2025-10-22-19:59:55
Number,RSSI,,Lower,,Upper,,ACP,Latitude,,,,Longitude,,,,Time
76,-87.83,dBm,-44.76,dBm,29.17,dB,26.75,dB,N,37,33,0.494891,E,126,58,53.401379,2025-10-22-19:59:59
