VIAVI Solutions,JD785B,PLM21190,3.110.023

<Mode>
Spectrum / OTA Route Map
 
Latitude:,37'33"13.93N
Longitude:,126'58"44.13E
Time:,2025-10-22 19:37:54 
 
<Setup>
Center Frequency:,765.000000,MHz
Span:,20.000000,MHz
Start Frequency:,755.000000,MHz
Stop Frequency:,775.000000,MHz
Channel :,5350 FWD
Channel Standard :,Band Global
Preamp:,Off
Attenuation:,15,dB
External Offset:,On,0.000000,dB
Freq Reference:,GPS
Trigger Source:,Internal
Trigger:,Free Run
Mode:,Sweep
Detector:,RMS
RBW [A]:,100 kHz
VBW [A]:,100 kHz
Sweep Time:,10.73 ms
Average:,1
 
Number,RSSI,,Lower,,Upper,,ACP,Latitude,,,,Longitude,,,,Time
0,-72.34,dBm,-37.07,dBm,22.66,dB,19.89,dB,N,37,32,48.794994,E,126,58,52.783482,2025-10-22-19:24:10
Number,RSSI,,Lower,,Upper,,ACP,Latitude,,,,Longitude,,,,Time
1,-77.87,dBm,-40.04,dBm,24.72,dB,20.32,dB,N,37,32,49.407555,E,126,58,53.478615,2025-10-22-19:24:15
Number,RSSI,,Lower,,Upper,,ACP,Latitude,,,,Longitude,,,,Time
2,-81.40,dBm,-38.43,dBm,44.73,dB,27.42,dB,N,37,32,49.897602,E,126,58,54.096512,2025-10-22-19:24:21
Number,RSSI,,Lower,,Upper,,ACP,Latitude,,,,Longitude,,,,Time
3,-73.40,dBm,-29.64,dBm,41.85,dB,25.52,dB,N,37,32,49.836346,E,126,58,54.714413,2025-10-22-19:24:50
Number,RSSI,,Lower,,Upper,,ACP,Latitude,,,,Longitude,,,,Time
4,-81.93,dBm,-37.46,dBm,25.51,dB,30.93,dB,N,37,32,49.652576,E,126,58,55.332310,2025-10-22-19:25:3
Number,RSSI,,Lower,,Upper,,ACP,Latitude,,,,Longitude,,,,Time
5,-75.91,dBm,-35.99,dBm,33.12,dB,28.23,dB,N,37,32,49.407555,E,126,58,56.027443,2025-10-22-19:25:11
Number,RSSI,,Lower,,Upper,,ACP,Latitude,,,,Longitude,,,,Time
6,-67.27,dBm,-32.73,dBm,44.12,dB,23.42,dB,N,37,32,49.346298,E,126,58,56.645340,2025-10-22-19:25:17
Number,RSSI,,Lower,,Upper,,ACP,Latitude,,,,Longitude,,,,Time
7,-75.57,dBm,-35.09,dBm,32.20,dB,21.09,dB,N,37,32,49.591320,E,126,58,57.263241,2025-10-22-19:25:29
Number,RSSI,,Lower,,Upper,,ACP,Latitude,,,,Longitude,,,,Time
8,-68.54,dBm,-36.27,dBm,40.03,dB,19.29,dB,N,37,32,49.775089,E,126,58,58.035610,2025-10-22-19:25:36
Number,RSSI,,Lower,,Upper,,ACP,Latitude,,,,Longitude,,,,Time
9,-75.07,dBm,-39.50,dBm,33.90,dB,23.30,dB,N,37,32,49.713833,E,126,58,58.653507,2025-10-22-19:25:42
Number,RSSI,,Lower,,Upper,,ACP,Latitude,,,,Longitude,,,,Time
10,-80.21,dBm,-38.90,dBm,37.24,dB,26.99,dB,N,37,32,49.468811,E,126,58,59.348644,2025-10-22-19:25:50
Number,RSSI,,Lower,,Upper,,ACP,Latitude,,,,Longitude,,,,Time
11,-76.86,dBm,-36.77,dBm,37.43,dB,31.01,dB,N,37,32,49.162529,E,126,58,59.966541,2025-10-22-19:25:56
Number,RSSI,,Lower,,Upper,,ACP,Latitude,,,,Longitude,,,,Time
12,-80.86,dBm,-46.27,dBm,28.95,dB,20.83,dB,N,37,32,48.488712,E,126,59,0.661677,2025-10-22-19:26:3
Number,RSSI,,Lower,,Upper,,ACP,Latitude,,,,Longitude,,,,Time
13,-82.48,dBm,-42.76,dBm,39.18,dB,19.26,dB,N,37,32,47.998665,E,126,59,1.125100,2025-10-22-19:26:13
Number,RSSI,,Lower,,Upper,,ACP,Latitude,,,,Longitude,,,,Time
14,-82.06,dBm,-52.26,dBm,30.49,dB,20.93,dB,N,37,32,47.508617,E,126,59,1.511286,2025-10-22-19:26:19
Number,RSSI,,Lower,,Upper,,ACP,Latitude,,,,Longitude,,,,Time
15,-86.53,dBm,-49.19,dBm,33.82,dB,25.43,dB,N,37,32,46.957314,E,126,59,1.974709,2025-10-22-19:26:25
Number,RSSI,,Lower,,Upper,,ACP,Latitude,,,,Longitude,,,,Time
16,-87.99,dBm,-44.54,dBm,32.56,dB,28.90,dB,N,37,32,46.467266,E,126,59,2.515370,2025-10-22-19:26:29
Number,RSSI,,Lower,,Upper,,ACP,Latitude,,,,Longitude,,,,Time
17,-77.27,dBm,-51.31,dBm,27.60,dB,22.76,dB,N,37,32,45.915962,E,126,59,3.133267,2025-10-22-19:26:35
Number,RSSI,,Lower,,Upper,,ACP,Latitude,,,,Longitude,,,,Time
18,-86.89,dBm,-46.04,dBm,30.82,dB,28.41,dB,N,37,32,45.425915,E,126,59,3.442216,2025-10-22-19:26:43
Number,RSSI,,Lower,,Upper,,ACP,Latitude,,,,Longitude,,,,Time
19,-88.58,dBm,-49.48,dBm,31.73,dB,27.64,dB,N,37,32,45.180889,E,126,59,2.747082,2025-10-22-19:26:53
Number,RSSI,,Lower,,Upper,,ACP,Latitude,,,,Longitude,,,,Time
20,-80.44,dBm,-45.05,dBm,31.52,dB,22.84,dB,N,37,32,44.997120,E,126,59,1.974709,2025-10-22-19:27:2
Number,RSSI,,Lower,,Upper,,ACP,Latitude,,,,Longitude,,,,Time
21,-76.14,dBm,-42.91,dBm,26.67,dB,28.26,dB,N,37,32,44.813354,E,126,59,1.356812,2025-10-22-19:27:10
Number,RSSI,,Lower,,Upper,,ACP,Latitude,,,,Longitude,,,,Time
22,-84.42,dBm,-44.98,dBm,35.51,dB,21.25,dB,N,37,32,44.262051,E,126,59,1.356812,2025-10-22-19:27:20
Number,RSSI,,Lower,,Upper,,ACP,Latitude,,,,Longitude,,,,Time
23,-83.44,dBm,-44.17,dBm,29.09,dB,28.11,dB,N,37,32,43.771999,E,126,59,1.125100,2025-10-22-19:27:31
Number,RSSI,,Lower,,Upper,,ACP,Latitude,,,,Longitude,,,,Time
24,-75.96,dBm,-38.94,dBm,26.87,dB,25.42,dB,N,37,32,43.220695,E,126,59,0.893388,2025-10-22-19:27:37
Number,RSSI,,Lower,,Upper,,ACP,Latitude,,,,Longitude,,,,Time
25,-77.74,dBm,-44.88,dBm,25.66,dB,29.92,dB,N,37,32,42.669392,E,126,59,0.352728,2025-10-22-19:27:43
Number,RSSI,,Lower,,Upper,,ACP,Latitude,,,,Longitude,,,,Time
26,-75.82,dBm,-42.19,dBm,37.05,dB,23.95,dB,N,37,32,42.301857,E,126,58,59.503117,2025-10-22-19:27:49
Number,RSSI,,Lower,,Upper,,ACP,Latitude,,,,Longitude,,,,Time
27,-75.95,dBm,-34.23,dBm,29.40,dB,36.01,dB,N,37,32,41.689297,E,126,58,58.885220,2025-10-22-19:27:55
Number,RSSI,,Lower,,Upper,,ACP,Latitude,,,,Longitude,,,,Time
28,-82.23,dBm,-41.34,dBm,29.32,dB,22.36,dB,N,37,32,41.260506,E,126,58,58.035610,2025-10-22-19:28:3
Number,RSSI,,Lower,,Upper,,ACP,Latitude,,,,Longitude,,,,Time
29,-73.43,dBm,-40.46,dBm,18.18,dB,36.41,dB,N,37,32,40.892967,E,126,58,57.417713,2025-10-22-19:28:7
Number,RSSI,,Lower,,Upper,,ACP,Latitude,,,,Longitude,,,,Time
30,-76.27,dBm,-47.90,dBm,25.73,dB,34.79,dB,N,37,32,40.464176,E,126,58,56.799816,2025-10-22-19:28:13
Number,RSSI,,Lower,,Upper,,ACP,Latitude,,,,Longitude,,,,Time
31,-82.03,dBm,-46.82,dBm,26.01,dB,23.38,dB,N,37,32,39.974129,E,126,58,56.259155,2025-10-22-19:28:19
Number,RSSI,,Lower,,Upper,,ACP,Latitude,,,,Longitude,,,,Time
32,-71.91,dBm,-44.80,dBm,19.37,dB,27.85,dB,N,37,32,40.096642,E,126,58,55.564022,2025-10-22-19:28:23
Number,RSSI,,Lower,,Upper,,ACP,Latitude,,,,Longitude,,,,Time
33,-72.05,dBm,-39.51,dBm,29.29,dB,31.40,dB,N,37,32,40.647945,E,126,58,55.023361,2025-10-22-19:28:27
Number,RSSI,,Lower,,Upper,,ACP,Latitude,,,,Longitude,,,,Time
34,-88.43,dBm,-48.81,dBm,34.14,dB,32.09,dB,N,37,32,41.137993,E,126,58,54.946121,2025-10-22-19:28:31
Number,RSSI,,Lower,,Upper,,ACP,Latitude,,,,Longitude,,,,Time
35,-84.38,dBm,-46.73,dBm,22.75,dB,20.04,dB,N,37,32,41.750553,E,126,58,54.946121,2025-10-22-19:28:35
Number,RSSI,,Lower,,Upper,,ACP,Latitude,,,,Longitude,,,,Time
36,-78.67,dBm,-43.92,dBm,24.80,dB,22.14,dB,N,37,32,42.301857,E,126,58,54.946121,2025-10-22-19:28:39
Number,RSSI,,Lower,,Upper,,ACP,Latitude,,,,Longitude,,,,Time
37,-83.70,dBm,-46.59,dBm,25.64,dB,27.66,dB,N,37,32,43.036930,E,126,58,54.791649,2025-10-22-19:28:44
Number,RSSI,,Lower,,Upper,,ACP,Latitude,,,,Longitude,,,,Time
38,-81.48,dBm,-46.83,dBm,26.28,dB,29.48,dB,N,37,32,43.526978,E,126,58,54.791649,2025-10-22-19:28:50
Number,RSSI,,Lower,,Upper,,ACP,Latitude,,,,Longitude,,,,Time
39,-82.69,dBm,-45.75,dBm,31.68,dB,35.49,dB,N,37,32,44.017025,E,126,58,54.791649,2025-10-22-19:28:58
Number,RSSI,,Lower,,Upper,,ACP,Latitude,,,,Longitude,,,,Time
40,-84.03,dBm,-46.08,dBm,26.68,dB,24.04,dB,N,37,32,44.690842,E,126,58,54.714413,2025-10-22-19:29:2
Number,RSSI,,Lower,,Upper,,ACP,Latitude,,,,Longitude,,,,Time
41,-76.14,dBm,-41.72,dBm,25.77,dB,16.49,dB,N,37,32,45.303402,E,126,58,54.559937,2025-10-22-19:29:5
Number,RSSI,,Lower,,Upper,,ACP,Latitude,,,,Longitude,,,,Time
42,-81.79,dBm,-47.26,dBm,30.44,dB,24.19,dB,N,37,32,45.854706,E,126,58,54.405460,2025-10-22-19:29:11
Number,RSSI,,Lower,,Upper,,ACP,Latitude,,,,Longitude,,,,Time
43,-75.07,dBm,-41.68,dBm,28.18,dB,18.32,dB,N,37,32,46.406010,E,126,58,54.482700,2025-10-22-19:29:18
Number,RSSI,,Lower,,Upper,,ACP,Latitude,,,,Longitude,,,,Time
44,-79.57,dBm,-46.13,dBm,34.06,dB,28.06,dB,N,37,32,47.141083,E,126,58,53.942039,2025-10-22-19:29:22
Number,RSSI,,Lower,,Upper,,ACP,Latitude,,,,Longitude,,,,Time
45,-75.20,dBm,-39.66,dBm,25.68,dB,16.67,dB,N,37,32,47.692387,E,126,58,53.246902,2025-10-22-19:29:26
Number,RSSI,,Lower,,Upper,,ACP,Latitude,,,,Longitude,,,,Time
46,-85.58,dBm,-46.47,dBm,37.70,dB,24.08,dB,N,37,32,48.182434,E,126,58,52.706242,2025-10-22-19:29:30
Number,RSSI,,Lower,,Upper,,ACP,Latitude,,,,Longitude,,,,Time
47,-72.83,dBm,-39.04,dBm,27.40,dB,31.92,dB,N,37,32,48.733738,E,126,58,52.551769,2025-10-22-19:29:36
Number,RSSI,,Lower,,Upper,,ACP,Latitude,,,,Longitude,,,,Time
48,-68.66,dBm,-35.88,dBm,26.00,dB,25.93,dB,N,37,32,49.285042,E,126,58,53.246902,2025-10-22-19:29:42
Number,RSSI,,Lower,,Upper,,ACP,Latitude,,,,Longitude,,,,Time
49,-83.13,dBm,-36.86,dBm,36.56,dB,27.44,dB,N,37,32,49.713833,E,126,58,53.864803,2025-10-22-19:29:46
Number,RSSI,,Lower,,Upper,,ACP,Latitude,,,,Longitude,,,,Time
50,-82.76,dBm,-38.44,dBm,33.15,dB,31.94,dB,N,37,32,50.203880,E,126,58,54.328224,2025-10-22-19:29:50
Number,RSSI,,Lower,,Upper,,ACP,Latitude,,,,Longitude,,,,Time
51,-78.76,dBm,-34.00,dBm,33.19,dB,25.17,dB,N,37,32,50.693928,E,126,58,54.868885,2025-10-22-19:29:54
Number,RSSI,,Lower,,Upper,,ACP,Latitude,,,,Longitude,,,,Time
52,-70.92,dBm,-33.39,dBm,38.50,dB,21.84,dB,N,37,32,51.245235,E,126,58,55.332310,2025-10-22-19:29:58
Number,RSSI,,Lower,,Upper,,ACP,Latitude,,,,Longitude,,,,Time
53,-81.55,dBm,-45.35,dBm,35.53,dB,21.77,dB,N,37,32,51.857792,E,126,58,56.104679,2025-10-22-19:30:4
Number,RSSI,,Lower,,Upper,,ACP,Latitude,,,,Longitude,,,,Time
54,-80.57,dBm,-45.57,dBm,27.62,dB,20.87,dB,N,37,32,52.347843,E,126,58,56.490868,2025-10-22-19:30:8
Number,RSSI,,Lower,,Upper,,ACP,Latitude,,,,Longitude,,,,Time
55,-73.99,dBm,-36.54,dBm,30.29,dB,21.11,dB,N,37,32,52.837891,E,126,58,56.568104,2025-10-22-19:30:12
Number,RSSI,,Lower,,Upper,,ACP,Latitude,,,,Longitude,,,,Time
56,-73.04,dBm,-40.79,dBm,41.33,dB,31.44,dB,N,37,32,53.327938,E,126,58,56.490868,2025-10-22-19:30:14
Number,RSSI,,Lower,,Upper,,ACP,Latitude,,,,Longitude,,,,Time
57,-80.78,dBm,-41.82,dBm,37.34,dB,23.53,dB,N,37,32,54.001755,E,126,58,56.336391,2025-10-22-19:30:18
Number,RSSI,,Lower,,Upper,,ACP,Latitude,,,,Longitude,,,,Time
58,-71.73,dBm,-41.15,dBm,30.81,dB,28.34,dB,N,37,32,54.553059,E,126,58,56.259155,2025-10-22-19:30:22
Number,RSSI,,Lower,,Upper,,ACP,Latitude,,,,Longitude,,,,Time
59,-81.29,dBm,-44.16,dBm,30.68,dB,30.53,dB,N,37,32,55.104362,E,126,58,56.104679,2025-10-22-19:30:28
Number,RSSI,,Lower,,Upper,,ACP,Latitude,,,,Longitude,,,,Time
60,-73.98,dBm,-30.16,dBm,41.21,dB,28.39,dB,N,37,32,55.716923,E,126,58,55.795731,2025-10-22-19:30:31
Number,RSSI,,Lower,,Upper,,ACP,Latitude,,,,Longitude,,,,Time
61,-74.31,dBm,-35.37,dBm,40.42,dB,23.95,dB,N,37,32,56.268227,E,126,58,55.564022,2025-10-22-19:30:35
Number,RSSI,,Lower,,Upper,,ACP,Latitude,,,,Longitude,,,,Time
62,-71.25,dBm,-26.78,dBm,43.62,dB,23.49,dB,N,37,32,57.187065,E,126,58,55.023361,2025-10-22-19:30:39
Number,RSSI,,Lower,,Upper,,ACP,Latitude,,,,Longitude,,,,Time
63,-71.89,dBm,-28.63,dBm,54.76,dB,23.88,dB,N,37,32,57.738369,E,126,58,54.868885,2025-10-22-19:30:41
Number,RSSI,,Lower,,Upper,,ACP,Latitude,,,,Longitude,,,,Time
64,-80.14,dBm,-38.04,dBm,23.75,dB,28.86,dB,N,37,32,58.657211,E,126,58,54.482700,2025-10-22-19:30:45
Number,RSSI,,Lower,,Upper,,ACP,Latitude,,,,Longitude,,,,Time
65,-79.29,dBm,-34.96,dBm,37.54,dB,20.72,dB,N,37,32,59.208515,E,126,58,54.250988,2025-10-22-19:30:53
Number,RSSI,,Lower,,Upper,,ACP,Latitude,,,,Longitude,,,,Time
66,-78.16,dBm,-39.08,dBm,41.35,dB,26.23,dB,N,37,32,59.698563,E,126,58,54.019276,2025-10-22-19:31:1
Number,RSSI,,Lower,,Upper,,ACP,Latitude,,,,Longitude,,,,Time
67,-80.50,dBm,-37.54,dBm,33.31,dB,30.40,dB,N,37,33,0.188611,E,126,58,54.019276,2025-10-22-19:31:6
Number,RSSI,,Lower,,Upper,,ACP,Latitude,,,,Longitude,,,,Time
68,-81.72,dBm,-39.46,dBm,41.04,dB,34.00,dB,N,37,33,0.678659,E,126,58,53.864803,2025-10-22-19:31:9
Number,RSSI,,Lower,,Upper,,ACP,Latitude,,,,Longitude,,,,Time
69,-76.99,dBm,-40.20,dBm,30.61,dB,24.03,dB,N,37,33,1.168707,E,126,58,53.710327,2025-10-22-19:31:13
Number,RSSI,,Lower,,Upper,,ACP,Latitude,,,,Longitude,,,,Time
70,-74.96,dBm,-40.25,dBm,37.49,dB,20.99,dB,N,37,33,1.658755,E,126,58,53.633091,2025-10-22-19:31:17
Number,RSSI,,Lower,,Upper,,ACP,Latitude,,,,Longitude,,,,Time
71,-82.72,dBm,-45.99,dBm,29.53,dB,31.12,dB,N,37,33,2.148803,E,126,58,53.710327,2025-10-22-19:31:21
Number,RSSI,,Lower,,Upper,,ACP,Latitude,,,,Longitude,,,,Time
72,-76.60,dBm,-47.47,dBm,34.84,dB,30.93,dB,N,37,33,2.638851,E,126,58,53.942039,2025-10-22-19:31:25
Number,RSSI,,Lower,,Upper,,ACP,Latitude,,,,Longitude,,,,Time
73,-75.59,dBm,-45.63,dBm,22.13,dB,28.81,dB,N,37,33,3.190155,E,126,58,54.173752,2025-10-22-19:31:29
Number,RSSI,,Lower,,Upper,,ACP,Latitude,,,,Longitude,,,,Time
74,-80.54,dBm,-39.12,dBm,37.51,dB,28.17,dB,N,37,33,3.741459,E,126,58,54.173752,2025-10-22-19:31:33
Number,RSSI,,Lower,,Upper,,ACP,Latitude,,,,Longitude,,,,Time
75,-80.76,dBm,-37.87,dBm,32.11,dB,24.01,dB,N,37,33,4.415275,E,126,58,53.864803,2025-10-22-19:31:37
Number,RSSI,,Lower,,Upper,,ACP,Latitude,,,,Longitude,,,,Time
76,-79.06,dBm,-39.19,dBm,39.00,dB,34.73,dB,N,37,33,5.089091,E,126,58,53.401379,2025-10-22-19:31:41
Number,RSSI,,Lower,,Upper,,ACP,Latitude,,,,Longitude,,,,Time
77,-70.67,dBm,-36.98,dBm,37.69,dB,22.40,dB,N,37,33,5.579139,E,126,58,53.092430,2025-10-22-19:31:46
Number,RSSI,,Lower,,Upper,,ACP,Latitude,,,,Longitude,,,,Time
78,-80.75,dBm,-41.79,dBm,29.00,dB,33.50,dB,N,37,33,5.885419,E,126,58,52.474533,2025-10-22-19:32:6
Number,RSSI,,Lower,,Upper,,ACP,Latitude,,,,Longitude,,,,Time
79,-75.91,dBm,-31.89,dBm,32.63,dB,38.76,dB,N,37,33,5.946675,E,126,58,51.624924,2025-10-22-19:32:12
Number,RSSI,,Lower,,Upper,,ACP,Latitude,,,,Longitude,,,,Time
80,-67.21,dBm,-33.95,dBm,38.56,dB,19.83,dB,N,37,33,5.946675,E,126,58,50.929787,2025-10-22-19:32:16
Number,RSSI,,Lower,,Upper,,ACP,Latitude,,,,Longitude,,,,Time
81,-72.83,dBm,-33.34,dBm,46.51,dB,28.07,dB,N,37,33,6.007931,E,126,58,50.157413,2025-10-22-19:32:20
Number,RSSI,,Lower,,Upper,,ACP,Latitude,,,,Longitude,,,,Time
82,-76.40,dBm,-33.81,dBm,31.19,dB,28.18,dB,N,37,33,6.007931,E,126,58,49.462280,2025-10-22-19:32:23
Number,RSSI,,Lower,,Upper,,ACP,Latitude,,,,Longitude,,,,Time
83,-78.16,dBm,-40.68,dBm,17.62,dB,21.46,dB,N,37,33,6.069187,E,126,58,48.767147,2025-10-22-19:32:26
Number,RSSI,,Lower,,Upper,,ACP,Latitude,,,,Longitude,,,,Time
84,-78.54,dBm,-41.80,dBm,41.44,dB,27.96,dB,N,37,33,6.436723,E,126,58,47.994774,2025-10-22-19:32:30
Number,RSSI,,Lower,,Upper,,ACP,Latitude,,,,Longitude,,,,Time
85,-86.22,dBm,-49.35,dBm,32.58,dB,24.12,dB,N,37,33,7.110539,E,126,58,47.454113,2025-10-22-19:32:34
Number,RSSI,,Lower,,Upper,,ACP,Latitude,,,,Longitude,,,,Time
86,-81.82,dBm,-50.81,dBm,26.76,dB,29.18,dB,N,37,33,7.723100,E,126,58,46.913452,2025-10-22-19:32:38
Number,RSSI,,Lower,,Upper,,ACP,Latitude,,,,Longitude,,,,Time
87,-85.41,dBm,-48.82,dBm,22.44,dB,21.60,dB,N,37,33,8.274404,E,126,58,46.372791,2025-10-22-19:32:42
Number,RSSI,,Lower,,Upper,,ACP,Latitude,,,,Longitude,,,,Time
88,-83.54,dBm,-48.15,dBm,25.27,dB,24.49,dB,N,37,33,8.825707,E,126,58,45.832130,2025-10-22-19:32:46
Number,RSSI,,Lower,,Upper,,ACP,Latitude,,,,Longitude,,,,Time
89,-76.36,dBm,-48.37,dBm,24.35,dB,23.29,dB,N,37,33,9.622036,E,126,58,45.136997,2025-10-22-19:32:52
Number,RSSI,,Lower,,Upper,,ACP,Latitude,,,,Longitude,,,,Time
90,-86.16,dBm,-49.84,dBm,38.10,dB,24.87,dB,N,37,33,10.234596,E,126,58,44.596336,2025-10-22-19:32:56
Number,RSSI,,Lower,,Upper,,ACP,Latitude,,,,Longitude,,,,Time
91,-80.81,dBm,-45.31,dBm,21.56,dB,35.46,dB,N,37,33,10.724644,E,126,58,44.132912,2025-10-22-19:32:59
Number,RSSI,,Lower,,Upper,,ACP,Latitude,,,,Longitude,,,,Time
92,-85.21,dBm,-44.40,dBm,21.64,dB,34.71,dB,N,37,33,11.337204,E,126,58,43.592251,2025-10-22-19:33:5
Number,RSSI,,Lower,,Upper,,ACP,Latitude,,,,Longitude,,,,Time
93,-76.20,dBm,-44.90,dBm,32.06,dB,35.88,dB,N,37,33,12.072276,E,126,58,43.592251,2025-10-22-19:33:11
Number,RSSI,,Lower,,Upper,,ACP,Latitude,,,,Longitude,,,,Time
94,-83.60,dBm,-48.24,dBm,27.94,dB,23.31,dB,N,37,33,12.807348,E,126,58,43.592251,2025-10-22-19:33:15
Number,RSSI,,Lower,,Upper,,ACP,Latitude,,,,Longitude,,,,Time
95,-82.71,dBm,-42.15,dBm,30.17,dB,38.20,dB,N,37,33,13.297397,E,126,58,43.592251,2025-10-22-19:33:17
Number,RSSI,,Lower,,Upper,,ACP,Latitude,,,,Longitude,,,,Time
96,-85.94,dBm,-48.65,dBm,22.79,dB,27.79,dB,N,37,33,12.746092,E,126,58,43.901199,2025-10-22-19:33:40
Number,RSSI,,Lower,,Upper,,ACP,Latitude,,,,Longitude,,,,Time
97,-80.10,dBm,-45.99,dBm,21.93,dB,42.55,dB,N,37,33,11.765996,E,126,58,44.287388,2025-10-22-19:33:44
Number,RSSI,,Lower,,Upper,,ACP,Latitude,,,,Longitude,,,,Time
98,-80.53,dBm,-41.30,dBm,30.32,dB,34.87,dB,N,37,33,11.337204,E,126,58,44.905285,2025-10-22-19:33:48
Number,RSSI,,Lower,,Upper,,ACP,Latitude,,,,Longitude,,,,Time
99,-84.02,dBm,-46.00,dBm,23.68,dB,26.12,dB,N,37,33,11.643484,E,126,58,45.523182,2025-10-22-19:33:54
Number,RSSI,,Lower,,Upper,,ACP,Latitude,,,,Longitude,,,,Time
100,-86.09,dBm,-48.75,dBm,27.29,dB,22.37,dB,N,37,33,12.439812,E,126,58,45.677658,2025-10-22-19:33:58
Number,RSSI,,Lower,,Upper,,ACP,Latitude,,,,Longitude,,,,Time
101,-83.44,dBm,-45.47,dBm,29.67,dB,36.77,dB,N,37,33,13.236140,E,126,58,46.063843,2025-10-22-19:34:2
Number,RSSI,,Lower,,Upper,,ACP,Latitude,,,,Longitude,,,,Time
102,-81.30,dBm,-47.53,dBm,15.58,dB,29.52,dB,N,37,33,13.726189,E,126,58,46.295555,2025-10-22-19:34:6
Number,RSSI,,Lower,,Upper,,ACP,Latitude,,,,Longitude,,,,Time
103,-82.40,dBm,-48.62,dBm,26.32,dB,32.69,dB,N,37,33,14.400004,E,126,58,46.681740,2025-10-22-19:34:12
Number,RSSI,,Lower,,Upper,,ACP,Latitude,,,,Longitude,,,,Time
104,-78.27,dBm,-42.80,dBm,24.02,dB,20.77,dB,N,37,33,15.012565,E,126,58,47.145164,2025-10-22-19:34:15
Number,RSSI,,Lower,,Upper,,ACP,Latitude,,,,Longitude,,,,Time
105,-79.26,dBm,-54.90,dBm,21.35,dB,25.89,dB,N,37,33,15.502612,E,126,58,47.685825,2025-10-22-19:34:18
Number,RSSI,,Lower,,Upper,,ACP,Latitude,,,,Longitude,,,,Time
106,-65.14,dBm,-34.91,dBm,23.14,dB,25.14,dB,N,37,33,16.176428,E,126,58,48.612671,2025-10-22-19:34:24
Number,RSSI,,Lower,,Upper,,ACP,Latitude,,,,Longitude,,,,Time
107,-89.61,dBm,-52.54,dBm,24.06,dB,25.04,dB,N,37,33,16.727732,E,126,58,49.771229,2025-10-22-19:34:28
Number,RSSI,,Lower,,Upper,,ACP,Latitude,,,,Longitude,,,,Time
108,-83.19,dBm,-52.77,dBm,27.00,dB,29.45,dB,N,37,33,16.972757,E,126,58,50.389126,2025-10-22-19:34:30
Number,RSSI,,Lower,,Upper,,ACP,Latitude,,,,Longitude,,,,Time
109,-80.44,dBm,-49.08,dBm,17.59,dB,19.15,dB,N,37,33,17.156525,E,126,58,51.161499,2025-10-22-19:34:32
Number,RSSI,,Lower,,Upper,,ACP,Latitude,,,,Longitude,,,,Time
110,-81.31,dBm,-48.34,dBm,24.86,dB,19.63,dB,N,37,33,17.340292,E,126,58,51.779396,2025-10-22-19:34:36
Number,RSSI,,Lower,,Upper,,ACP,Latitude,,,,Longitude,,,,Time
111,-71.22,dBm,-40.36,dBm,30.94,dB,21.67,dB,N,37,33,17.891596,E,126,58,51.702160,2025-10-22-19:34:40
Number,RSSI,,Lower,,Upper,,ACP,Latitude,,,,Longitude,,,,Time
112,-73.91,dBm,-37.22,dBm,31.22,dB,24.46,dB,N,37,33,18.381645,E,126,58,51.007023,2025-10-22-19:34:44
Number,RSSI,,Lower,,Upper,,ACP,Latitude,,,,Longitude,,,,Time
113,-71.52,dBm,-38.19,dBm,24.72,dB,26.86,dB,N,37,33,18.749182,E,126,58,50.389126,2025-10-22-19:34:48
Number,RSSI,,Lower,,Upper,,ACP,Latitude,,,,Longitude,,,,Time
114,-75.95,dBm,-39.31,dBm,27.72,dB,23.07,dB,N,37,33,19.177973,E,126,58,49.693993,2025-10-22-19:34:50
Number,RSSI,,Lower,,Upper,,ACP,Latitude,,,,Longitude,,,,Time
115,-71.94,dBm,-39.26,dBm,17.98,dB,37.18,dB,N,37,33,19.606766,E,126,58,48.921619,2025-10-22-19:34:54
Number,RSSI,,Lower,,Upper,,ACP,Latitude,,,,Longitude,,,,Time
116,-80.37,dBm,-40.33,dBm,28.98,dB,33.22,dB,N,37,33,20.341837,E,126,58,47.763062,2025-10-22-19:34:58
Number,RSSI,,Lower,,Upper,,ACP,Latitude,,,,Longitude,,,,Time
117,-75.91,dBm,-37.92,dBm,24.09,dB,22.56,dB,N,37,33,20.709373,E,126,58,47.067928,2025-10-22-19:35:2
Number,RSSI,,Lower,,Upper,,ACP,Latitude,,,,Longitude,,,,Time
118,-76.58,dBm,-39.70,dBm,23.39,dB,30.10,dB,N,37,33,21.138165,E,126,58,46.372791,2025-10-22-19:35:4
Number,RSSI,,Lower,,Upper,,ACP,Latitude,,,,Longitude,,,,Time
119,-77.82,dBm,-41.21,dBm,27.61,dB,28.96,dB,N,37,33,21.566957,E,126,58,45.677658,2025-10-22-19:35:7
Number,RSSI,,Lower,,Upper,,ACP,Latitude,,,,Longitude,,,,Time
120,-77.16,dBm,-38.58,dBm,23.55,dB,27.39,dB,N,37,33,21.934494,E,126,58,44.905285,2025-10-22-19:35:10
Number,RSSI,,Lower,,Upper,,ACP,Latitude,,,,Longitude,,,,Time
121,-79.25,dBm,-40.69,dBm,33.48,dB,30.01,dB,N,37,33,22.179518,E,126,58,44.210148,2025-10-22-19:35:13
Number,RSSI,,Lower,,Upper,,ACP,Latitude,,,,Longitude,,,,Time
122,-74.22,dBm,-44.43,dBm,17.58,dB,21.61,dB,N,37,33,22.057005,E,126,58,43.051590,2025-10-22-19:35:17
Number,RSSI,,Lower,,Upper,,ACP,Latitude,,,,Longitude,,,,Time
123,-92.17,dBm,-39.29,dBm,29.17,dB,21.56,dB,N,37,33,21.934494,E,126,58,41.661320,2025-10-22-19:35:21
Number,RSSI,,Lower,,Upper,,ACP,Latitude,,,,Longitude,,,,Time
124,-72.20,dBm,-37.78,dBm,29.00,dB,26.07,dB,N,37,33,21.811981,E,126,58,40.657238,2025-10-22-19:35:25
Number,RSSI,,Lower,,Upper,,ACP,Latitude,,,,Longitude,,,,Time
125,-77.39,dBm,-35.30,dBm,26.52,dB,29.14,dB,N,37,33,21.750725,E,126,58,40.039341,2025-10-22-19:35:27
Number,RSSI,,Lower,,Upper,,ACP,Latitude,,,,Longitude,,,,Time
126,-71.16,dBm,-35.12,dBm,28.35,dB,29.89,dB,N,37,33,21.628214,E,126,58,38.958019,2025-10-22-19:35:31
Number,RSSI,,Lower,,Upper,,ACP,Latitude,,,,Longitude,,,,Time
127,-69.54,dBm,-38.91,dBm,27.49,dB,41.20,dB,N,37,33,21.566957,E,126,58,38.340122,2025-10-22-19:35:39
Number,RSSI,,Lower,,Upper,,ACP,Latitude,,,,Longitude,,,,Time
128,-71.63,dBm,-38.07,dBm,27.38,dB,23.06,dB,N,37,33,21.383188,E,126,58,37.722225,2025-10-22-19:36:24
Number,RSSI,,Lower,,Upper,,ACP,Latitude,,,,Longitude,,,,Time
129,-67.47,dBm,-37.86,dBm,18.71,dB,20.09,dB,N,37,33,20.893141,E,126,58,37.027088,2025-10-22-19:36:27
Number,RSSI,,Lower,,Upper,,ACP,Latitude,,,,Longitude,,,,Time
130,-72.49,dBm,-32.81,dBm,20.51,dB,34.94,dB,N,37,33,20.158070,E,126,58,36.254715,2025-10-22-19:36:30
Number,RSSI,,Lower,,Upper,,ACP,Latitude,,,,Longitude,,,,Time
131,-65.12,dBm,-33.56,dBm,25.62,dB,25.62,dB,N,37,33,19.668020,E,126,58,36.100243,2025-10-22-19:36:32
Number,RSSI,,Lower,,Upper,,ACP,Latitude,,,,Longitude,,,,Time
132,-66.53,dBm,-31.17,dBm,16.51,dB,32.24,dB,N,37,33,18.994205,E,126,58,36.254715,2025-10-22-19:36:36
Number,RSSI,,Lower,,Upper,,ACP,Latitude,,,,Longitude,,,,Time
133,-75.59,dBm,-34.33,dBm,31.17,dB,34.20,dB,N,37,33,18.504156,E,126,58,36.795376,2025-10-22-19:36:39
Number,RSSI,,Lower,,Upper,,ACP,Latitude,,,,Longitude,,,,Time
134,-64.06,dBm,-32.76,dBm,26.03,dB,33.69,dB,N,37,33,18.136621,E,126,58,37.413273,2025-10-22-19:36:42
Number,RSSI,,Lower,,Upper,,ACP,Latitude,,,,Longitude,,,,Time
135,-71.79,dBm,-32.36,dBm,19.84,dB,27.06,dB,N,37,33,17.707829,E,126,58,38.262882,2025-10-22-19:36:45
Number,RSSI,,Lower,,Upper,,ACP,Latitude,,,,Longitude,,,,Time
136,-77.45,dBm,-34.38,dBm,30.66,dB,23.73,dB,N,37,33,17.279037,E,126,58,39.112492,2025-10-22-19:36:48
Number,RSSI,,Lower,,Upper,,ACP,Latitude,,,,Longitude,,,,Time
137,-79.96,dBm,-38.71,dBm,30.71,dB,30.20,dB,N,37,33,16.850245,E,126,58,39.730392,2025-10-22-19:36:50
Number,RSSI,,Lower,,Upper,,ACP,Latitude,,,,Longitude,,,,Time
138,-74.47,dBm,-39.24,dBm,29.72,dB,29.82,dB,N,37,33,16.360197,E,126,58,40.580002,2025-10-22-19:36:53
Number,RSSI,,Lower,,Upper,,ACP,Latitude,,,,Longitude,,,,Time
139,-79.40,dBm,-39.82,dBm,25.24,dB,29.06,dB,N,37,33,15.992661,E,126,58,41.197899,2025-10-22-19:36:55
Number,RSSI,,Lower,,Upper,,ACP,Latitude,,,,Longitude,,,,Time
140,-84.80,dBm,-40.40,dBm,21.86,dB,28.20,dB,N,37,33,15.686380,E,126,58,41.815796,2025-10-22-19:36:57
Number,RSSI,,Lower,,Upper,,ACP,Latitude,,,,Longitude,,,,Time
141,-76.29,dBm,-42.25,dBm,23.85,dB,19.61,dB,N,37,33,15.196332,E,126,58,42.588169,2025-10-22-19:37:0
Number,RSSI,,Lower,,Upper,,ACP,Latitude,,,,Longitude,,,,Time
142,-86.68,dBm,-44.30,dBm,27.02,dB,37.23,dB,N,37,33,14.706285,E,126,58,43.360538,2025-10-22-19:37:3
Number,RSSI,,Lower,,Upper,,ACP,Latitude,,,,Longitude,,,,Time
143,-77.45,dBm,-39.41,dBm,22.18,dB,30.62,dB,N,37,33,14.154981,E,126,58,43.978439,2025-10-22-19:37:9
